ISO-10303-21;
HEADER;
FILE_DESCRIPTION(('CATIA V5 STEP','CAx-IF Rec.Pracs.--- Model Styling and Organization---1.2---2011-12-15'),'2;1');

FILE_NAME('I:\\isr\\design\\admin8\\users\\raheeb_a\\3260083 D.stp','2016-07-06T12:02:56+00:00',('none'),('none'),'CATIA Version 5 Release 21 SP 5 (IN-10)','CATIA V5 STEP AP214','none');

FILE_SCHEMA(('AUTOMOTIVE_DESIGN { 1 0 10303 214 1 1 1 1 }'));

ENDSEC;
DATA;
#5=PRODUCT('DCN 190-057-25A-3D','','',(#2)) ;
#2=PRODUCT_CONTEXT(' ',#1,'mechanical') ;
#1=APPLICATION_CONTEXT('automotive design') ;
#10=PRODUCT_DEFINITION('',' ',#6,#3) ;
#3=PRODUCT_DEFINITION_CONTEXT('part definition',#1,' ') ;
#11=PRODUCT_DEFINITION_SHAPE(' ',' ',#10) ;
#5761=MECHANICAL_DESIGN_GEOMETRIC_PRESENTATION_REPRESENTATION(' ',(#30),#17) ;
#20=SHAPE_REPRESENTATION(' ',(#19),#17) ;
#19=AXIS2_PLACEMENT_3D(' ',#18,$,$) ;
#35=AXIS2_PLACEMENT_3D('Plane Axis2P3D',#32,#33,#34) ;
#39=AXIS2_PLACEMENT_3D('Circle Axis2P3D',#37,#38,$) ;
#48=AXIS2_PLACEMENT_3D('Circle Axis2P3D',#46,#47,$) ;
#59=AXIS2_PLACEMENT_3D('Cylinder Axis2P3D',#56,#57,#58) ;
#177=AXIS2_PLACEMENT_3D('Cone Axis2P3D',#174,#175,#176) ;
#197=AXIS2_PLACEMENT_3D('Circle Axis2P3D',#195,#196,$) ;
#212=AXIS2_PLACEMENT_3D('Circle Axis2P3D',#210,#211,$) ;
#317=AXIS2_PLACEMENT_3D('Cylinder Axis2P3D',#314,#315,#316) ;
#328=AXIS2_PLACEMENT_3D('Circle Axis2P3D',#326,#327,$) ;
#347=AXIS2_PLACEMENT_3D('Circle Axis2P3D',#345,#346,$) ;
#365=AXIS2_PLACEMENT_3D('Cylinder Axis2P3D',#362,#363,#364) ;
#369=AXIS2_PLACEMENT_3D('Circle Axis2P3D',#367,#368,$) ;
#395=AXIS2_PLACEMENT_3D('Circle Axis2P3D',#393,#394,$) ;
#408=AXIS2_PLACEMENT_3D('Cone Axis2P3D',#405,#406,#407) ;
#426=AXIS2_PLACEMENT_3D('Circle Axis2P3D',#424,#425,$) ;
#439=AXIS2_PLACEMENT_3D('Cone Axis2P3D',#436,#437,#438) ;
#443=AXIS2_PLACEMENT_3D('Circle Axis2P3D',#441,#442,$) ;
#456=AXIS2_PLACEMENT_3D('Plane Axis2P3D',#453,#454,#455) ;
#469=AXIS2_PLACEMENT_3D('Circle Axis2P3D',#467,#468,$) ;
#476=AXIS2_PLACEMENT_3D('Circle Axis2P3D',#474,#475,$) ;
#492=AXIS2_PLACEMENT_3D('Cone Axis2P3D',#489,#490,#491) ;
#503=AXIS2_PLACEMENT_3D('Circle Axis2P3D',#501,#502,$) ;
#524=AXIS2_PLACEMENT_3D('Plane Axis2P3D',#521,#522,#523) ;
#528=AXIS2_PLACEMENT_3D('Circle Axis2P3D',#526,#527,$) ;
#537=AXIS2_PLACEMENT_3D('Circle Axis2P3D',#535,#536,$) ;
#556=AXIS2_PLACEMENT_3D('Cylinder Axis2P3D',#553,#554,#555) ;
#611=AXIS2_PLACEMENT_3D('Plane Axis2P3D',#608,#609,#610) ;
#644=AXIS2_PLACEMENT_3D('Circle Axis2P3D',#642,#643,$) ;
#657=AXIS2_PLACEMENT_3D('Cylinder Axis2P3D',#654,#655,#656) ;
#668=AXIS2_PLACEMENT_3D('Circle Axis2P3D',#666,#667,$) ;
#690=AXIS2_PLACEMENT_3D('Circle Axis2P3D',#688,#689,$) ;
#706=AXIS2_PLACEMENT_3D('Cone Axis2P3D',#703,#704,#705) ;
#717=AXIS2_PLACEMENT_3D('Circle Axis2P3D',#715,#716,$) ;
#736=AXIS2_PLACEMENT_3D('Circle Axis2P3D',#734,#735,$) ;
#749=AXIS2_PLACEMENT_3D('Cylinder Axis2P3D',#746,#747,#748) ;
#760=AXIS2_PLACEMENT_3D('Circle Axis2P3D',#758,#759,$) ;
#779=AXIS2_PLACEMENT_3D('Circle Axis2P3D',#777,#778,$) ;
#792=AXIS2_PLACEMENT_3D('Torus Axis2P3D',#789,#790,#791) ;
#796=AXIS2_PLACEMENT_3D('Circle Axis2P3D',#794,#795,$) ;
#803=AXIS2_PLACEMENT_3D('Circle Axis2P3D',#801,#802,$) ;
#810=AXIS2_PLACEMENT_3D('Circle Axis2P3D',#808,#809,$) ;
#822=AXIS2_PLACEMENT_3D('Circle Axis2P3D',#820,#821,$) ;
#835=AXIS2_PLACEMENT_3D('Cone Axis2P3D',#832,#833,#834) ;
#846=AXIS2_PLACEMENT_3D('Circle Axis2P3D',#844,#845,$) ;
#865=AXIS2_PLACEMENT_3D('Circle Axis2P3D',#863,#864,$) ;
#878=AXIS2_PLACEMENT_3D('Plane Axis2P3D',#875,#876,#877) ;
#932=AXIS2_PLACEMENT_3D('Cone Axis2P3D',#929,#930,#931) ;
#936=AXIS2_PLACEMENT_3D('Circle Axis2P3D',#934,#935,$) ;
#952=AXIS2_PLACEMENT_3D('Circle Axis2P3D',#950,#951,$) ;
#973=AXIS2_PLACEMENT_3D('Plane Axis2P3D',#970,#971,#972) ;
#984=AXIS2_PLACEMENT_3D('Circle Axis2P3D',#982,#983,$) ;
#1000=AXIS2_PLACEMENT_3D('Cylinder Axis2P3D',#997,#998,#999) ;
#1040=AXIS2_PLACEMENT_3D('Cylinder Axis2P3D',#1037,#1038,#1039) ;
#1066=AXIS2_PLACEMENT_3D('Cone Axis2P3D',#1063,#1064,#1065) ;
#1080=AXIS2_PLACEMENT_3D('Circle Axis2P3D',#1078,#1079,$) ;
#1099=AXIS2_PLACEMENT_3D('Circle Axis2P3D',#1097,#1098,$) ;
#1120=AXIS2_PLACEMENT_3D('Cylinder Axis2P3D',#1117,#1118,#1119) ;
#1134=AXIS2_PLACEMENT_3D('Circle Axis2P3D',#1132,#1133,$) ;
#1402=AXIS2_PLACEMENT_3D('Cylinder Axis2P3D',#1399,#1400,#1401) ;
#1413=AXIS2_PLACEMENT_3D('Circle Axis2P3D',#1411,#1412,$) ;
#1437=AXIS2_PLACEMENT_3D('Circle Axis2P3D',#1435,#1436,$) ;
#1480=AXIS2_PLACEMENT_3D('Plane Axis2P3D',#1477,#1478,#1479) ;
#1510=AXIS2_PLACEMENT_3D('Plane Axis2P3D',#1507,#1508,#1509) ;
#1514=AXIS2_PLACEMENT_3D('Circle Axis2P3D',#1512,#1513,$) ;
#1536=AXIS2_PLACEMENT_3D('Circle Axis2P3D',#1534,#1535,$) ;
#1560=AXIS2_PLACEMENT_3D('Plane Axis2P3D',#1557,#1558,#1559) ;
#1591=AXIS2_PLACEMENT_3D('Cylinder Axis2P3D',#1588,#1589,#1590) ;
#1603=AXIS2_PLACEMENT_3D('Circle Axis2P3D',#1601,#1602,$) ;
#1631=AXIS2_PLACEMENT_3D('Circle Axis2P3D',#1629,#1630,$) ;
#2033=AXIS2_PLACEMENT_3D('Circle Axis2P3D',#2031,#2032,$) ;
#2342=AXIS2_PLACEMENT_3D('Sphere Axis2P3D',#2339,#2340,#2341) ;
#2376=AXIS2_PLACEMENT_3D('Circle Axis2P3D',#2374,#2375,$) ;
#2383=AXIS2_PLACEMENT_3D('Circle Axis2P3D',#2381,#2382,$) ;
#2388=AXIS2_PLACEMENT_3D('Circle Axis2P3D',#2386,#2387,$) ;
#2404=AXIS2_PLACEMENT_3D('Cylinder Axis2P3D',#2401,#2402,#2403) ;
#2451=AXIS2_PLACEMENT_3D('Circle Axis2P3D',#2449,#2450,$) ;
#2586=AXIS2_PLACEMENT_3D('Circle Axis2P3D',#2584,#2585,$) ;
#2602=AXIS2_PLACEMENT_3D('Torus Axis2P3D',#2599,#2600,#2601) ;
#2606=AXIS2_PLACEMENT_3D('Circle Axis2P3D',#2604,#2605,$) ;
#2800=AXIS2_PLACEMENT_3D('Cylinder Axis2P3D',#2797,#2798,#2799) ;
#2804=AXIS2_PLACEMENT_3D('Circle Axis2P3D',#2802,#2803,$) ;
#2826=AXIS2_PLACEMENT_3D('Cylinder Axis2P3D',#2823,#2824,#2825) ;
#2840=AXIS2_PLACEMENT_3D('Circle Axis2P3D',#2838,#2839,$) ;
#2855=AXIS2_PLACEMENT_3D('Circle Axis2P3D',#2853,#2854,$) ;
#2868=AXIS2_PLACEMENT_3D('Plane Axis2P3D',#2865,#2866,#2867) ;
#2918=AXIS2_PLACEMENT_3D('Plane Axis2P3D',#2915,#2916,#2917) ;
#2938=AXIS2_PLACEMENT_3D('Circle Axis2P3D',#2936,#2937,$) ;
#3475=AXIS2_PLACEMENT_3D('Circle Axis2P3D',#3473,#3474,$) ;
#3487=AXIS2_PLACEMENT_3D('Sphere Axis2P3D',#3484,#3485,#3486) ;
#3519=AXIS2_PLACEMENT_3D('Circle Axis2P3D',#3517,#3518,$) ;
#3573=AXIS2_PLACEMENT_3D('Circle Axis2P3D',#3571,#3572,$) ;
#3612=AXIS2_PLACEMENT_3D('Circle Axis2P3D',#3610,#3611,$) ;
#4432=AXIS2_PLACEMENT_3D('Circle Axis2P3D',#4430,#4431,$) ;
#5426=AXIS2_PLACEMENT_3D('Circle Axis2P3D',#5424,#5425,$) ;
#5440=AXIS2_PLACEMENT_3D('Circle Axis2P3D',#5438,#5439,$) ;
#5455=AXIS2_PLACEMENT_3D('Circle Axis2P3D',#5453,#5454,$) ;
#5578=AXIS2_PLACEMENT_3D('Circle Axis2P3D',#5576,#5577,$) ;
#5601=AXIS2_PLACEMENT_3D('Plane Axis2P3D',#5598,#5599,#5600) ;
#5673=AXIS2_PLACEMENT_3D('Cylinder Axis2P3D',#5670,#5671,#5672) ;
#5713=AXIS2_PLACEMENT_3D('Cylinder Axis2P3D',#5710,#5711,#5712) ;
#5746=AXIS2_PLACEMENT_3D('PCS',#5743,#5744,#5745) ;
#5752=AXIS2_PLACEMENT_3D('MCS',#5749,#5750,#5751) ;
#5756=AXIS2_PLACEMENT_3D('CIP',#5753,#5754,#5755) ;
#5760=AXIS2_PLACEMENT_3D('CSW',#5757,#5758,#5759) ;
#18=CARTESIAN_POINT(' ',(0.,0.,0.)) ;
#32=CARTESIAN_POINT('Axis2P3D Location',(0.,0.,40.)) ;
#37=CARTESIAN_POINT('Axis2P3D Location',(-5.05367171414,4.24504493677,40.)) ;
#41=CARTESIAN_POINT('Vertex',(-4.93092304518,5.63965339948,40.)) ;
#43=CARTESIAN_POINT('Vertex',(-5.1764203831,2.85043647406,40.)) ;
#46=CARTESIAN_POINT('Axis2P3D Location',(-5.05367171414,4.24504493677,40.)) ;
#56=CARTESIAN_POINT('Axis2P3D Location',(-5.05367171414,4.24504493677,48.)) ;
#62=CARTESIAN_POINT('Control Point',(-4.93092304518,5.63965339948,45.8052928526)) ;
#63=CARTESIAN_POINT('Control Point',(-4.87241166683,5.634503428,45.789864027)) ;
#64=CARTESIAN_POINT('Control Point',(-4.81186342887,5.62608182048,45.7731511759)) ;
#65=CARTESIAN_POINT('Control Point',(-4.74934846189,5.61391508463,45.755036468)) ;
#66=CARTESIAN_POINT('Control Point',(-4.6487356997,5.58840067728,45.7243859138)) ;
#67=CARTESIAN_POINT('Control Point',(-4.5386396483,5.54785026556,45.6875431201)) ;
#68=CARTESIAN_POINT('Control Point',(-4.49895461713,5.5315824219,45.6738252419)) ;
#69=CARTESIAN_POINT('Control Point',(-4.4265354077,5.49862758852,45.6479164179)) ;
#70=CARTESIAN_POINT('Control Point',(-4.34677441729,5.45445743561,45.6172312037)) ;
#71=CARTESIAN_POINT('Control Point',(-4.31147496923,5.43326282586,45.6031968171)) ;
#72=CARTESIAN_POINT('Control Point',(-4.25759343938,5.39836403019,45.5810687873)) ;
#73=CARTESIAN_POINT('Control Point',(-4.19587594202,5.35183480945,45.5538770388)) ;
#74=CARTESIAN_POINT('Control Point',(-4.1768468289,5.33687841132,45.5453206546)) ;
#75=CARTESIAN_POINT('Control Point',(-4.13831823998,5.30525018798,45.5276149977)) ;
#76=CARTESIAN_POINT('Control Point',(-4.09406723316,5.26507409797,45.5061827077)) ;
#77=CARTESIAN_POINT('Control Point',(-4.07179406973,5.24378420791,45.4950898251)) ;
#78=CARTESIAN_POINT('Control Point',(-4.03084626101,5.20281951467,45.4741745588)) ;
#79=CARTESIAN_POINT('Control Point',(-3.97888339252,5.14294175732,45.4453641589)) ;
#80=CARTESIAN_POINT('Control Point',(-3.95557450864,5.11457117608,45.4320058778)) ;
#81=CARTESIAN_POINT('Control Point',(-3.88023981211,5.01509069693,45.3865893899)) ;
#82=CARTESIAN_POINT('Control Point',(-3.83748273681,4.94121141141,45.3557999145)) ;
#83=CARTESIAN_POINT('Control Point',(-3.81913430573,4.90703785791,45.3418819081)) ;
#84=CARTESIAN_POINT('Control Point',(-3.76440922496,4.79867694414,45.2985311572)) ;
#85=CARTESIAN_POINT('Control Point',(-3.73738048454,4.72467786318,45.271284295)) ;
#86=CARTESIAN_POINT('Control Point',(-3.72082556729,4.67699181928,45.2539425558)) ;
#87=CARTESIAN_POINT('Control Point',(-3.68059030931,4.54022629357,45.2059116326)) ;
#88=CARTESIAN_POINT('Control Point',(-3.66473043533,4.43690605473,45.1731496182)) ;
#89=CARTESIAN_POINT('Control Point',(-3.65735598559,4.37109454987,45.1530149587)) ;
#90=CARTESIAN_POINT('Control Point',(-3.64692044794,4.17713967286,45.0966400521)) ;
#91=CARTESIAN_POINT('Control Point',(-3.66584890026,4.02761368034,45.0605948282)) ;
#92=CARTESIAN_POINT('Control Point',(-3.6843939307,3.93297449694,45.0398711775)) ;
#93=CARTESIAN_POINT('Control Point',(-3.73070646973,3.76971201061,45.0086037117)) ;
#94=CARTESIAN_POINT('Control Point',(-3.79327560266,3.62936963717,44.9892391355)) ;
#95=CARTESIAN_POINT('Control Point',(-3.82593210787,3.56691851904,44.9822744519)) ;
#96=CARTESIAN_POINT('Control Point',(-3.93717696083,3.38235807657,44.9668297438)) ;
#97=CARTESIAN_POINT('Control Point',(-4.07742168921,3.22690467973,44.970203472)) ;
#98=CARTESIAN_POINT('Control Point',(-4.18733059589,3.1317556852,44.9807865653)) ;
#99=CARTESIAN_POINT('Control Point',(-4.35454984509,3.01543882246,45.0055517454)) ;
#100=CARTESIAN_POINT('Control Point',(-4.58068001285,2.92515276581,45.0567279285)) ;
#101=CARTESIAN_POINT('Control Point',(-4.6419607241,2.90446915124,45.0715572983)) ;
#102=CARTESIAN_POINT('Control Point',(-4.76321096007,2.87095306172,45.1027292969)) ;
#103=CARTESIAN_POINT('Control Point',(-4.91268979345,2.84962118579,45.1457041076)) ;
#104=CARTESIAN_POINT('Control Point',(-4.98790609841,2.84419007805,45.1684487283)) ;
#105=CARTESIAN_POINT('Control Point',(-5.06939633771,2.84101658348,45.1937281247)) ;
#106=CARTESIAN_POINT('Control Point',(-5.1764203831,2.85043647406,45.2295041807)) ;
#107=CARTESIAN_POINT('Vertex',(-4.93092304518,5.63965339948,45.8052928526)) ;
#109=CARTESIAN_POINT('Vertex',(-5.1764203831,2.85043647406,45.2295041807)) ;
#112=CARTESIAN_POINT('Line Origine',(-4.93092304518,5.63965339948,48.)) ;
#117=CARTESIAN_POINT('Line Origine',(-5.1764203831,2.85043647406,48.)) ;
#130=CARTESIAN_POINT('Control Point',(-4.93092304518,5.63965339948,45.8052928526)) ;
#131=CARTESIAN_POINT('Control Point',(-5.12200214649,5.65647152871,45.8556783708)) ;
#132=CARTESIAN_POINT('Control Point',(-5.29135941283,5.6383989211,45.892370402)) ;
#133=CARTESIAN_POINT('Control Point',(-5.4481199332,5.60158718903,45.9220860112)) ;
#134=CARTESIAN_POINT('Control Point',(-5.76470497759,5.47905603933,45.9719708125)) ;
#135=CARTESIAN_POINT('Control Point',(-6.01797744685,5.28183960319,45.9920056048)) ;
#136=CARTESIAN_POINT('Control Point',(-6.13745720444,5.15598798295,45.995154355)) ;
#137=CARTESIAN_POINT('Control Point',(-6.33345813287,4.87543044346,45.986136729)) ;
#138=CARTESIAN_POINT('Control Point',(-6.43992036098,4.5357002124,45.9446812282)) ;
#139=CARTESIAN_POINT('Control Point',(-6.46648050264,4.35513760869,45.915375657)) ;
#140=CARTESIAN_POINT('Control Point',(-6.46850596746,4.08184055525,45.8617871242)) ;
#141=CARTESIAN_POINT('Control Point',(-6.37603617335,3.77004735492,45.7745379427)) ;
#142=CARTESIAN_POINT('Control Point',(-6.33746397562,3.67355907506,45.7446814982)) ;
#143=CARTESIAN_POINT('Control Point',(-6.2757272613,3.54483471071,45.7019460724)) ;
#144=CARTESIAN_POINT('Control Point',(-6.16870357504,3.3969717793,45.6418129005)) ;
#145=CARTESIAN_POINT('Control Point',(-6.14260660069,3.36350983287,45.6276251068)) ;
#146=CARTESIAN_POINT('Control Point',(-6.09314121402,3.30462603056,45.6015592102)) ;
#147=CARTESIAN_POINT('Control Point',(-6.0282865016,3.23893466355,45.5694374723)) ;
#148=CARTESIAN_POINT('Control Point',(-6.00044211641,3.21259573616,45.5559753855)) ;
#149=CARTESIAN_POINT('Control Point',(-5.95152911104,3.16873826362,45.5327532628)) ;
#150=CARTESIAN_POINT('Control Point',(-5.88196792308,3.11578065886,45.5013550141)) ;
#151=CARTESIAN_POINT('Control Point',(-5.85652452329,3.09740465316,45.4900413811)) ;
#152=CARTESIAN_POINT('Control Point',(-5.80930181039,3.06501629527,45.4693381373)) ;
#153=CARTESIAN_POINT('Control Point',(-5.74282184976,3.02593377767,45.441300174)) ;
#154=CARTESIAN_POINT('Control Point',(-5.71468470846,3.01034105136,45.4295943739)) ;
#155=CARTESIAN_POINT('Control Point',(-5.65626728628,2.98044549948,45.4057112361)) ;
#156=CARTESIAN_POINT('Control Point',(-5.60634228141,2.95828637101,45.3858757645)) ;
#157=CARTESIAN_POINT('Control Point',(-5.5818515175,2.94819652009,45.376278328)) ;
#158=CARTESIAN_POINT('Control Point',(-5.52955091019,2.92774082605,45.3559694989)) ;
#159=CARTESIAN_POINT('Control Point',(-5.48801435023,2.91378987569,45.3402340935)) ;
#160=CARTESIAN_POINT('Control Point',(-5.4656164949,2.90674343275,45.3318316956)) ;
#161=CARTESIAN_POINT('Control Point',(-5.37097226237,2.87898111346,45.2966768163)) ;
#162=CARTESIAN_POINT('Control Point',(-5.30433209504,2.86671016056,45.2731989529)) ;
#163=CARTESIAN_POINT('Control Point',(-5.25875793057,2.85908823052,45.257294302)) ;
#164=CARTESIAN_POINT('Control Point',(-5.21585568666,2.85390743465,45.2426866353)) ;
#165=CARTESIAN_POINT('Control Point',(-5.1764203831,2.85043647406,45.2295041807)) ;
#174=CARTESIAN_POINT('Axis2P3D Location',(0.,0.,43.0786797979)) ;
#179=CARTESIAN_POINT('Line Origine',(-4.5022865803,1.34885712693,44.7893398989)) ;
#183=CARTESIAN_POINT('Vertex',(0.,0.,43.0786797979)) ;
#185=CARTESIAN_POINT('Vertex',(-9.0045731606,2.69771425385,46.5)) ;
#188=CARTESIAN_POINT('Line Origine',(4.5022865803,-1.34885712693,44.7893398989)) ;
#192=CARTESIAN_POINT('Vertex',(9.0045731606,-2.69771425385,46.5)) ;
#195=CARTESIAN_POINT('Axis2P3D Location',(0.,0.,46.5)) ;
#210=CARTESIAN_POINT('Axis2P3D Location',(0.,0.,46.5)) ;
#221=CARTESIAN_POINT('Control Point',(4.93092304518,-5.63965339948,45.8052928526)) ;
#222=CARTESIAN_POINT('Control Point',(5.1220021465,-5.65647152871,45.8556783708)) ;
#223=CARTESIAN_POINT('Control Point',(5.29135930307,-5.63839907706,45.892370402)) ;
#224=CARTESIAN_POINT('Control Point',(5.4481199075,-5.60158722592,45.9220860112)) ;
#225=CARTESIAN_POINT('Control Point',(5.76470500866,-5.4790559947,45.9719708125)) ;
#226=CARTESIAN_POINT('Control Point',(6.01797740922,-5.28183965722,45.9920056048)) ;
#227=CARTESIAN_POINT('Control Point',(6.13745716478,-5.1559880244,45.995154355)) ;
#228=CARTESIAN_POINT('Control Point',(6.33345817121,-4.87543040339,45.986136729)) ;
#229=CARTESIAN_POINT('Control Point',(6.43992032393,-4.53570025112,45.9446812282)) ;
#230=CARTESIAN_POINT('Control Point',(6.46648034827,-4.35513776075,45.915375657)) ;
#231=CARTESIAN_POINT('Control Point',(6.46850603222,-4.08184049146,45.8617871242)) ;
#232=CARTESIAN_POINT('Control Point',(6.37603614618,-3.77004738168,45.7745379427)) ;
#233=CARTESIAN_POINT('Control Point',(6.33746380938,-3.67355927743,45.7446814982)) ;
#234=CARTESIAN_POINT('Control Point',(6.27572730857,-3.54483465317,45.7019460724)) ;
#235=CARTESIAN_POINT('Control Point',(6.16870356161,-3.39697179568,45.6418129005)) ;
#236=CARTESIAN_POINT('Control Point',(6.14260655469,-3.36350989696,45.6276251068)) ;
#237=CARTESIAN_POINT('Control Point',(6.09314124479,-3.30462598782,45.6015592102)) ;
#238=CARTESIAN_POINT('Control Point',(6.02828648126,-3.23893469234,45.5694374724)) ;
#239=CARTESIAN_POINT('Control Point',(6.0004420016,-3.2125959246,45.5559753854)) ;
#240=CARTESIAN_POINT('Control Point',(5.95152916743,-3.16873817036,45.5327532627)) ;
#241=CARTESIAN_POINT('Control Point',(5.88196789511,-3.11578070479,45.501355014)) ;
#242=CARTESIAN_POINT('Control Point',(5.85652437802,-3.0974049583,45.4900413811)) ;
#243=CARTESIAN_POINT('Control Point',(5.80930188922,-3.06501612989,45.4693381373)) ;
#244=CARTESIAN_POINT('Control Point',(5.74282180705,-3.02593386734,45.441300174)) ;
#245=CARTESIAN_POINT('Control Point',(5.71468476545,-3.01034096901,45.4295943739)) ;
#246=CARTESIAN_POINT('Control Point',(5.6562672195,-2.98044559595,45.4057112361)) ;
#247=CARTESIAN_POINT('Control Point',(5.60634235964,-2.95828625798,45.3858757645)) ;
#248=CARTESIAN_POINT('Control Point',(5.58185154192,-2.94819646992,45.376278328)) ;
#249=CARTESIAN_POINT('Control Point',(5.52955087334,-2.92774090175,45.3559694989)) ;
#250=CARTESIAN_POINT('Control Point',(5.4880144058,-2.91378976147,45.3402340935)) ;
#251=CARTESIAN_POINT('Control Point',(5.4656165063,-2.90674340533,45.3318316956)) ;
#252=CARTESIAN_POINT('Control Point',(5.37097222246,-2.87898120954,45.2966768163)) ;
#253=CARTESIAN_POINT('Control Point',(5.30433223487,-2.86670982391,45.2731989529)) ;
#254=CARTESIAN_POINT('Control Point',(5.25875791855,-2.85908826987,45.257294302)) ;
#255=CARTESIAN_POINT('Control Point',(5.21585568667,-2.85390743466,45.2426866353)) ;
#256=CARTESIAN_POINT('Control Point',(5.1764203831,-2.85043647406,45.2295041807)) ;
#257=CARTESIAN_POINT('Vertex',(4.93092304518,-5.63965339948,45.8052928526)) ;
#259=CARTESIAN_POINT('Vertex',(5.1764203831,-2.85043647406,45.2295041807)) ;
#263=CARTESIAN_POINT('Control Point',(4.93092304518,-5.63965339948,45.8052928526)) ;
#264=CARTESIAN_POINT('Control Point',(4.87241166683,-5.634503428,45.789864027)) ;
#265=CARTESIAN_POINT('Control Point',(4.81186343916,-5.62608180585,45.7731511759)) ;
#266=CARTESIAN_POINT('Control Point',(4.74934849534,-5.61391504274,45.755036468)) ;
#267=CARTESIAN_POINT('Control Point',(4.64873568186,-5.58840069961,45.7243859138)) ;
#268=CARTESIAN_POINT('Control Point',(4.53863965781,-5.54785025365,45.6875431201)) ;
#269=CARTESIAN_POINT('Control Point',(4.4989546461,-5.53158238958,45.6738252419)) ;
#270=CARTESIAN_POINT('Control Point',(4.42653538588,-5.49862761291,45.6479164179)) ;
#271=CARTESIAN_POINT('Control Point',(4.34677443384,-5.45445741725,45.6172312037)) ;
#272=CARTESIAN_POINT('Control Point',(4.31147504556,-5.43326275151,45.6031968171)) ;
#273=CARTESIAN_POINT('Control Point',(4.25759340755,-5.39836406108,45.5810687873)) ;
#274=CARTESIAN_POINT('Control Point',(4.19587595525,-5.35183479658,45.5538770388)) ;
#275=CARTESIAN_POINT('Control Point',(4.17684687234,-5.33687837285,45.5453206546)) ;
#276=CARTESIAN_POINT('Control Point',(4.13831819971,-5.30525022375,45.5276149977)) ;
#277=CARTESIAN_POINT('Control Point',(4.09406727074,-5.26507406493,45.5061827078)) ;
#278=CARTESIAN_POINT('Control Point',(4.07179432762,-5.24378401839,45.495089825)) ;
#279=CARTESIAN_POINT('Control Point',(4.03084610719,-5.20281962733,45.4741745587)) ;
#280=CARTESIAN_POINT('Control Point',(3.97888348409,-5.14294169013,45.4453641589)) ;
#281=CARTESIAN_POINT('Control Point',(3.95557441472,-5.11457126788,45.4320058778)) ;
#282=CARTESIAN_POINT('Control Point',(3.88024005641,-5.0150904582,45.3865893899)) ;
#283=CARTESIAN_POINT('Control Point',(3.83748210151,-4.94121203238,45.3557999145)) ;
#284=CARTESIAN_POINT('Control Point',(3.81913423682,-4.90703790171,45.3418819081)) ;
#285=CARTESIAN_POINT('Control Point',(3.76440937531,-4.79867684851,45.2985311572)) ;
#286=CARTESIAN_POINT('Control Point',(3.73738015647,-4.72467807185,45.271284295)) ;
#287=CARTESIAN_POINT('Control Point',(3.7208255304,-4.67699183784,45.2539425558)) ;
#288=CARTESIAN_POINT('Control Point',(3.68059039169,-4.54022625213,45.2059116326)) ;
#289=CARTESIAN_POINT('Control Point',(3.66473025137,-4.43690614729,45.1731496182)) ;
#290=CARTESIAN_POINT('Control Point',(3.65735595541,-4.3710945615,45.1530149587)) ;
#291=CARTESIAN_POINT('Control Point',(3.64692051577,-4.17713964671,45.0966400521)) ;
#292=CARTESIAN_POINT('Control Point',(3.66584874775,-4.02761373913,45.0605948282)) ;
#293=CARTESIAN_POINT('Control Point',(3.68439390212,-3.9329745084,45.0398711775)) ;
#294=CARTESIAN_POINT('Control Point',(3.73070649545,-3.76971200029,45.0086037117)) ;
#295=CARTESIAN_POINT('Control Point',(3.79327557951,-3.62936964644,44.9892391355)) ;
#296=CARTESIAN_POINT('Control Point',(3.82593209778,-3.56691852723,44.9822744519)) ;
#297=CARTESIAN_POINT('Control Point',(3.93717698222,-3.38235805923,44.9668297438)) ;
#298=CARTESIAN_POINT('Control Point',(4.07742164386,-3.22690471651,44.970203472)) ;
#299=CARTESIAN_POINT('Control Point',(4.18733056842,-3.13175584181,44.9807865653)) ;
#300=CARTESIAN_POINT('Control Point',(4.35454985439,-3.01543876946,45.0055517454)) ;
#301=CARTESIAN_POINT('Control Point',(4.58068000971,-2.92515278374,45.0567279285)) ;
#302=CARTESIAN_POINT('Control Point',(4.64196071332,-2.90446920822,45.0715572983)) ;
#303=CARTESIAN_POINT('Control Point',(4.76321096873,-2.87095301594,45.1027292969)) ;
#304=CARTESIAN_POINT('Control Point',(4.91268978649,-2.84962122258,45.1457041076)) ;
#305=CARTESIAN_POINT('Control Point',(4.98790618699,-2.84418978821,45.1684487283)) ;
#306=CARTESIAN_POINT('Control Point',(5.06939633771,-2.84101658348,45.1937281247)) ;
#307=CARTESIAN_POINT('Control Point',(5.1764203831,-2.85043647406,45.2295041807)) ;
#314=CARTESIAN_POINT('Axis2P3D Location',(5.05367171414,-4.24504493677,48.)) ;
#319=CARTESIAN_POINT('Line Origine',(5.1764203831,-2.85043647406,48.)) ;
#323=CARTESIAN_POINT('Vertex',(5.1764203831,-2.85043647406,40.)) ;
#326=CARTESIAN_POINT('Axis2P3D Location',(5.05367171414,-4.24504493677,40.)) ;
#330=CARTESIAN_POINT('Vertex',(4.93092304518,-5.63965339948,40.)) ;
#333=CARTESIAN_POINT('Line Origine',(4.93092304518,-5.63965339948,48.)) ;
#345=CARTESIAN_POINT('Axis2P3D Location',(5.05367171414,-4.24504493677,40.)) ;
#362=CARTESIAN_POINT('Axis2P3D Location',(0.,0.,55.9)) ;
#367=CARTESIAN_POINT('Axis2P3D Location',(0.,0.,55.5)) ;
#371=CARTESIAN_POINT('Vertex',(-9.0045731606,2.69771425385,55.5)) ;
#373=CARTESIAN_POINT('Vertex',(9.0045731606,-2.69771425385,55.5)) ;
#376=CARTESIAN_POINT('Line Origine',(-9.0045731606,2.69771425385,51.4050000007)) ;
#381=CARTESIAN_POINT('Line Origine',(9.0045731606,-2.69771425385,51.4050000007)) ;
#393=CARTESIAN_POINT('Axis2P3D Location',(0.,0.,55.5)) ;
#405=CARTESIAN_POINT('Axis2P3D Location',(5.22195867925E-014,-1.09001569855E-013,39.2187224089)) ;
#410=CARTESIAN_POINT('Line Origine',(-9.14283892491,2.73913781903,55.75)) ;
#414=CARTESIAN_POINT('Vertex',(-9.28110462367,2.78056160301,56.)) ;
#417=CARTESIAN_POINT('Line Origine',(9.14283892491,-2.73913781903,55.75)) ;
#421=CARTESIAN_POINT('Vertex',(9.28110468923,-2.78056138421,56.)) ;
#424=CARTESIAN_POINT('Axis2P3D Location',(-1.67171477047E-015,1.46142067312E-015,56.)) ;
#436=CARTESIAN_POINT('Axis2P3D Location',(-4.65209371364E-014,-1.28119646006E-013,39.2187224089)) ;
#441=CARTESIAN_POINT('Axis2P3D Location',(1.65255088085E-015,3.982035995E-015,56.)) ;
#453=CARTESIAN_POINT('Axis2P3D Location',(-2.38509431273,11.249947783,56.)) ;
#458=CARTESIAN_POINT('Line Origine',(8.881784197E-016,10.8,56.)) ;
#462=CARTESIAN_POINT('Vertex',(3.95094925303,10.8,56.)) ;
#464=CARTESIAN_POINT('Vertex',(-3.95094925303,10.8,56.)) ;
#467=CARTESIAN_POINT('Axis2P3D Location',(0.,0.,56.)) ;
#471=CARTESIAN_POINT('Vertex',(-3.3003950978,-11.016233122,56.)) ;
#474=CARTESIAN_POINT('Axis2P3D Location',(0.,0.,56.)) ;
#489=CARTESIAN_POINT('Axis2P3D Location',(0.,0.,56.)) ;
#494=CARTESIAN_POINT('Line Origine',(-3.44389053683,-11.4951997795,55.5)) ;
#498=CARTESIAN_POINT('Vertex',(-3.58738597587,-11.974166437,55.)) ;
#501=CARTESIAN_POINT('Axis2P3D Location',(0.,0.,55.)) ;
#505=CARTESIAN_POINT('Vertex',(6.29364759102,10.8,55.)) ;
#509=CARTESIAN_POINT('Control Point',(3.95094925303,10.8,56.)) ;
#510=CARTESIAN_POINT('Control Point',(4.67565351425,10.8,55.7510200209)) ;
#511=CARTESIAN_POINT('Control Point',(5.44428675729,10.8,55.4276462212)) ;
#512=CARTESIAN_POINT('Control Point',(6.29364759102,10.8,55.)) ;
#521=CARTESIAN_POINT('Axis2P3D Location',(0.,15.,7.)) ;
#526=CARTESIAN_POINT('Axis2P3D Location',(-6.2172489379E-015,-2.48689957516E-014,7.)) ;
#530=CARTESIAN_POINT('Vertex',(3.58738597587,11.974166437,7.)) ;
#532=CARTESIAN_POINT('Vertex',(4.65725240888,11.6,7.)) ;
#535=CARTESIAN_POINT('Axis2P3D Location',(-1.7763568394E-015,-1.7763568394E-015,7.)) ;
#539=CARTESIAN_POINT('Vertex',(-4.65725240888,11.6,7.)) ;
#542=CARTESIAN_POINT('Line Origine',(-3.28626015289E-014,11.6,7.)) ;
#553=CARTESIAN_POINT('Axis2P3D Location',(0.,11.6,7.8)) ;
#559=CARTESIAN_POINT('Control Point',(-6.29364759102,10.8,7.8)) ;
#560=CARTESIAN_POINT('Control Point',(-6.29364759102,10.8,7.71863962114)) ;
#561=CARTESIAN_POINT('Control Point',(-6.27589886117,10.8103429863,7.6372805883)) ;
#562=CARTESIAN_POINT('Control Point',(-6.24049747573,10.8309555146,7.56321704861)) ;
#563=CARTESIAN_POINT('Control Point',(-6.15913035573,10.8776145628,7.44383364535)) ;
#564=CARTESIAN_POINT('Control Point',(-6.0551906615,10.9356944901,7.35019697299)) ;
#565=CARTESIAN_POINT('Control Point',(-6.00437719672,10.9637039002,7.31193258358)) ;
#566=CARTESIAN_POINT('Control Point',(-5.88437747994,11.0288926705,7.23456392741)) ;
#567=CARTESIAN_POINT('Control Point',(-5.75553092793,11.0965755935,7.17539097183)) ;
#568=CARTESIAN_POINT('Control Point',(-5.68188514462,11.1344831795,7.14699399029)) ;
#569=CARTESIAN_POINT('Control Point',(-5.44117136559,11.2558227474,7.06859467908)) ;
#570=CARTESIAN_POINT('Control Point',(-5.18928390513,11.3744077822,7.02581500543)) ;
#571=CARTESIAN_POINT('Control Point',(-5.01406986489,11.4527283576,7.00807918698)) ;
#572=CARTESIAN_POINT('Control Point',(-4.83635506635,11.5280925618,7.)) ;
#573=CARTESIAN_POINT('Control Point',(-4.65725240888,11.6,7.)) ;
#574=CARTESIAN_POINT('Vertex',(-6.29364759102,10.8,7.8)) ;
#577=CARTESIAN_POINT('Line Origine',(0.,10.8,7.8)) ;
#581=CARTESIAN_POINT('Vertex',(6.29364759102,10.8,7.8)) ;
#585=CARTESIAN_POINT('Control Point',(6.29364759102,10.8,7.8)) ;
#586=CARTESIAN_POINT('Control Point',(6.29364759102,10.8,7.71863962113)) ;
#587=CARTESIAN_POINT('Control Point',(6.27589886117,10.8103429863,7.63728058829)) ;
#588=CARTESIAN_POINT('Control Point',(6.24049747574,10.8309555146,7.56321704862)) ;
#589=CARTESIAN_POINT('Control Point',(6.15913035573,10.8776145628,7.44383364536)) ;
#590=CARTESIAN_POINT('Control Point',(6.0551906615,10.9356944901,7.35019697299)) ;
#591=CARTESIAN_POINT('Control Point',(6.00437719672,10.9637039002,7.31193258358)) ;
#592=CARTESIAN_POINT('Control Point',(5.88437747994,11.0288926705,7.23456392741)) ;
#593=CARTESIAN_POINT('Control Point',(5.75553092793,11.0965755935,7.17539097183)) ;
#594=CARTESIAN_POINT('Control Point',(5.68188514462,11.1344831795,7.14699399029)) ;
#595=CARTESIAN_POINT('Control Point',(5.44117136559,11.2558227474,7.06859467908)) ;
#596=CARTESIAN_POINT('Control Point',(5.18928390514,11.3744077822,7.02581500543)) ;
#597=CARTESIAN_POINT('Control Point',(5.01406986488,11.4527283576,7.00807918698)) ;
#598=CARTESIAN_POINT('Control Point',(4.83635506634,11.5280925618,7.)) ;
#599=CARTESIAN_POINT('Control Point',(4.65725240888,11.6,7.)) ;
#608=CARTESIAN_POINT('Axis2P3D Location',(0.,10.8,7.8)) ;
#613=CARTESIAN_POINT('Line Origine',(-6.29364759102,10.8,31.4)) ;
#617=CARTESIAN_POINT('Vertex',(-6.29364759102,10.8,55.)) ;
#621=CARTESIAN_POINT('Control Point',(-3.95094925303,10.8,56.)) ;
#622=CARTESIAN_POINT('Control Point',(-4.3857718097,10.8,55.8506120126)) ;
#623=CARTESIAN_POINT('Control Point',(-4.83415995221,10.8,55.6784379899)) ;
#624=CARTESIAN_POINT('Control Point',(-5.29904622987,10.8,55.4813864809)) ;
#625=CARTESIAN_POINT('Control Point',(-5.78403109086,10.8,55.2565877327)) ;
#626=CARTESIAN_POINT('Control Point',(-6.29364759102,10.8,55.)) ;
#628=CARTESIAN_POINT('Line Origine',(6.29364759102,10.8,31.4)) ;
#642=CARTESIAN_POINT('Axis2P3D Location',(0.,0.,55.)) ;
#654=CARTESIAN_POINT('Axis2P3D Location',(0.,0.,-15.5)) ;
#659=CARTESIAN_POINT('Line Origine',(-3.58738597587,-11.974166437,29.)) ;
#663=CARTESIAN_POINT('Vertex',(-3.58738597587,-11.974166437,3.)) ;
#666=CARTESIAN_POINT('Axis2P3D Location',(0.,0.,3.)) ;
#670=CARTESIAN_POINT('Vertex',(3.58738597587,11.974166437,3.)) ;
#673=CARTESIAN_POINT('Line Origine',(3.58738597587,11.974166437,29.)) ;
#688=CARTESIAN_POINT('Axis2P3D Location',(0.,0.,3.)) ;
#703=CARTESIAN_POINT('Axis2P3D Location',(0.,0.,2.03838290319)) ;
#708=CARTESIAN_POINT('Line Origine',(-3.53716257221,-11.8065281068,2.5191914516)) ;
#712=CARTESIAN_POINT('Vertex',(-3.48693916854,-11.6388897767,2.03838290319)) ;
#715=CARTESIAN_POINT('Axis2P3D Location',(0.,0.,2.03838290319)) ;
#719=CARTESIAN_POINT('Vertex',(3.48693916854,11.6388897767,2.03838290319)) ;
#722=CARTESIAN_POINT('Line Origine',(3.53716257221,11.8065281068,2.5191914516)) ;
#734=CARTESIAN_POINT('Axis2P3D Location',(0.,0.,2.03838290319)) ;
#746=CARTESIAN_POINT('Axis2P3D Location',(0.,0.,-15.5)) ;
#751=CARTESIAN_POINT('Line Origine',(-3.48693916854,-11.6388897767,1.2441914516)) ;
#755=CARTESIAN_POINT('Vertex',(-3.48693916854,-11.6388897767,0.45)) ;
#758=CARTESIAN_POINT('Axis2P3D Location',(0.,0.,0.45)) ;
#762=CARTESIAN_POINT('Vertex',(3.48693916854,11.6388897767,0.45)) ;
#765=CARTESIAN_POINT('Line Origine',(3.48693916854,11.6388897767,1.2441914516)) ;
#777=CARTESIAN_POINT('Axis2P3D Location',(0.,0.,0.45)) ;
#789=CARTESIAN_POINT('Axis2P3D Location',(0.,0.,0.45)) ;
#794=CARTESIAN_POINT('Axis2P3D Location',(-3.716531871,-12.4052364287,0.45)) ;
#798=CARTESIAN_POINT('Vertex',(-3.7950572,-12.6673424204,-0.301754096629)) ;
#801=CARTESIAN_POINT('Axis2P3D Location',(0.,0.,-0.301754096629)) ;
#805=CARTESIAN_POINT('Vertex',(3.7950572,12.6673424204,-0.301754096629)) ;
#808=CARTESIAN_POINT('Axis2P3D Location',(3.716531871,12.4052364287,0.45)) ;
#820=CARTESIAN_POINT('Axis2P3D Location',(0.,0.,-0.301754096629)) ;
#832=CARTESIAN_POINT('Axis2P3D Location',(0.,0.,-0.301754096629)) ;
#837=CARTESIAN_POINT('Line Origine',(-3.914023897,-13.0644357469,-0.150877048315)) ;
#841=CARTESIAN_POINT('Vertex',(-4.032990594,-13.4615290733,-1.70696790036E-013)) ;
#844=CARTESIAN_POINT('Axis2P3D Location',(0.,0.,-1.70696790036E-013)) ;
#848=CARTESIAN_POINT('Vertex',(4.032990594,13.4615290733,-1.70696790036E-013)) ;
#851=CARTESIAN_POINT('Line Origine',(3.914023897,13.0644357469,-0.150877048315)) ;
#863=CARTESIAN_POINT('Axis2P3D Location',(0.,0.,-1.70696790036E-013)) ;
#875=CARTESIAN_POINT('Axis2P3D Location',(0.,0.,-71.)) ;
#881=CARTESIAN_POINT('Control Point',(-5.66136899889,-0.235006912679,-71.)) ;
#882=CARTESIAN_POINT('Control Point',(-5.62649003743,-0.390876760817,-71.)) ;
#883=CARTESIAN_POINT('Control Point',(-5.61648947499,-0.55231290444,-71.)) ;
#884=CARTESIAN_POINT('Control Point',(-5.63250811327,-0.714032148148,-71.)) ;
#885=CARTESIAN_POINT('Control Point',(-5.71563657245,-1.02795267602,-71.)) ;
#886=CARTESIAN_POINT('Control Point',(-5.89221715238,-1.30056139479,-71.)) ;
#887=CARTESIAN_POINT('Control Point',(-6.00219258754,-1.42200803875,-71.)) ;
#888=CARTESIAN_POINT('Control Point',(-6.25693562487,-1.62539457903,-71.)) ;
#889=CARTESIAN_POINT('Control Point',(-6.56241295658,-1.73913797728,-71.)) ;
#890=CARTESIAN_POINT('Control Point',(-6.72304212267,-1.77084842158,-71.)) ;
#891=CARTESIAN_POINT('Control Point',(-7.04846516977,-1.78154023763,-71.)) ;
#892=CARTESIAN_POINT('Control Point',(-7.36080893825,-1.68964715539,-71.)) ;
#893=CARTESIAN_POINT('Control Point',(-7.50809548177,-1.6187647129,-71.)) ;
#894=CARTESIAN_POINT('Control Point',(-7.76130080413,-1.44134943251,-71.)) ;
#895=CARTESIAN_POINT('Control Point',(-7.94934832647,-1.19687194116,-71.)) ;
#896=CARTESIAN_POINT('Control Point',(-8.02091983898,-1.06877917227,-71.)) ;
#897=CARTESIAN_POINT('Control Point',(-8.07291112809,-0.932185756917,-71.)) ;
#898=CARTESIAN_POINT('Control Point',(-8.10449842909,-0.791025940077,-71.)) ;
#899=CARTESIAN_POINT('Vertex',(-5.66136899889,-0.235006912679,-71.)) ;
#901=CARTESIAN_POINT('Vertex',(-8.10449842909,-0.791025940096,-71.)) ;
#905=CARTESIAN_POINT('Control Point',(-8.10449842909,-0.791025940096,-71.)) ;
#906=CARTESIAN_POINT('Control Point',(-8.13937739054,-0.635156091959,-71.)) ;
#907=CARTESIAN_POINT('Control Point',(-8.14937795298,-0.473719948338,-71.)) ;
#908=CARTESIAN_POINT('Control Point',(-8.13335931469,-0.312000704627,-71.)) ;
#909=CARTESIAN_POINT('Control Point',(-8.05023085551,0.00191982324685,-71.)) ;
#910=CARTESIAN_POINT('Control Point',(-7.87365027558,0.274528542017,-71.)) ;
#911=CARTESIAN_POINT('Control Point',(-7.76367484043,0.395975185961,-71.)) ;
#912=CARTESIAN_POINT('Control Point',(-7.50893180309,0.599361726245,-71.)) ;
#913=CARTESIAN_POINT('Control Point',(-7.20345447139,0.713105124495,-71.)) ;
#914=CARTESIAN_POINT('Control Point',(-7.0428253053,0.744815568796,-71.)) ;
#915=CARTESIAN_POINT('Control Point',(-6.7174022582,0.755507384839,-71.)) ;
#916=CARTESIAN_POINT('Control Point',(-6.40505848971,0.663614302599,-71.)) ;
#917=CARTESIAN_POINT('Control Point',(-6.2577719462,0.592731860111,-71.)) ;
#918=CARTESIAN_POINT('Control Point',(-6.00456662383,0.415316579723,-71.)) ;
#919=CARTESIAN_POINT('Control Point',(-5.8165191015,0.170839088369,-71.)) ;
#920=CARTESIAN_POINT('Control Point',(-5.74494758899,0.0427463194959,-71.)) ;
#921=CARTESIAN_POINT('Control Point',(-5.69295629988,-0.0938470958647,-71.)) ;
#922=CARTESIAN_POINT('Control Point',(-5.66136899888,-0.235006912707,-71.)) ;
#929=CARTESIAN_POINT('Axis2P3D Location',(0.,0.,0.)) ;
#934=CARTESIAN_POINT('Axis2P3D Location',(0.,0.,0.)) ;
#938=CARTESIAN_POINT('Vertex',(4.6357307946,15.,-1.70530256582E-013)) ;
#940=CARTESIAN_POINT('Vertex',(-4.50575678569,-15.0395530448,0.)) ;
#943=CARTESIAN_POINT('Line Origine',(-4.5488054174,-15.1832430421,-0.15)) ;
#947=CARTESIAN_POINT('Vertex',(-4.59185404911,-15.3269330393,-0.3)) ;
#950=CARTESIAN_POINT('Axis2P3D Location',(0.,0.,-0.3)) ;
#954=CARTESIAN_POINT('Vertex',(5.56776436283,15.,-0.3)) ;
#958=CARTESIAN_POINT('Control Point',(4.6357307946,15.,2.77555756156E-017)) ;
#959=CARTESIAN_POINT('Control Point',(4.94113277696,15.,-0.0901758837166)) ;
#960=CARTESIAN_POINT('Control Point',(5.25144129875,15.,-0.189924232292)) ;
#961=CARTESIAN_POINT('Control Point',(5.56776436283,15.,-0.3)) ;
#970=CARTESIAN_POINT('Axis2P3D Location',(-3.25617223564,15.3586243646,-1.70530256582E-013)) ;
#975=CARTESIAN_POINT('Line Origine',(-1.7763568394E-015,15.,-1.70530256582E-013)) ;
#979=CARTESIAN_POINT('Vertex',(-4.6357307946,15.,-1.70530256582E-013)) ;
#982=CARTESIAN_POINT('Axis2P3D Location',(0.,0.,-1.70530256582E-013)) ;
#997=CARTESIAN_POINT('Axis2P3D Location',(-7.21914289409,-0.940266680558,-77.3007404131)) ;
#1002=CARTESIAN_POINT('Line Origine',(-6.00202915401,-0.667913408034,-77.3841540729)) ;
#1006=CARTESIAN_POINT('Vertex',(-6.16829151935,-0.87919745991,-80.5)) ;
#1010=CARTESIAN_POINT('Control Point',(-6.16829151935,-0.8791974599,-80.5)) ;
#1011=CARTESIAN_POINT('Control Point',(-6.09825440254,-1.19218483984,-80.5)) ;
#1012=CARTESIAN_POINT('Control Point',(-6.12852842612,-1.52761880824,-80.4999998416)) ;
#1013=CARTESIAN_POINT('Control Point',(-6.26878868126,-1.84227324795,-80.4999997704)) ;
#1014=CARTESIAN_POINT('Control Point',(-6.61227009323,-2.21314160728,-80.5000001152)) ;
#1015=CARTESIAN_POINT('Control Point',(-7.06933610513,-2.38332888214,-80.4999999422)) ;
#1016=CARTESIAN_POINT('Control Point',(-7.22996536672,-2.41503887895,-80.4999999675)) ;
#1017=CARTESIAN_POINT('Control Point',(-7.70182146302,-2.43054210086,-80.5000000617)) ;
#1018=CARTESIAN_POINT('Control Point',(-8.14618505944,-2.23036459689,-80.4999998829)) ;
#1019=CARTESIAN_POINT('Control Point',(-8.3872588646,-2.01062307281,-80.4999998565)) ;
#1020=CARTESIAN_POINT('Control Point',(-8.54476698008,-1.73308499214,-80.5)) ;
#1021=CARTESIAN_POINT('Control Point',(-8.61142094955,-1.4352164873,-80.5)) ;
#1022=CARTESIAN_POINT('Vertex',(-8.61142094955,-1.43521648731,-80.5)) ;
#1025=CARTESIAN_POINT('Line Origine',(-8.43625663417,-1.21261995308,-77.2173267532)) ;
#1037=CARTESIAN_POINT('Axis2P3D Location',(-7.21914289409,-0.940266680558,-77.3007404131)) ;
#1043=CARTESIAN_POINT('Control Point',(-8.61142094955,-1.43521648731,-80.5)) ;
#1044=CARTESIAN_POINT('Control Point',(-8.68145806636,-1.12222910736,-80.5)) ;
#1045=CARTESIAN_POINT('Control Point',(-8.65118404277,-0.786795138963,-80.5000001584)) ;
#1046=CARTESIAN_POINT('Control Point',(-8.51092378764,-0.472140699269,-80.5000002296)) ;
#1047=CARTESIAN_POINT('Control Point',(-8.16744237567,-0.101272339937,-80.4999998848)) ;
#1048=CARTESIAN_POINT('Control Point',(-7.71037636377,0.0689149349239,-80.5000000578)) ;
#1049=CARTESIAN_POINT('Control Point',(-7.54974710217,0.10062493173,-80.5000000325)) ;
#1050=CARTESIAN_POINT('Control Point',(-7.07789100588,0.116128153635,-80.4999999383)) ;
#1051=CARTESIAN_POINT('Control Point',(-6.63352740947,-0.0840493503298,-80.5000001171)) ;
#1052=CARTESIAN_POINT('Control Point',(-6.39245360429,-0.303790874423,-80.5000001435)) ;
#1053=CARTESIAN_POINT('Control Point',(-6.23494548881,-0.581328955084,-80.5)) ;
#1054=CARTESIAN_POINT('Control Point',(-6.16829151934,-0.879197459919,-80.5)) ;
#1063=CARTESIAN_POINT('Axis2P3D Location',(0.,0.,-18.0680196854)) ;
#1069=CARTESIAN_POINT('Control Point',(-6.2720380605,14.71942725,-3.)) ;
#1070=CARTESIAN_POINT('Control Point',(-5.48429122309,14.9025568274,-3.33262454143)) ;
#1071=CARTESIAN_POINT('Control Point',(-4.6813481366,14.9906260625,-3.74507115904)) ;
#1072=CARTESIAN_POINT('Control Point',(-3.88789815207,15.0000006541,-4.19545019558)) ;
#1073=CARTESIAN_POINT('Vertex',(-6.2720380605,14.71942725,-3.)) ;
#1075=CARTESIAN_POINT('Vertex',(-3.88789815207,15.0000006541,-4.19545019558)) ;
#1078=CARTESIAN_POINT('Axis2P3D Location',(0.,0.,-3.)) ;
#1082=CARTESIAN_POINT('Vertex',(-5.56776436285,15.,-3.)) ;
#1086=CARTESIAN_POINT('Control Point',(-3.88789815207,15.0000006541,-4.19545019558)) ;
#1087=CARTESIAN_POINT('Control Point',(-4.43434440616,15.0000002571,-3.87046245258)) ;
#1088=CARTESIAN_POINT('Control Point',(-4.99258044476,15.,-3.47444274387)) ;
#1089=CARTESIAN_POINT('Control Point',(-5.56776436285,15.,-2.99999999999)) ;
#1097=CARTESIAN_POINT('Axis2P3D Location',(0.,0.,-0.3)) ;
#1101=CARTESIAN_POINT('Vertex',(-5.56776436283,15.,-0.3)) ;
#1105=CARTESIAN_POINT('Control Point',(-4.6357307946,15.,5.55111512313E-017)) ;
#1106=CARTESIAN_POINT('Control Point',(-4.94113277696,15.,-0.0901758837166)) ;
#1107=CARTESIAN_POINT('Control Point',(-5.25144129875,15.,-0.189924232292)) ;
#1108=CARTESIAN_POINT('Control Point',(-5.56776436283,15.,-0.3)) ;
#1117=CARTESIAN_POINT('Axis2P3D Location',(3.82172659577,2.76243772312,-17.)) ;
#1123=CARTESIAN_POINT('Control Point',(-4.00008308268,7.0362006219,-19.3376777283)) ;
#1124=CARTESIAN_POINT('Control Point',(-4.00164224776,7.02460674457,-19.3243117974)) ;
#1125=CARTESIAN_POINT('Control Point',(-4.00315915371,7.01302980166,-19.310932119)) ;
#1126=CARTESIAN_POINT('Control Point',(-4.00463397291,7.00147015247,-19.2975387509)) ;
#1127=CARTESIAN_POINT('Vertex',(-4.00014552047,7.03617991166,-19.3377032833)) ;
#1129=CARTESIAN_POINT('Vertex',(-4.00463397291,7.00147015248,-19.2975387509)) ;
#1132=CARTESIAN_POINT('Axis2P3D Location',(1.7626086328,8.92766547355,-17.)) ;
#1136=CARTESIAN_POINT('Vertex',(-3.98272166653,7.00878862075,-19.3577725453)) ;
#1140=CARTESIAN_POINT('Control Point',(-4.00008308268,7.0362006219,-19.3376777283)) ;
#1141=CARTESIAN_POINT('Control Point',(-3.9943063633,7.02705493623,-19.3443766042)) ;
#1142=CARTESIAN_POINT('Control Point',(-3.98851954744,7.01791835078,-19.351074735)) ;
#1143=CARTESIAN_POINT('Control Point',(-3.98272166653,7.00878862075,-19.3577725453)) ;
#1152=CARTESIAN_POINT('Control Point',(3.98272166653,-7.00878862075,-19.3577725453)) ;
#1153=CARTESIAN_POINT('Control Point',(4.03566424303,-7.2529493516,-19.4274746827)) ;
#1154=CARTESIAN_POINT('Control Point',(4.08797453555,-7.49732125831,-19.4959234292)) ;
#1155=CARTESIAN_POINT('Control Point',(4.13971306193,-7.7418841286,-19.5631018028)) ;
#1156=CARTESIAN_POINT('Control Point',(4.1909387305,-7.98661828774,-19.6290008654)) ;
#1157=CARTESIAN_POINT('Control Point',(4.24170757537,-8.23150502094,-19.69361828)) ;
#1158=CARTESIAN_POINT('Control Point',(4.05323020095,-7.11981610939,-19.2763199295)) ;
#1159=CARTESIAN_POINT('Control Point',(4.10773522146,-7.36364029364,-19.3447136571)) ;
#1160=CARTESIAN_POINT('Control Point',(4.16163502184,-7.60767057928,-19.4118919797)) ;
#1161=CARTESIAN_POINT('Control Point',(4.2149871219,-7.85188734506,-19.4778389788)) ;
#1162=CARTESIAN_POINT('Control Point',(4.26784751363,-8.09627149266,-19.54254625)) ;
#1163=CARTESIAN_POINT('Control Point',(4.32026950152,-8.34080484213,-19.6060115759)) ;
#1164=CARTESIAN_POINT('Control Point',(4.12507330594,-7.23103290702,-19.1957162)) ;
#1165=CARTESIAN_POINT('Control Point',(4.18138103584,-7.47442182602,-19.2620907541)) ;
#1166=CARTESIAN_POINT('Control Point',(4.23712020193,-7.71800814584,-19.3273207791)) ;
#1167=CARTESIAN_POINT('Control Point',(4.2923432839,-7.96177357469,-19.3913913465)) ;
#1168=CARTESIAN_POINT('Control Point',(4.34710146206,-8.20570027779,-19.4542941878)) ;
#1169=CARTESIAN_POINT('Control Point',(4.4014436049,-8.44977123015,-19.5160265815)) ;
#1170=CARTESIAN_POINT('Control Point',(4.19984839245,-7.34571691305,-19.1147586211)) ;
#1171=CARTESIAN_POINT('Control Point',(4.25795870092,-7.5886457561,-19.1790545303)) ;
#1172=CARTESIAN_POINT('Control Point',(4.31553661054,-7.83176290391,-19.2422764574)) ;
#1173=CARTESIAN_POINT('Control Point',(4.37262984124,-8.07505139863,-19.304410456)) ;
#1174=CARTESIAN_POINT('Control Point',(4.42928500878,-8.31849467903,-19.3654484667)) ;
#1175=CARTESIAN_POINT('Control Point',(4.48554674412,-8.56207689316,-19.4253873816)) ;
#1176=CARTESIAN_POINT('Control Point',(4.35688183334,-7.5831606189,-18.9507237216)) ;
#1177=CARTESIAN_POINT('Control Point',(4.41869195528,-7.825072579,-19.0106500444)) ;
#1178=CARTESIAN_POINT('Control Point',(4.48003841037,-8.06715465203,-19.0696491169)) ;
#1179=CARTESIAN_POINT('Control Point',(4.54095979613,-8.30939262573,-19.1277086011)) ;
#1180=CARTESIAN_POINT('Control Point',(4.60149398184,-8.55177255824,-19.1848206437)) ;
#1181=CARTESIAN_POINT('Control Point',(4.66167745463,-8.79428101884,-19.2409812519)) ;
#1182=CARTESIAN_POINT('Control Point',(4.52522036236,-7.82833164284,-18.7846864285)) ;
#1183=CARTESIAN_POINT('Control Point',(4.58973202241,-8.06952367963,-18.8426448854)) ;
#1184=CARTESIAN_POINT('Control Point',(4.65382039063,-8.31087654292,-18.8997146209)) ;
#1185=CARTESIAN_POINT('Control Point',(4.71752118927,-8.55237663635,-18.9558851915)) ;
#1186=CARTESIAN_POINT('Control Point',(4.7808693859,-8.79401065159,-19.0111501846)) ;
#1187=CARTESIAN_POINT('Control Point',(4.84389863398,-9.03576578133,-19.065506645)) ;
#1188=CARTESIAN_POINT('Control Point',(4.61152600386,-7.95120044725,-18.701658413)) ;
#1189=CARTESIAN_POINT('Control Point',(4.67749226183,-8.19197079993,-18.7584171423)) ;
#1190=CARTESIAN_POINT('Control Point',(4.74305552197,-8.43289679138,-18.8143186197)) ;
#1191=CARTESIAN_POINT('Control Point',(4.80824952554,-8.67396540201,-18.8693530266)) ;
#1192=CARTESIAN_POINT('Control Point',(4.87310731347,-8.91516388175,-18.9235142842)) ;
#1193=CARTESIAN_POINT('Control Point',(4.93766071443,-9.15647994753,-18.9767995341)) ;
#1194=CARTESIAN_POINT('Control Point',(4.69697364284,-8.06923994994,-18.6208296384)) ;
#1195=CARTESIAN_POINT('Control Point',(4.76321956155,-8.31004493825,-18.6791444037)) ;
#1196=CARTESIAN_POINT('Control Point',(4.82905969557,-8.55100932565,-18.7365131676)) ;
#1197=CARTESIAN_POINT('Control Point',(4.89453172017,-8.79211834772,-18.79292758)) ;
#1198=CARTESIAN_POINT('Control Point',(4.95967226486,-9.03335764682,-18.8483835316)) ;
#1199=CARTESIAN_POINT('Control Point',(5.02451635763,-9.27471349018,-18.902880477)) ;
#1200=CARTESIAN_POINT('Control Point',(4.77864576818,-8.17669587134,-18.5424694476)) ;
#1201=CARTESIAN_POINT('Control Point',(4.84503643343,-8.41760914941,-18.602684729)) ;
#1202=CARTESIAN_POINT('Control Point',(4.91101780718,-8.65868583426,-18.6618364551)) ;
#1203=CARTESIAN_POINT('Control Point',(4.9766330816,-8.89990868155,-18.7199189468)) ;
#1204=CARTESIAN_POINT('Control Point',(5.04192378439,-9.14126111145,-18.7769314773)) ;
#1205=CARTESIAN_POINT('Control Point',(5.1069291932,-9.38272744249,-18.8328773077)) ;
#1207=CARTESIAN_POINT('Control Point',(4.77864576818,-8.17669587134,-18.5424694476)) ;
#1208=CARTESIAN_POINT('Control Point',(4.63832929751,-8.16196574579,-18.8141793078)) ;
#1209=CARTESIAN_POINT('Control Point',(4.50371561619,-8.16382980486,-19.0951061914)) ;
#1210=CARTESIAN_POINT('Control Point',(4.36939424786,-8.18699032064,-19.3966713739)) ;
#1211=CARTESIAN_POINT('Control Point',(4.24170757537,-8.23150502093,-19.69361828)) ;
#1212=CARTESIAN_POINT('Vertex',(4.77864576818,-8.17669587134,-18.5424694476)) ;
#1214=CARTESIAN_POINT('Vertex',(4.24171005667,-8.23150412527,-19.6936124882)) ;
#1218=CARTESIAN_POINT('Control Point',(4.00014552047,-7.03617991166,-19.3377032833)) ;
#1219=CARTESIAN_POINT('Control Point',(4.17276688735,-7.3071094935,-19.1394631671)) ;
#1220=CARTESIAN_POINT('Control Point',(4.35481205107,-7.5833019505,-18.9445553083)) ;
#1221=CARTESIAN_POINT('Control Point',(4.57950116089,-7.91468154051,-18.7335384245)) ;
#1222=CARTESIAN_POINT('Control Point',(4.77864576818,-8.17669587134,-18.5424694476)) ;
#1223=CARTESIAN_POINT('Vertex',(4.00014552047,-7.03617991166,-19.3377032833)) ;
#1227=CARTESIAN_POINT('Control Point',(3.98272166653,-7.00878862075,-19.3577725453)) ;
#1228=CARTESIAN_POINT('Control Point',(3.98851816007,-7.01791617,-19.3510763409)) ;
#1229=CARTESIAN_POINT('Control Point',(3.99432544969,-7.02704529878,-19.3443871114)) ;
#1230=CARTESIAN_POINT('Control Point',(4.00014545686,-7.03617981182,-19.3377033564)) ;
#1231=CARTESIAN_POINT('Vertex',(3.98272166653,-7.00878862075,-19.3577725453)) ;
#1235=CARTESIAN_POINT('Control Point',(3.98272166653,-7.00878862075,-19.3577725453)) ;
#1236=CARTESIAN_POINT('Control Point',(4.07095917036,-7.41572260178,-19.4739426115)) ;
#1237=CARTESIAN_POINT('Control Point',(4.15709259244,-7.82335932288,-19.5859222751)) ;
#1238=CARTESIAN_POINT('Control Point',(4.24170721957,-8.23150330471,-19.6936178272)) ;
#1248=CARTESIAN_POINT('Control Point',(3.71277460998,5.97863812279,-11.5454037738)) ;
#1249=CARTESIAN_POINT('Control Point',(4.43618685565,6.45700957157,-11.5454037738)) ;
#1250=CARTESIAN_POINT('Control Point',(5.17563734319,7.04173318696,-11.6665634607)) ;
#1251=CARTESIAN_POINT('Control Point',(5.89862146825,7.74120471171,-11.946706383)) ;
#1252=CARTESIAN_POINT('Control Point',(6.53441840544,8.5522576763,-12.4410038233)) ;
#1253=CARTESIAN_POINT('Control Point',(6.98034926135,9.41021493079,-13.1535322238)) ;
#1254=CARTESIAN_POINT('Control Point',(3.36110339293,6.55981455724,-11.0979973414)) ;
#1255=CARTESIAN_POINT('Control Point',(4.07054654483,7.05931062285,-11.0856549425)) ;
#1256=CARTESIAN_POINT('Control Point',(4.79443788688,7.66646130529,-11.1935394386)) ;
#1257=CARTESIAN_POINT('Control Point',(5.50050077906,8.38897356131,-11.4598231757)) ;
#1258=CARTESIAN_POINT('Control Point',(6.11879699369,9.22199559878,-11.9405838761)) ;
#1259=CARTESIAN_POINT('Control Point',(6.54858728956,10.0978799689,-12.6416276464)) ;
#1260=CARTESIAN_POINT('Control Point',(2.97829754557,7.12351472175,-10.6504589812)) ;
#1261=CARTESIAN_POINT('Control Point',(3.6728427034,7.64346610626,-10.6253933662)) ;
#1262=CARTESIAN_POINT('Control Point',(4.38025209488,8.27232169906,-10.719614884)) ;
#1263=CARTESIAN_POINT('Control Point',(5.06852711371,9.01711787492,-10.9716622487)) ;
#1264=CARTESIAN_POINT('Control Point',(5.66861509251,9.8713656368,-11.4385575214)) ;
#1265=CARTESIAN_POINT('Control Point',(6.08184918544,10.764540956,-12.1278905747)) ;
#1266=CARTESIAN_POINT('Control Point',(2.56487913421,7.66739366706,-10.2044546046)) ;
#1267=CARTESIAN_POINT('Control Point',(3.24375323753,8.20686449537,-10.1664347965)) ;
#1268=CARTESIAN_POINT('Control Point',(3.93394268093,8.85642404941,-10.2467693792)) ;
#1269=CARTESIAN_POINT('Control Point',(4.6037779236,9.62246633553,-10.4843776034)) ;
#1270=CARTESIAN_POINT('Control Point',(5.18519120354,10.496936459,-10.9372539779)) ;
#1271=CARTESIAN_POINT('Control Point',(5.58169955238,11.4065651549,-11.6148053338)) ;
#1272=CARTESIAN_POINT('Control Point',(1.43188079246,9.00651959414,-9.06659503542)) ;
#1273=CARTESIAN_POINT('Control Point',(2.06880067997,9.59357264422,-8.9949871757)) ;
#1274=CARTESIAN_POINT('Control Point',(2.71286343812,10.293881638,-9.03910718666)) ;
#1275=CARTESIAN_POINT('Control Point',(3.33327243776,11.11236202,-9.23879602968)) ;
#1276=CARTESIAN_POINT('Control Point',(3.86458493451,12.037269115,-9.65447485796)) ;
#1277=CARTESIAN_POINT('Control Point',(4.21616372247,12.9886510541,-10.3002545707)) ;
#1278=CARTESIAN_POINT('Control Point',(0.144030178545,10.1772274462,-7.95911963749)) ;
#1279=CARTESIAN_POINT('Control Point',(0.735282461901,10.8050112526,-7.85336470468)) ;
#1280=CARTESIAN_POINT('Control Point',(1.32913501361,11.5492508478,-7.86031272325)) ;
#1281=CARTESIAN_POINT('Control Point',(1.89574112029,12.413748572,-8.02063098046)) ;
#1282=CARTESIAN_POINT('Control Point',(2.37251502086,13.3838237949,-8.39704615223)) ;
#1283=CARTESIAN_POINT('Control Point',(2.67518265542,14.3738207278,-9.00843956463)) ;
#1284=CARTESIAN_POINT('Control Point',(-0.699621290524,10.833789369,-7.28771100555)) ;
#1285=CARTESIAN_POINT('Control Point',(-0.137477399679,11.4839683071,-7.16090516362)) ;
#1286=CARTESIAN_POINT('Control Point',(0.424408410507,12.25246822,-7.14488263663)) ;
#1287=CARTESIAN_POINT('Control Point',(0.956806479436,13.1425124557,-7.28080300304)) ;
#1288=CARTESIAN_POINT('Control Point',(1.39896896868,14.1378542767,-7.63278926965)) ;
#1289=CARTESIAN_POINT('Control Point',(1.67067891633,15.149705248,-8.22266177919)) ;
#1290=CARTESIAN_POINT('Control Point',(-2.54457450545,12.0545886576,-5.91680178944)) ;
#1291=CARTESIAN_POINT('Control Point',(-2.0446950155,12.7457449724,-5.74634180036)) ;
#1292=CARTESIAN_POINT('Control Point',(-1.5514269956,13.5590150871,-5.68237343899)) ;
#1293=CARTESIAN_POINT('Control Point',(-1.09275487989,14.4966815736,-5.76698012541)) ;
#1294=CARTESIAN_POINT('Control Point',(-0.72560402758,15.5398051593,-6.06703894394)) ;
#1295=CARTESIAN_POINT('Control Point',(-0.521521100988,16.5938782517,-6.61045453969)) ;
#1296=CARTESIAN_POINT('Control Point',(-4.54107146084,12.9807103257,-4.59618500179)) ;
#1297=CARTESIAN_POINT('Control Point',(-4.10544042189,13.7015710804,-4.38303962874)) ;
#1298=CARTESIAN_POINT('Control Point',(-3.68342955329,14.5478527561,-4.271703329)) ;
#1299=CARTESIAN_POINT('Control Point',(-3.30187975743,15.521330062,-4.30501110991)) ;
#1300=CARTESIAN_POINT('Control Point',(-3.01397832598,16.6013658689,-4.55231166159)) ;
#1301=CARTESIAN_POINT('Control Point',(-2.88234057986,17.6893255396,-5.04744255488)) ;
#1302=CARTESIAN_POINT('Control Point',(-5.60775773173,13.3830884794,-3.92425873833)) ;
#1303=CARTESIAN_POINT('Control Point',(-5.20567271033,14.1164886964,-3.68935318558)) ;
#1304=CARTESIAN_POINT('Control Point',(-4.82103337634,14.9768626445,-3.55373360738)) ;
#1305=CARTESIAN_POINT('Control Point',(-4.48013540311,15.9658195742,-3.56057569195)) ;
#1306=CARTESIAN_POINT('Control Point',(-4.23428994701,17.0620769938,-3.78042616637)) ;
#1307=CARTESIAN_POINT('Control Point',(-4.14145459867,18.1652633447,-4.25014251524)) ;
#1308=CARTESIAN_POINT('Control Point',(-6.70612779999,13.7083578419,-3.26044545912)) ;
#1309=CARTESIAN_POINT('Control Point',(-6.33771891172,14.4515669373,-3.00416826794)) ;
#1310=CARTESIAN_POINT('Control Point',(-5.99078566349,15.3230964047,-2.84456690141)) ;
#1311=CARTESIAN_POINT('Control Point',(-5.69113557326,16.3244672639,-2.82511040583)) ;
#1312=CARTESIAN_POINT('Control Point',(-5.4882827202,17.433952288,-3.01746199934)) ;
#1313=CARTESIAN_POINT('Control Point',(-5.43551527768,18.5498256681,-3.46144071327)) ;
#1314=CARTESIAN_POINT('Control Point',(-7.82388486298,13.9566050905,-2.60718289314)) ;
#1315=CARTESIAN_POINT('Control Point',(-7.48887154053,14.707051179,-2.33012526788)) ;
#1316=CARTESIAN_POINT('Control Point',(-7.17952505672,15.5869194163,-2.14708252565)) ;
#1317=CARTESIAN_POINT('Control Point',(-6.92122966013,16.5976995112,-2.10177055876)) ;
#1318=CARTESIAN_POINT('Control Point',(-6.76180603846,17.7173853921,-2.26688218322)) ;
#1319=CARTESIAN_POINT('Control Point',(-6.7499184051,18.8432557251,-2.68511191348)) ;
#1321=CARTESIAN_POINT('Control Point',(5.30845532774,7.24866107741,-11.8172741206)) ;
#1322=CARTESIAN_POINT('Control Point',(5.73021643916,7.65225998071,-11.9750728317)) ;
#1323=CARTESIAN_POINT('Control Point',(6.11568199126,8.07648865402,-12.1893485044)) ;
#1324=CARTESIAN_POINT('Control Point',(6.45721342378,8.5154397459,-12.4590176927)) ;
#1325=CARTESIAN_POINT('Control Point',(6.7476174402,8.96244606334,-12.7816628408)) ;
#1326=CARTESIAN_POINT('Control Point',(6.98034926135,9.41021493079,-13.1535322238)) ;
#1327=CARTESIAN_POINT('Vertex',(5.30834068854,7.24871536104,-11.817441683)) ;
#1329=CARTESIAN_POINT('Vertex',(6.98016172201,9.41020264381,-13.1536643879)) ;
#1333=CARTESIAN_POINT('Control Point',(3.71277460998,5.97863812279,-11.5454037738)) ;
#1334=CARTESIAN_POINT('Control Point',(4.05276769485,6.20346564756,-11.5454037738)) ;
#1335=CARTESIAN_POINT('Control Point',(4.38506582586,6.44426509614,-11.5720540115)) ;
#1336=CARTESIAN_POINT('Control Point',(4.70694906378,6.69977009322,-11.626027996)) ;
#1337=CARTESIAN_POINT('Control Point',(5.01566349143,6.96847767313,-11.7077282827)) ;
#1338=CARTESIAN_POINT('Control Point',(5.30845532668,7.2486610764,-11.8172741202)) ;
#1339=CARTESIAN_POINT('Vertex',(3.71277460998,5.97863812279,-11.5454037738)) ;
#1343=CARTESIAN_POINT('Control Point',(3.71277460998,5.97863812279,-11.5454037738)) ;
#1344=CARTESIAN_POINT('Control Point',(3.36110339293,6.55981455724,-11.0979973414)) ;
#1345=CARTESIAN_POINT('Control Point',(2.97829754557,7.12351472175,-10.6504589812)) ;
#1346=CARTESIAN_POINT('Control Point',(2.56487913421,7.66739366706,-10.2044546046)) ;
#1347=CARTESIAN_POINT('Control Point',(1.43188079246,9.00651959414,-9.06659503542)) ;
#1348=CARTESIAN_POINT('Control Point',(0.144030178545,10.1772274462,-7.95911963749)) ;
#1349=CARTESIAN_POINT('Control Point',(-0.699621290524,10.833789369,-7.28771100555)) ;
#1350=CARTESIAN_POINT('Control Point',(-2.54457450545,12.0545886576,-5.91680178944)) ;
#1351=CARTESIAN_POINT('Control Point',(-4.54107146084,12.9807103257,-4.59618500179)) ;
#1352=CARTESIAN_POINT('Control Point',(-5.60775773173,13.3830884794,-3.92425873833)) ;
#1353=CARTESIAN_POINT('Control Point',(-6.70612779999,13.7083578419,-3.26044545912)) ;
#1354=CARTESIAN_POINT('Control Point',(-7.82388486298,13.9566050905,-2.60718289314)) ;
#1355=CARTESIAN_POINT('Vertex',(-7.82388486298,13.9566050905,-2.60718289314)) ;
#1359=CARTESIAN_POINT('Control Point',(-7.82388486298,13.9566050905,-2.60718289314)) ;
#1360=CARTESIAN_POINT('Control Point',(-7.32799819875,14.2345924764,-2.67450538801)) ;
#1361=CARTESIAN_POINT('Control Point',(-6.80521836422,14.4922358586,-2.81109409951)) ;
#1362=CARTESIAN_POINT('Control Point',(-6.2720380605,14.71942725,-3.)) ;
#1365=CARTESIAN_POINT('Control Point',(-3.88794910317,14.9999999874,-4.19542126867)) ;
#1366=CARTESIAN_POINT('Control Point',(-3.79335827821,14.9999999781,-4.24930958566)) ;
#1367=CARTESIAN_POINT('Control Point',(-3.69886622529,14.999999963,-4.30356829288)) ;
#1368=CARTESIAN_POINT('Control Point',(-3.60448547767,14.9999999459,-4.35822335872)) ;
#1369=CARTESIAN_POINT('Vertex',(-3.6045610773,15.000000843,-4.35817944197)) ;
#1373=CARTESIAN_POINT('Control Point',(-3.60456106828,15.0000008355,-4.35817944342)) ;
#1374=CARTESIAN_POINT('Control Point',(-1.51184664631,14.9753776286,-5.573964024)) ;
#1375=CARTESIAN_POINT('Control Point',(0.507108626402,14.4689129418,-7.0099538)) ;
#1376=CARTESIAN_POINT('Control Point',(2.27151146701,13.627375608,-8.43758184109)) ;
#1377=CARTESIAN_POINT('Control Point',(3.76775469624,12.576210681,-9.8065601995)) ;
#1378=CARTESIAN_POINT('Vertex',(3.76775469624,12.576210681,-9.8065601995)) ;
#1382=CARTESIAN_POINT('Control Point',(6.98032576083,9.41016971697,-13.1534946742)) ;
#1383=CARTESIAN_POINT('Control Point',(6.35241221075,10.2753016104,-12.3932122917)) ;
#1384=CARTESIAN_POINT('Control Point',(5.61162783119,11.1092596231,-11.5719232435)) ;
#1385=CARTESIAN_POINT('Control Point',(4.74714661886,11.8881524704,-10.7026486965)) ;
#1386=CARTESIAN_POINT('Control Point',(3.76775469624,12.576210681,-9.8065601995)) ;
#1399=CARTESIAN_POINT('Axis2P3D Location',(0.,0.,-15.5)) ;
#1404=CARTESIAN_POINT('Line Origine',(-4.59185404911,-15.3269330393,-1.65)) ;
#1408=CARTESIAN_POINT('Vertex',(-4.59185404911,-15.3269330393,-3.)) ;
#1411=CARTESIAN_POINT('Axis2P3D Location',(0.,0.,-3.)) ;
#1415=CARTESIAN_POINT('Vertex',(6.2720380605,-14.71942725,-3.)) ;
#1419=CARTESIAN_POINT('Control Point',(7.82388486298,-13.9566050905,-2.60718289314)) ;
#1420=CARTESIAN_POINT('Control Point',(7.32799819876,-14.2345924764,-2.67450538801)) ;
#1421=CARTESIAN_POINT('Control Point',(6.8052183642,-14.4922358586,-2.81109409951)) ;
#1422=CARTESIAN_POINT('Control Point',(6.2720380605,-14.71942725,-3.)) ;
#1423=CARTESIAN_POINT('Vertex',(7.82388486298,-13.9566050905,-2.60718289314)) ;
#1427=CARTESIAN_POINT('Control Point',(10.170131496,-12.3518591861,-3.)) ;
#1428=CARTESIAN_POINT('Control Point',(9.64958047308,-12.7804644895,-2.67191110807)) ;
#1429=CARTESIAN_POINT('Control Point',(9.05804544027,-13.2172013674,-2.52948725584)) ;
#1430=CARTESIAN_POINT('Control Point',(8.44690464869,-13.6073485887,-2.52260056942)) ;
#1431=CARTESIAN_POINT('Control Point',(7.82388486306,-13.9566050904,-2.60718289306)) ;
#1432=CARTESIAN_POINT('Vertex',(10.170131496,-12.3518591861,-3.)) ;
#1435=CARTESIAN_POINT('Axis2P3D Location',(0.,0.,-3.)) ;
#1439=CARTESIAN_POINT('Vertex',(5.56776436285,15.,-3.)) ;
#1442=CARTESIAN_POINT('Line Origine',(5.56776436283,15.,-1.65)) ;
#1457=CARTESIAN_POINT('Line Origine',(3.67967925686,12.2822278263,-10.5340098427)) ;
#1461=CARTESIAN_POINT('Vertex',(4.49390693885,15.,-3.80898364989)) ;
#1465=CARTESIAN_POINT('Control Point',(4.49390693885,15.,-3.80898364989)) ;
#1466=CARTESIAN_POINT('Control Point',(2.36427770385,15.,-5.25771648335)) ;
#1467=CARTESIAN_POINT('Control Point',(0.411474709793,15.0000008637,-5.74457250486)) ;
#1468=CARTESIAN_POINT('Control Point',(-1.52575244264,15.0000020525,-5.50951010588)) ;
#1469=CARTESIAN_POINT('Control Point',(-3.6045610773,15.000000843,-4.35817944197)) ;
#1477=CARTESIAN_POINT('Axis2P3D Location',(0.,15.,7.)) ;
#1483=CARTESIAN_POINT('Control Point',(4.49390693885,15.,-3.80898364989)) ;
#1484=CARTESIAN_POINT('Control Point',(4.70510321536,15.,-3.66531217176)) ;
#1485=CARTESIAN_POINT('Control Point',(4.91794815959,15.,-3.51277428886)) ;
#1486=CARTESIAN_POINT('Control Point',(5.13265110483,15.,-3.35112879423)) ;
#1487=CARTESIAN_POINT('Control Point',(5.34918616761,15.,-3.1802950942)) ;
#1488=CARTESIAN_POINT('Control Point',(5.56776436285,15.,-2.99999999999)) ;
#1490=CARTESIAN_POINT('Line Origine',(-5.56776436283,15.,-1.65000000001)) ;
#1507=CARTESIAN_POINT('Axis2P3D Location',(0.,0.,-80.5)) ;
#1512=CARTESIAN_POINT('Axis2P3D Location',(0.,0.,-80.5)) ;
#1516=CARTESIAN_POINT('Vertex',(-4.57000145116,2.02856765636,-80.5)) ;
#1518=CARTESIAN_POINT('Vertex',(-4.20578583394,-2.70395368286,-80.5)) ;
#1522=CARTESIAN_POINT('Control Point',(-8.30659991089,-4.06975654391,-80.5)) ;
#1523=CARTESIAN_POINT('Control Point',(-7.60737753359,-3.8424509453,-80.5)) ;
#1524=CARTESIAN_POINT('Control Point',(-6.90897846943,-3.61328832424,-80.5)) ;
#1525=CARTESIAN_POINT('Control Point',(-6.21141907861,-3.38208791291,-80.5)) ;
#1526=CARTESIAN_POINT('Control Point',(-5.39190923107,-3.10749332655,-80.5)) ;
#1527=CARTESIAN_POINT('Control Point',(-4.57407529423,-2.8296205407,-80.5)) ;
#1528=CARTESIAN_POINT('Control Point',(-4.45127183667,-2.78780786477,-80.5)) ;
#1529=CARTESIAN_POINT('Control Point',(-4.32850859767,-2.7459193473,-80.5)) ;
#1530=CARTESIAN_POINT('Control Point',(-4.20578583394,-2.70395368286,-80.5)) ;
#1531=CARTESIAN_POINT('Vertex',(-8.30659991089,-4.06975654391,-80.5)) ;
#1534=CARTESIAN_POINT('Axis2P3D Location',(1.94496605625E-015,-6.09058900347E-016,-80.5)) ;
#1538=CARTESIAN_POINT('Vertex',(-9.02482206271,2.02856765636,-80.5)) ;
#1541=CARTESIAN_POINT('Line Origine',(-6.79741175693,2.02856765636,-80.5)) ;
#1557=CARTESIAN_POINT('Axis2P3D Location',(-8.96913848032,2.02856765636,-84.0773923242)) ;
#1562=CARTESIAN_POINT('Line Origine',(-9.02482206271,2.02856765636,-78.25)) ;
#1566=CARTESIAN_POINT('Vertex',(-9.02482206271,2.02856765636,-76.)) ;
#1569=CARTESIAN_POINT('Line Origine',(-6.79741175693,2.02856765636,-76.)) ;
#1573=CARTESIAN_POINT('Vertex',(-4.57000145116,2.02856765636,-76.)) ;
#1576=CARTESIAN_POINT('Line Origine',(-4.57000145116,2.02856765636,-78.25)) ;
#1588=CARTESIAN_POINT('Axis2P3D Location',(-3.82172659577,-2.76243772312,-17.)) ;
#1594=CARTESIAN_POINT('Control Point',(4.24171005667,-8.23150412527,-19.6936124882)) ;
#1595=CARTESIAN_POINT('Control Point',(4.24015361035,-8.23204673611,-19.6972321512)) ;
#1596=CARTESIAN_POINT('Control Point',(4.23859574653,-8.23259421757,-19.7008493466)) ;
#1597=CARTESIAN_POINT('Control Point',(4.23703646824,-8.23314654252,-19.7044640633)) ;
#1598=CARTESIAN_POINT('Vertex',(4.23703646824,-8.23314654252,-19.7044640633)) ;
#1601=CARTESIAN_POINT('Axis2P3D Location',(-1.7626086328,-8.92766547355,-17.)) ;
#1605=CARTESIAN_POINT('Vertex',(3.97364828368,-7.01181903039,-19.3822025511)) ;
#1609=CARTESIAN_POINT('Control Point',(3.97364828368,-7.01181903039,-19.3822025511)) ;
#1610=CARTESIAN_POINT('Control Point',(4.06327862147,-7.4179008542,-19.4929604598)) ;
#1611=CARTESIAN_POINT('Control Point',(4.15090567408,-7.82499917951,-19.6004308007)) ;
#1612=CARTESIAN_POINT('Control Point',(4.23703646824,-8.23314654252,-19.7044640633)) ;
#1622=CARTESIAN_POINT('Control Point',(4.00008308268,-7.0362006219,-19.3376777283)) ;
#1623=CARTESIAN_POINT('Control Point',(4.00164224776,-7.02460674457,-19.3243117974)) ;
#1624=CARTESIAN_POINT('Control Point',(4.00315915371,-7.01302980166,-19.310932119)) ;
#1625=CARTESIAN_POINT('Control Point',(4.00463397291,-7.00147015247,-19.2975387509)) ;
#1626=CARTESIAN_POINT('Vertex',(4.00463397291,-7.00147015248,-19.2975387509)) ;
#1629=CARTESIAN_POINT('Axis2P3D Location',(-1.7626086328,-8.92766547355,-17.)) ;
#1641=CARTESIAN_POINT('Control Point',(-3.71277460998,-5.97863812279,-11.5454037738)) ;
#1642=CARTESIAN_POINT('Control Point',(-25.3999395342,-20.3197286513,-11.5454037738)) ;
#1643=CARTESIAN_POINT('Control Point',(-6.66364154846,-25.0848603093,-33.2535740806)) ;
#1644=CARTESIAN_POINT('Control Point',(15.0235233758,-10.7437697808,-33.2535740806)) ;
#1645=CARTESIAN_POINT('Control Point',(17.9743903143,8.36245240575,-11.5454037738)) ;
#1646=CARTESIAN_POINT('Control Point',(-3.71277460998,-5.97863812279,-11.5454037738)) ;
#1647=CARTESIAN_POINT('Control Point',(-3.36110339293,-6.55981455724,-11.0979973414)) ;
#1648=CARTESIAN_POINT('Control Point',(-24.6294890631,-21.5341996587,-10.7279847477)) ;
#1649=CARTESIAN_POINT('Control Point',(-6.02558831346,-25.9016537965,-32.6377206298)) ;
#1650=CARTESIAN_POINT('Control Point',(15.2427973567,-10.9272686951,-33.0077332238)) ;
#1651=CARTESIAN_POINT('Control Point',(17.9072822773,8.41457054426,-11.4680099358)) ;
#1652=CARTESIAN_POINT('Control Point',(-3.36110339293,-6.55981455724,-11.0979973414)) ;
#1653=CARTESIAN_POINT('Control Point',(-2.97829754557,-7.12351472175,-10.6504589812)) ;
#1654=CARTESIAN_POINT('Control Point',(-23.8000564741,-22.7111295235,-9.89901728338)) ;
#1655=CARTESIAN_POINT('Control Point',(-5.35739326721,-26.6914288024,-32.0204456719)) ;
#1656=CARTESIAN_POINT('Control Point',(15.4643656511,-11.1038140007,-32.7718873879)) ;
#1657=CARTESIAN_POINT('Control Point',(17.8434613793,8.46410007693,-11.4019006822)) ;
#1658=CARTESIAN_POINT('Control Point',(-2.97829754557,-7.12351472175,-10.6504589812)) ;
#1659=CARTESIAN_POINT('Control Point',(-2.56487913421,-7.66739366706,-10.2044546046)) ;
#1660=CARTESIAN_POINT('Control Point',(-22.9168357531,-23.8401815835,-9.06465934597)) ;
#1661=CARTESIAN_POINT('Control Point',(-4.66478528148,-27.449623283,-31.4059378337)) ;
#1662=CARTESIAN_POINT('Control Point',(15.6871713379,-11.2768353663,-32.5457330913)) ;
#1663=CARTESIAN_POINT('Control Point',(17.787077485,8.50539424934,-11.3442498622)) ;
#1664=CARTESIAN_POINT('Control Point',(-2.56487913421,-7.66739366706,-10.2044546046)) ;
#1665=CARTESIAN_POINT('Control Point',(-1.43188079246,-9.00651959414,-9.06659503542)) ;
#1666=CARTESIAN_POINT('Control Point',(-20.5260926011,-26.6057742274,-6.91986407699)) ;
#1667=CARTESIAN_POINT('Control Point',(-2.77972315742,-29.3613035306,-29.7938960121)) ;
#1668=CARTESIAN_POINT('Control Point',(16.3144886505,-11.7620488977,-31.9406269721)) ;
#1669=CARTESIAN_POINT('Control Point',(17.6623310157,8.59273503913,-11.2133259954)) ;
#1670=CARTESIAN_POINT('Control Point',(-1.43188079246,-9.00651959414,-9.06659503542)) ;
#1671=CARTESIAN_POINT('Control Point',(-0.144030178545,-10.1772274462,-7.95911963749)) ;
#1672=CARTESIAN_POINT('Control Point',(-17.8691735635,-28.9975488149,-4.78869408392)) ;
#1673=CARTESIAN_POINT('Control Point',(-0.673095313697,-31.1096794211,-28.1407974806)) ;
#1674=CARTESIAN_POINT('Control Point',(17.0520480724,-12.2893580519,-31.3112230317)) ;
#1675=CARTESIAN_POINT('Control Point',(17.581113207,8.64309392248,-11.1295451886)) ;
#1676=CARTESIAN_POINT('Control Point',(-0.144030178545,-10.1772274462,-7.95911963749)) ;
#1677=CARTESIAN_POINT('Control Point',(0.699621290524,-10.833789369,-7.28771100555)) ;
#1678=CARTESIAN_POINT('Control Point',(-16.1528820294,-30.3254940599,-3.48620056155)) ;
#1679=CARTESIAN_POINT('Control Point',(0.685796523357,-32.1028194554,-27.1231984687)) ;
#1680=CARTESIAN_POINT('Control Point',(17.5382998434,-12.6111147664,-30.9247089153)) ;
#1681=CARTESIAN_POINT('Control Point',(17.55212461,8.65791532118,-11.0892214546)) ;
#1682=CARTESIAN_POINT('Control Point',(0.699621290524,-10.833789369,-7.28771100555)) ;
#1683=CARTESIAN_POINT('Control Point',(2.74135194896,-12.1847956249,-5.7705845257)) ;
#1684=CARTESIAN_POINT('Control Point',(-12.045439086,-33.035984534,-0.520784099374)) ;
#1685=CARTESIAN_POINT('Control Point',(3.99463761761,-34.2107112296,-24.7499557563)) ;
#1686=CARTESIAN_POINT('Control Point',(18.7814286525,-13.3595223181,-29.9997561794)) ;
#1687=CARTESIAN_POINT('Control Point',(17.5281429846,8.66639328506,-11.0203849456)) ;
#1688=CARTESIAN_POINT('Control Point',(2.74135194896,-12.1847956249,-5.7705845257)) ;
#1689=CARTESIAN_POINT('Control Point',(4.96867671662,-13.1749131348,-4.31505068194)) ;
#1690=CARTESIAN_POINT('Control Point',(-7.67955770461,-34.9717007891,2.34747162071)) ;
#1691=CARTESIAN_POINT('Control Point',(7.63312575511,-35.8496622094,-22.3526654008)) ;
#1692=CARTESIAN_POINT('Control Point',(20.2813601765,-14.0528745583,-29.0151877076)) ;
#1693=CARTESIAN_POINT('Control Point',(17.616911137,8.62187451821,-10.9775729929)) ;
#1694=CARTESIAN_POINT('Control Point',(4.96867671662,-13.1749131348,-4.31505068194)) ;
#1695=CARTESIAN_POINT('Control Point',(6.2737658514,-13.6229203224,-3.50883689431)) ;
#1696=CARTESIAN_POINT('Control Point',(-5.15532015873,-35.8319366439,3.93683900822)) ;
#1697=CARTESIAN_POINT('Control Point',(9.78859892211,-36.6208815283,-20.9886117235)) ;
#1698=CARTESIAN_POINT('Control Point',(21.2176849309,-14.4118652032,-28.4342876196)) ;
#1699=CARTESIAN_POINT('Control Point',(17.7028518601,8.58609600206,-10.9545127839)) ;
#1700=CARTESIAN_POINT('Control Point',(6.27376585103,-13.6229203219,-3.50883689431)) ;
#1701=CARTESIAN_POINT('Control Point',(8.95927406396,-14.2891750738,-1.92515327792)) ;
#1702=CARTESIAN_POINT('Control Point',(-0.040123147057,-37.0833823304,7.04180067315)) ;
#1703=CARTESIAN_POINT('Control Point',(14.272294584,-37.8110558992,-18.2534823693)) ;
#1704=CARTESIAN_POINT('Control Point',(23.2716917963,-15.0168486462,-27.2204363268)) ;
#1705=CARTESIAN_POINT('Control Point',(17.9586712764,8.50503217973,-10.8921072418)) ;
#1706=CARTESIAN_POINT('Control Point',(8.95927406433,-14.2891750743,-1.92515327792)) ;
#1707=CARTESIAN_POINT('Control Point',(11.7067495104,-14.5123858482,-0.414115693868)) ;
#1708=CARTESIAN_POINT('Control Point',(5.04098103226,-37.4660721063,9.94820982063)) ;
#1709=CARTESIAN_POINT('Control Point',(18.9515978322,-38.2806174512,-15.5643110182)) ;
#1710=CARTESIAN_POINT('Control Point',(25.6173663091,-15.3269311895,-25.9266365263)) ;
#1711=CARTESIAN_POINT('Control Point',(18.3725179872,8.44130041291,-10.7764411956)) ;
#1712=CARTESIAN_POINT('Control Point',(11.7067495101,-14.5123858477,-0.414115693868)) ;
#1713=CARTESIAN_POINT('Control Point',(13.0909329771,-14.5202722067,0.328710827307)) ;
#1714=CARTESIAN_POINT('Control Point',(7.56309244924,-37.4619822264,11.3572150016)) ;
#1715=CARTESIAN_POINT('Control Point',(21.3306361767,-38.3366764597,-14.2301004578)) ;
#1716=CARTESIAN_POINT('Control Point',(26.8584767032,-15.3949664403,-25.2586046233)) ;
#1717=CARTESIAN_POINT('Control Point',(18.6187735047,8.42143781284,-10.6997933381)) ;
#1718=CARTESIAN_POINT('Control Point',(13.0909329771,-14.5202722067,0.328710827307)) ;
#1719=CARTESIAN_POINT('Control Point',(16.7295237239,-14.2644300439,2.24855148584)) ;
#1720=CARTESIAN_POINT('Control Point',(14.0906893795,-36.9558141085,14.9331890444)) ;
#1721=CARTESIAN_POINT('Control Point',(27.6310554382,-37.9881022771,-10.7694353301)) ;
#1722=CARTESIAN_POINT('Control Point',(30.2698897848,-15.2967182121,-23.4540729029)) ;
#1723=CARTESIAN_POINT('Control Point',(19.3683580688,8.42695402077,-10.4360860869)) ;
#1724=CARTESIAN_POINT('Control Point',(16.7295237239,-14.2644300439,2.24855148584)) ;
#1725=CARTESIAN_POINT('Control Point',(20.268482214,-13.3399553129,4.07187725273)) ;
#1726=CARTESIAN_POINT('Control Point',(20.1968105059,-35.3122246728,18.1464531712)) ;
#1727=CARTESIAN_POINT('Control Point',(33.8424153592,-36.4144516792,-7.496685193)) ;
#1728=CARTESIAN_POINT('Control Point',(33.9140870638,-14.4421823201,-21.5712610885)) ;
#1729=CARTESIAN_POINT('Control Point',(20.3401539214,8.63231404685,-10.0026986427)) ;
#1730=CARTESIAN_POINT('Control Point',(20.268482214,-13.3399553129,4.07187725273)) ;
#1731=CARTESIAN_POINT('Control Point',(22.4072783515,-12.535966617,5.17986659298)) ;
#1732=CARTESIAN_POINT('Control Point',(23.8083874392,-33.9346005082,20.0238088664)) ;
#1733=CARTESIAN_POINT('Control Point',(37.6093000982,-34.9993464831,-5.53964408472)) ;
#1734=CARTESIAN_POINT('Control Point',(36.2081910206,-13.6007125959,-20.3835863581)) ;
#1735=CARTESIAN_POINT('Control Point',(21.0061692727,8.86266727614,-9.66407566828)) ;
#1736=CARTESIAN_POINT('Control Point',(22.4072783551,-12.5359666193,5.17986659298)) ;
#1737=CARTESIAN_POINT('Control Point',(25.53158148,-10.9692733334,6.83695513226)) ;
#1738=CARTESIAN_POINT('Control Point',(28.9673003707,-31.3674819702,22.7021543288)) ;
#1739=CARTESIAN_POINT('Control Point',(43.0923609798,-32.2106925227,-2.69418235291)) ;
#1740=CARTESIAN_POINT('Control Point',(39.656642084,-11.8124838838,-18.5593815495)) ;
#1741=CARTESIAN_POINT('Control Point',(22.0958625849,9.42893530242,-9.02824407045)) ;
#1742=CARTESIAN_POINT('Control Point',(25.5315814782,-10.9692733322,6.83695513226)) ;
#1743=CARTESIAN_POINT('Control Point',(28.3928606804,-8.9639277557,8.44404887846)) ;
#1744=CARTESIAN_POINT('Control Point',(33.6131619635,-28.2167414112,25.1456234531)) ;
#1745=CARTESIAN_POINT('Control Point',(48.0817520633,-28.6188949167,-0.0646990868393)) ;
#1746=CARTESIAN_POINT('Control Point',(42.8614507829,-9.36608126216,-16.7662736615)) ;
#1747=CARTESIAN_POINT('Control Point',(23.1725593997,10.2888859003,-8.25752569307)) ;
#1748=CARTESIAN_POINT('Control Point',(28.3928606814,-8.9639277563,8.44404887846)) ;
#1749=CARTESIAN_POINT('Control Point',(29.3396489867,-8.22999547665,8.98854477868)) ;
#1750=CARTESIAN_POINT('Control Point',(35.124296392,-27.090979476,25.9471015002)) ;
#1751=CARTESIAN_POINT('Control Point',(49.7194104502,-27.3110780012,0.807108303093)) ;
#1752=CARTESIAN_POINT('Control Point',(43.9347629643,-8.45009390131,-16.1514485084)) ;
#1753=CARTESIAN_POINT('Control Point',(23.5550015472,10.630988622,-7.97001189044)) ;
#1754=CARTESIAN_POINT('Control Point',(29.3396489838,-8.22999546373,8.98854486128)) ;
#1755=CARTESIAN_POINT('Control Point',(30.2434355519,-7.45880061968,9.52458484674)) ;
#1756=CARTESIAN_POINT('Control Point',(36.5773761364,-25.9114470249,26.7265453005)) ;
#1757=CARTESIAN_POINT('Control Point',(51.2837839381,-25.9304274943,1.65110251829)) ;
#1758=CARTESIAN_POINT('Control Point',(44.949843353,-7.47778108887,-15.5508579359)) ;
#1759=CARTESIAN_POINT('Control Point',(23.9094949673,10.9938457852,-7.67737560622)) ;
#1760=CARTESIAN_POINT('Control Point',(30.2434355517,-7.45880061943,9.52458484674)) ;
#1761=CARTESIAN_POINT('Control Point',(31.112320327,-6.6446746482,10.0559758242)) ;
#1762=CARTESIAN_POINT('Control Point',(37.9837352759,-24.6684626441,27.4894701061)) ;
#1763=CARTESIAN_POINT('Control Point',(52.7811062576,-24.4746687861,2.46947298437)) ;
#1764=CARTESIAN_POINT('Control Point',(45.9096913087,-6.45088079018,-14.9640212975)) ;
#1765=CARTESIAN_POINT('Control Point',(24.2409053782,11.3791133477,-7.37751845772)) ;
#1766=CARTESIAN_POINT('Control Point',(31.112320327,-6.6446746482,10.0559758242)) ;
#1768=CARTESIAN_POINT('Control Point',(-3.71277460998,-5.97863812279,-11.5454037738)) ;
#1769=CARTESIAN_POINT('Control Point',(-3.36110339293,-6.55981455724,-11.0979973414)) ;
#1770=CARTESIAN_POINT('Control Point',(-2.97829754557,-7.12351472175,-10.6504589812)) ;
#1771=CARTESIAN_POINT('Control Point',(-2.56487913421,-7.66739366706,-10.2044546046)) ;
#1772=CARTESIAN_POINT('Control Point',(-1.43188079246,-9.00651959414,-9.06659503542)) ;
#1773=CARTESIAN_POINT('Control Point',(-0.144030178545,-10.1772274462,-7.95911963749)) ;
#1774=CARTESIAN_POINT('Control Point',(0.699621290524,-10.833789369,-7.28771100555)) ;
#1775=CARTESIAN_POINT('Control Point',(2.54457450545,-12.0545886576,-5.91680178944)) ;
#1776=CARTESIAN_POINT('Control Point',(4.54107146084,-12.9807103257,-4.59618500179)) ;
#1777=CARTESIAN_POINT('Control Point',(5.60775773152,-13.3830884792,-3.92425873833)) ;
#1778=CARTESIAN_POINT('Control Point',(6.70612779984,-13.7083578417,-3.26044545912)) ;
#1779=CARTESIAN_POINT('Control Point',(7.82388486292,-13.9566050904,-2.60718289314)) ;
#1780=CARTESIAN_POINT('Vertex',(-3.71277460998,-5.97863812279,-11.5454037738)) ;
#1784=CARTESIAN_POINT('Control Point',(-3.71277460998,-5.97863812279,-11.5454037738)) ;
#1785=CARTESIAN_POINT('Control Point',(-25.3999395342,-20.3197286513,-11.5454037738)) ;
#1786=CARTESIAN_POINT('Control Point',(-6.66364154846,-25.0848603093,-33.2535740806)) ;
#1787=CARTESIAN_POINT('Control Point',(15.0235233758,-10.7437697808,-33.2535740806)) ;
#1788=CARTESIAN_POINT('Control Point',(17.9743903143,8.36245240575,-11.5454037738)) ;
#1789=CARTESIAN_POINT('Control Point',(-3.71277460998,-5.97863812279,-11.5454037738)) ;
#1792=CARTESIAN_POINT('Control Point',(5.02901201465,-8.22799751747,-18.0680196854)) ;
#1793=CARTESIAN_POINT('Control Point',(4.94516300168,-8.20287961719,-18.2224725661)) ;
#1794=CARTESIAN_POINT('Control Point',(4.86199845454,-8.18547216845,-18.3809908363)) ;
#1795=CARTESIAN_POINT('Control Point',(4.77859489178,-8.17671748918,-18.5424935204)) ;
#1796=CARTESIAN_POINT('Vertex',(5.02901201465,-8.22799751747,-18.0680196854)) ;
#1800=CARTESIAN_POINT('Control Point',(10.170131496,-12.3518591861,-3.)) ;
#1801=CARTESIAN_POINT('Control Point',(10.2532154196,-12.1974324734,-3.15740482699)) ;
#1802=CARTESIAN_POINT('Control Point',(10.3224826177,-12.032657943,-3.34968450232)) ;
#1803=CARTESIAN_POINT('Control Point',(10.374545619,-11.8542291247,-3.58831746625)) ;
#1804=CARTESIAN_POINT('Control Point',(10.4123005963,-11.5679637671,-4.03554355366)) ;
#1805=CARTESIAN_POINT('Control Point',(10.3615274982,-11.2535867487,-4.66624322694)) ;
#1806=CARTESIAN_POINT('Control Point',(10.333889424,-11.1480575049,-4.89431607051)) ;
#1807=CARTESIAN_POINT('Control Point',(10.2649080547,-10.9651640227,-5.32291121042)) ;
#1808=CARTESIAN_POINT('Control Point',(10.1622433007,-10.7866924141,-5.7977524492)) ;
#1809=CARTESIAN_POINT('Control Point',(10.1138065293,-10.713708753,-6.0023597413)) ;
#1810=CARTESIAN_POINT('Control Point',(9.99302249213,-10.5526616767,-6.47644237355)) ;
#1811=CARTESIAN_POINT('Control Point',(9.85370511381,-10.4055471138,-6.95669152543)) ;
#1812=CARTESIAN_POINT('Control Point',(9.77149364537,-10.3278145859,-7.2244834012)) ;
#1813=CARTESIAN_POINT('Control Point',(9.51733930316,-10.1079759902,-8.01704792931)) ;
#1814=CARTESIAN_POINT('Control Point',(9.24983973044,-9.92590300889,-8.76572234508)) ;
#1815=CARTESIAN_POINT('Control Point',(9.07155654922,-9.81686499728,-9.24280808739)) ;
#1816=CARTESIAN_POINT('Control Point',(8.7297834459,-9.62449357817,-10.1266838734)) ;
#1817=CARTESIAN_POINT('Control Point',(8.39596560367,-9.46058036932,-10.9439965404)) ;
#1818=CARTESIAN_POINT('Control Point',(8.23670417243,-9.38631350659,-11.325849644)) ;
#1819=CARTESIAN_POINT('Control Point',(7.39617455997,-9.0110211097,-13.3048565705)) ;
#1820=CARTESIAN_POINT('Control Point',(6.62667716196,-8.73943037243,-14.9493893052)) ;
#1821=CARTESIAN_POINT('Control Point',(6.05224289873,-8.54252003896,-16.130840788)) ;
#1822=CARTESIAN_POINT('Control Point',(5.52122223548,-8.37544453927,-17.1613508553)) ;
#1823=CARTESIAN_POINT('Control Point',(5.02901201465,-8.22799751747,-18.0680196854)) ;
#1836=CARTESIAN_POINT('Control Point',(-3.71277460998,-5.97863812279,-11.5454037738)) ;
#1837=CARTESIAN_POINT('Control Point',(-25.3999395342,-20.3197286513,-11.5454037738)) ;
#1838=CARTESIAN_POINT('Control Point',(-6.66364154846,-25.0848603093,-33.2535740806)) ;
#1839=CARTESIAN_POINT('Control Point',(15.0235233758,-10.7437697808,-33.2535740806)) ;
#1840=CARTESIAN_POINT('Control Point',(17.9743903143,8.36245240575,-11.5454037738)) ;
#1841=CARTESIAN_POINT('Control Point',(-3.71277460998,-5.97863812279,-11.5454037738)) ;
#1842=CARTESIAN_POINT('Control Point',(-3.36110339293,-6.55981455724,-11.0979973414)) ;
#1843=CARTESIAN_POINT('Control Point',(-24.6294890631,-21.5341996587,-10.7279847477)) ;
#1844=CARTESIAN_POINT('Control Point',(-6.02558831346,-25.9016537965,-32.6377206298)) ;
#1845=CARTESIAN_POINT('Control Point',(15.2427973567,-10.9272686951,-33.0077332238)) ;
#1846=CARTESIAN_POINT('Control Point',(17.9072822773,8.41457054426,-11.4680099358)) ;
#1847=CARTESIAN_POINT('Control Point',(-3.36110339293,-6.55981455724,-11.0979973414)) ;
#1848=CARTESIAN_POINT('Control Point',(-2.97829754557,-7.12351472175,-10.6504589812)) ;
#1849=CARTESIAN_POINT('Control Point',(-23.8000564741,-22.7111295235,-9.89901728338)) ;
#1850=CARTESIAN_POINT('Control Point',(-5.35739326721,-26.6914288024,-32.0204456719)) ;
#1851=CARTESIAN_POINT('Control Point',(15.4643656511,-11.1038140007,-32.7718873879)) ;
#1852=CARTESIAN_POINT('Control Point',(17.8434613793,8.46410007693,-11.4019006822)) ;
#1853=CARTESIAN_POINT('Control Point',(-2.97829754557,-7.12351472175,-10.6504589812)) ;
#1854=CARTESIAN_POINT('Control Point',(-2.56487913421,-7.66739366706,-10.2044546046)) ;
#1855=CARTESIAN_POINT('Control Point',(-22.9168357531,-23.8401815835,-9.06465934597)) ;
#1856=CARTESIAN_POINT('Control Point',(-4.66478528148,-27.449623283,-31.4059378337)) ;
#1857=CARTESIAN_POINT('Control Point',(15.6871713379,-11.2768353663,-32.5457330913)) ;
#1858=CARTESIAN_POINT('Control Point',(17.787077485,8.50539424934,-11.3442498622)) ;
#1859=CARTESIAN_POINT('Control Point',(-2.56487913421,-7.66739366706,-10.2044546046)) ;
#1860=CARTESIAN_POINT('Control Point',(-1.43188079246,-9.00651959414,-9.06659503542)) ;
#1861=CARTESIAN_POINT('Control Point',(-20.5260926011,-26.6057742274,-6.91986407699)) ;
#1862=CARTESIAN_POINT('Control Point',(-2.77972315742,-29.3613035306,-29.7938960121)) ;
#1863=CARTESIAN_POINT('Control Point',(16.3144886505,-11.7620488977,-31.9406269721)) ;
#1864=CARTESIAN_POINT('Control Point',(17.6623310157,8.59273503913,-11.2133259954)) ;
#1865=CARTESIAN_POINT('Control Point',(-1.43188079246,-9.00651959414,-9.06659503542)) ;
#1866=CARTESIAN_POINT('Control Point',(-0.144030178545,-10.1772274462,-7.95911963749)) ;
#1867=CARTESIAN_POINT('Control Point',(-17.8691735635,-28.9975488149,-4.78869408392)) ;
#1868=CARTESIAN_POINT('Control Point',(-0.673095313697,-31.1096794211,-28.1407974806)) ;
#1869=CARTESIAN_POINT('Control Point',(17.0520480724,-12.2893580519,-31.3112230317)) ;
#1870=CARTESIAN_POINT('Control Point',(17.581113207,8.64309392248,-11.1295451886)) ;
#1871=CARTESIAN_POINT('Control Point',(-0.144030178545,-10.1772274462,-7.95911963749)) ;
#1872=CARTESIAN_POINT('Control Point',(0.699621290524,-10.833789369,-7.28771100555)) ;
#1873=CARTESIAN_POINT('Control Point',(-16.1528820294,-30.3254940599,-3.48620056155)) ;
#1874=CARTESIAN_POINT('Control Point',(0.685796523357,-32.1028194554,-27.1231984687)) ;
#1875=CARTESIAN_POINT('Control Point',(17.5382998434,-12.6111147664,-30.9247089153)) ;
#1876=CARTESIAN_POINT('Control Point',(17.55212461,8.65791532118,-11.0892214546)) ;
#1877=CARTESIAN_POINT('Control Point',(0.699621290524,-10.833789369,-7.28771100555)) ;
#1878=CARTESIAN_POINT('Control Point',(2.74135194896,-12.1847956249,-5.7705845257)) ;
#1879=CARTESIAN_POINT('Control Point',(-12.045439086,-33.035984534,-0.520784099374)) ;
#1880=CARTESIAN_POINT('Control Point',(3.99463761761,-34.2107112296,-24.7499557563)) ;
#1881=CARTESIAN_POINT('Control Point',(18.7814286525,-13.3595223181,-29.9997561794)) ;
#1882=CARTESIAN_POINT('Control Point',(17.5281429846,8.66639328506,-11.0203849456)) ;
#1883=CARTESIAN_POINT('Control Point',(2.74135194896,-12.1847956249,-5.7705845257)) ;
#1884=CARTESIAN_POINT('Control Point',(4.96867671662,-13.1749131348,-4.31505068194)) ;
#1885=CARTESIAN_POINT('Control Point',(-7.67955770461,-34.9717007891,2.34747162071)) ;
#1886=CARTESIAN_POINT('Control Point',(7.63312575511,-35.8496622094,-22.3526654008)) ;
#1887=CARTESIAN_POINT('Control Point',(20.2813601765,-14.0528745583,-29.0151877076)) ;
#1888=CARTESIAN_POINT('Control Point',(17.616911137,8.62187451821,-10.9775729929)) ;
#1889=CARTESIAN_POINT('Control Point',(4.96867671662,-13.1749131348,-4.31505068194)) ;
#1890=CARTESIAN_POINT('Control Point',(6.2737658514,-13.6229203224,-3.50883689431)) ;
#1891=CARTESIAN_POINT('Control Point',(-5.15532015873,-35.8319366439,3.93683900822)) ;
#1892=CARTESIAN_POINT('Control Point',(9.78859892211,-36.6208815283,-20.9886117235)) ;
#1893=CARTESIAN_POINT('Control Point',(21.2176849309,-14.4118652032,-28.4342876196)) ;
#1894=CARTESIAN_POINT('Control Point',(17.7028518601,8.58609600206,-10.9545127839)) ;
#1895=CARTESIAN_POINT('Control Point',(6.27376585103,-13.6229203219,-3.50883689431)) ;
#1896=CARTESIAN_POINT('Control Point',(8.95927406396,-14.2891750738,-1.92515327792)) ;
#1897=CARTESIAN_POINT('Control Point',(-0.040123147057,-37.0833823304,7.04180067315)) ;
#1898=CARTESIAN_POINT('Control Point',(14.272294584,-37.8110558992,-18.2534823693)) ;
#1899=CARTESIAN_POINT('Control Point',(23.2716917963,-15.0168486462,-27.2204363268)) ;
#1900=CARTESIAN_POINT('Control Point',(17.9586712764,8.50503217973,-10.8921072418)) ;
#1901=CARTESIAN_POINT('Control Point',(8.95927406433,-14.2891750743,-1.92515327792)) ;
#1902=CARTESIAN_POINT('Control Point',(11.7067495104,-14.5123858482,-0.414115693868)) ;
#1903=CARTESIAN_POINT('Control Point',(5.04098103226,-37.4660721063,9.94820982063)) ;
#1904=CARTESIAN_POINT('Control Point',(18.9515978322,-38.2806174512,-15.5643110182)) ;
#1905=CARTESIAN_POINT('Control Point',(25.6173663091,-15.3269311895,-25.9266365263)) ;
#1906=CARTESIAN_POINT('Control Point',(18.3725179872,8.44130041291,-10.7764411956)) ;
#1907=CARTESIAN_POINT('Control Point',(11.7067495101,-14.5123858477,-0.414115693868)) ;
#1908=CARTESIAN_POINT('Control Point',(13.0909329771,-14.5202722067,0.328710827307)) ;
#1909=CARTESIAN_POINT('Control Point',(7.56309244924,-37.4619822264,11.3572150016)) ;
#1910=CARTESIAN_POINT('Control Point',(21.3306361767,-38.3366764597,-14.2301004578)) ;
#1911=CARTESIAN_POINT('Control Point',(26.8584767032,-15.3949664403,-25.2586046233)) ;
#1912=CARTESIAN_POINT('Control Point',(18.6187735047,8.42143781284,-10.6997933381)) ;
#1913=CARTESIAN_POINT('Control Point',(13.0909329771,-14.5202722067,0.328710827307)) ;
#1914=CARTESIAN_POINT('Control Point',(16.7295237239,-14.2644300439,2.24855148584)) ;
#1915=CARTESIAN_POINT('Control Point',(14.0906893795,-36.9558141085,14.9331890444)) ;
#1916=CARTESIAN_POINT('Control Point',(27.6310554382,-37.9881022771,-10.7694353301)) ;
#1917=CARTESIAN_POINT('Control Point',(30.2698897848,-15.2967182121,-23.4540729029)) ;
#1918=CARTESIAN_POINT('Control Point',(19.3683580688,8.42695402077,-10.4360860869)) ;
#1919=CARTESIAN_POINT('Control Point',(16.7295237239,-14.2644300439,2.24855148584)) ;
#1920=CARTESIAN_POINT('Control Point',(20.268482214,-13.3399553129,4.07187725273)) ;
#1921=CARTESIAN_POINT('Control Point',(20.1968105059,-35.3122246728,18.1464531712)) ;
#1922=CARTESIAN_POINT('Control Point',(33.8424153592,-36.4144516792,-7.496685193)) ;
#1923=CARTESIAN_POINT('Control Point',(33.9140870638,-14.4421823201,-21.5712610885)) ;
#1924=CARTESIAN_POINT('Control Point',(20.3401539214,8.63231404685,-10.0026986427)) ;
#1925=CARTESIAN_POINT('Control Point',(20.268482214,-13.3399553129,4.07187725273)) ;
#1926=CARTESIAN_POINT('Control Point',(22.4072783515,-12.535966617,5.17986659298)) ;
#1927=CARTESIAN_POINT('Control Point',(23.8083874392,-33.9346005082,20.0238088664)) ;
#1928=CARTESIAN_POINT('Control Point',(37.6093000982,-34.9993464831,-5.53964408472)) ;
#1929=CARTESIAN_POINT('Control Point',(36.2081910206,-13.6007125959,-20.3835863581)) ;
#1930=CARTESIAN_POINT('Control Point',(21.0061692727,8.86266727614,-9.66407566828)) ;
#1931=CARTESIAN_POINT('Control Point',(22.4072783551,-12.5359666193,5.17986659298)) ;
#1932=CARTESIAN_POINT('Control Point',(25.53158148,-10.9692733334,6.83695513226)) ;
#1933=CARTESIAN_POINT('Control Point',(28.9673003707,-31.3674819702,22.7021543288)) ;
#1934=CARTESIAN_POINT('Control Point',(43.0923609798,-32.2106925227,-2.69418235291)) ;
#1935=CARTESIAN_POINT('Control Point',(39.656642084,-11.8124838838,-18.5593815495)) ;
#1936=CARTESIAN_POINT('Control Point',(22.0958625849,9.42893530242,-9.02824407045)) ;
#1937=CARTESIAN_POINT('Control Point',(25.5315814782,-10.9692733322,6.83695513226)) ;
#1938=CARTESIAN_POINT('Control Point',(28.3928606804,-8.9639277557,8.44404887846)) ;
#1939=CARTESIAN_POINT('Control Point',(33.6131619635,-28.2167414112,25.1456234531)) ;
#1940=CARTESIAN_POINT('Control Point',(48.0817520633,-28.6188949167,-0.0646990868393)) ;
#1941=CARTESIAN_POINT('Control Point',(42.8614507829,-9.36608126216,-16.7662736615)) ;
#1942=CARTESIAN_POINT('Control Point',(23.1725593997,10.2888859003,-8.25752569307)) ;
#1943=CARTESIAN_POINT('Control Point',(28.3928606814,-8.9639277563,8.44404887846)) ;
#1944=CARTESIAN_POINT('Control Point',(29.3396489867,-8.22999547665,8.98854477868)) ;
#1945=CARTESIAN_POINT('Control Point',(35.124296392,-27.090979476,25.9471015002)) ;
#1946=CARTESIAN_POINT('Control Point',(49.7194104502,-27.3110780012,0.807108303093)) ;
#1947=CARTESIAN_POINT('Control Point',(43.9347629643,-8.45009390131,-16.1514485084)) ;
#1948=CARTESIAN_POINT('Control Point',(23.5550015472,10.630988622,-7.97001189044)) ;
#1949=CARTESIAN_POINT('Control Point',(29.3396489838,-8.22999546373,8.98854486128)) ;
#1950=CARTESIAN_POINT('Control Point',(30.2434355519,-7.45880061968,9.52458484674)) ;
#1951=CARTESIAN_POINT('Control Point',(36.5773761364,-25.9114470249,26.7265453005)) ;
#1952=CARTESIAN_POINT('Control Point',(51.2837839381,-25.9304274943,1.65110251829)) ;
#1953=CARTESIAN_POINT('Control Point',(44.949843353,-7.47778108887,-15.5508579359)) ;
#1954=CARTESIAN_POINT('Control Point',(23.9094949673,10.9938457852,-7.67737560622)) ;
#1955=CARTESIAN_POINT('Control Point',(30.2434355517,-7.45880061943,9.52458484674)) ;
#1956=CARTESIAN_POINT('Control Point',(31.112320327,-6.6446746482,10.0559758242)) ;
#1957=CARTESIAN_POINT('Control Point',(37.9837352759,-24.6684626441,27.4894701061)) ;
#1958=CARTESIAN_POINT('Control Point',(52.7811062576,-24.4746687861,2.46947298437)) ;
#1959=CARTESIAN_POINT('Control Point',(45.9096913087,-6.45088079018,-14.9640212975)) ;
#1960=CARTESIAN_POINT('Control Point',(24.2409053782,11.3791133477,-7.37751845772)) ;
#1961=CARTESIAN_POINT('Control Point',(31.112320327,-6.6446746482,10.0559758242)) ;
#1963=CARTESIAN_POINT('Control Point',(-3.71277460998,-5.97863812279,-11.5454037738)) ;
#1964=CARTESIAN_POINT('Control Point',(-25.3999395342,-20.3197286513,-11.5454037738)) ;
#1965=CARTESIAN_POINT('Control Point',(-6.66364154846,-25.0848603093,-33.2535740806)) ;
#1966=CARTESIAN_POINT('Control Point',(15.0235233758,-10.7437697808,-33.2535740806)) ;
#1967=CARTESIAN_POINT('Control Point',(17.9743903143,8.36245240575,-11.5454037738)) ;
#1968=CARTESIAN_POINT('Control Point',(-3.71277460998,-5.97863812279,-11.5454037738)) ;
#1969=CARTESIAN_POINT('Vertex',(-5.30834068854,-7.24871536104,-11.817441683)) ;
#1971=CARTESIAN_POINT('Vertex',(-6.98016172201,-9.41020264381,-13.1536643879)) ;
#1975=CARTESIAN_POINT('Control Point',(-3.71277460998,-5.97863812279,-11.5454037738)) ;
#1976=CARTESIAN_POINT('Control Point',(-25.3999395342,-20.3197286513,-11.5454037738)) ;
#1977=CARTESIAN_POINT('Control Point',(-6.66364154846,-25.0848603093,-33.2535740806)) ;
#1978=CARTESIAN_POINT('Control Point',(15.0235233758,-10.7437697808,-33.2535740806)) ;
#1979=CARTESIAN_POINT('Control Point',(17.9743903143,8.36245240575,-11.5454037738)) ;
#1980=CARTESIAN_POINT('Control Point',(-3.71277460998,-5.97863812279,-11.5454037738)) ;
#1983=CARTESIAN_POINT('Control Point',(6.2720380605,-14.71942725,-3.)) ;
#1984=CARTESIAN_POINT('Control Point',(5.2553271682,-14.9557847029,-3.42930415999)) ;
#1985=CARTESIAN_POINT('Control Point',(4.21459048261,-15.0595152107,-3.97444995993)) ;
#1986=CARTESIAN_POINT('Control Point',(3.18498545084,-15.0499092476,-4.57334696237)) ;
#1987=CARTESIAN_POINT('Control Point',(1.01221031572,-14.8092834705,-5.95324113213)) ;
#1988=CARTESIAN_POINT('Control Point',(-0.987537524415,-14.1544245915,-7.43591695755)) ;
#1989=CARTESIAN_POINT('Control Point',(-1.99302122811,-13.7029182225,-8.23788930895)) ;
#1990=CARTESIAN_POINT('Control Point',(-2.92093046991,-13.1711352953,-9.03176368476)) ;
#1991=CARTESIAN_POINT('Control Point',(-3.76775469624,-12.576210681,-9.8065601995)) ;
#1992=CARTESIAN_POINT('Vertex',(-3.76775469624,-12.576210681,-9.8065601995)) ;
#1996=CARTESIAN_POINT('Control Point',(-6.98032576083,-9.41016971697,-13.1534946742)) ;
#1997=CARTESIAN_POINT('Control Point',(-6.35241221077,-10.2753016104,-12.3932122917)) ;
#1998=CARTESIAN_POINT('Control Point',(-5.61162783129,-11.109259623,-11.5719232436)) ;
#1999=CARTESIAN_POINT('Control Point',(-4.74714661883,-11.8881524704,-10.7026486965)) ;
#2000=CARTESIAN_POINT('Control Point',(-3.76775469624,-12.576210681,-9.8065601995)) ;
#2011=CARTESIAN_POINT('Line Origine',(-3.67967925686,-12.2822278263,-10.5340098427)) ;
#2023=CARTESIAN_POINT('Control Point',(-10.170131496,12.3518591861,-3.)) ;
#2024=CARTESIAN_POINT('Control Point',(-9.64958047309,12.7804644895,-2.67191110808)) ;
#2025=CARTESIAN_POINT('Control Point',(-9.05804544038,13.2172013673,-2.52948725584)) ;
#2026=CARTESIAN_POINT('Control Point',(-8.44690464867,13.6073485887,-2.52260056942)) ;
#2027=CARTESIAN_POINT('Control Point',(-7.82388486306,13.9566050904,-2.60718289306)) ;
#2028=CARTESIAN_POINT('Vertex',(-10.170131496,12.3518591861,-3.)) ;
#2031=CARTESIAN_POINT('Axis2P3D Location',(0.,0.,-3.)) ;
#2047=CARTESIAN_POINT('Control Point',(-3.98317961614,7.14589454006,-19.4623416437)) ;
#2048=CARTESIAN_POINT('Control Point',(-4.08111539519,6.57283936477,-18.8191368901)) ;
#2049=CARTESIAN_POINT('Control Point',(-4.04948777929,6.05354517199,-18.1355455713)) ;
#2050=CARTESIAN_POINT('Control Point',(-3.8962055344,5.6078169776,-17.4432473151)) ;
#2051=CARTESIAN_POINT('Control Point',(-3.38980063014,4.87896402662,-16.0971889357)) ;
#2052=CARTESIAN_POINT('Control Point',(-2.57253423033,4.47100085285,-14.8970666544)) ;
#2053=CARTESIAN_POINT('Control Point',(-2.1086614097,4.3464518471,-14.3512974253)) ;
#2054=CARTESIAN_POINT('Control Point',(-0.61925908298,4.18356393292,-12.8988645574)) ;
#2055=CARTESIAN_POINT('Control Point',(1.01503310357,4.56570732618,-12.0148839329)) ;
#2056=CARTESIAN_POINT('Control Point',(2.03152903618,4.97835023079,-11.6864613143)) ;
#2057=CARTESIAN_POINT('Control Point',(2.9326576786,5.46276951688,-11.5454037738)) ;
#2058=CARTESIAN_POINT('Control Point',(3.71277460998,5.97863812279,-11.5454037738)) ;
#2059=CARTESIAN_POINT('Control Point',(-4.26990404393,7.55684206629,-19.1031673436)) ;
#2060=CARTESIAN_POINT('Control Point',(-4.35915162606,6.97649895439,-18.4651328013)) ;
#2061=CARTESIAN_POINT('Control Point',(-4.32091089856,6.45342221423,-17.7847208849)) ;
#2062=CARTESIAN_POINT('Control Point',(-4.1632726831,6.00740401026,-17.0935738065)) ;
#2063=CARTESIAN_POINT('Control Point',(-3.65242200814,5.28407196268,-15.74619857)) ;
#2064=CARTESIAN_POINT('Control Point',(-2.83825475206,4.89171195137,-14.5386617594)) ;
#2065=CARTESIAN_POINT('Control Point',(-2.37757190958,4.77695136583,-13.9879474326)) ;
#2066=CARTESIAN_POINT('Control Point',(-0.901581386087,4.64755688583,-12.5180051517)) ;
#2067=CARTESIAN_POINT('Control Point',(0.71049406283,5.07133814636,-11.6109504863)) ;
#2068=CARTESIAN_POINT('Control Point',(1.71083205542,5.51140311528,-11.2669718131)) ;
#2069=CARTESIAN_POINT('Control Point',(2.59605052307,6.02116548092,-11.1113071996)) ;
#2070=CARTESIAN_POINT('Control Point',(3.36110339293,6.55981455724,-11.0979973414)) ;
#2071=CARTESIAN_POINT('Control Point',(-4.57613713052,7.95494923104,-18.7480086188)) ;
#2072=CARTESIAN_POINT('Control Point',(-4.65671244662,7.3676106317,-18.1151880261)) ;
#2073=CARTESIAN_POINT('Control Point',(-4.61204980121,6.84093659521,-17.4379305551)) ;
#2074=CARTESIAN_POINT('Control Point',(-4.45040493795,6.39470381062,-16.7478455506)) ;
#2075=CARTESIAN_POINT('Control Point',(-3.93605525453,5.67684653949,-15.3988705177)) ;
#2076=CARTESIAN_POINT('Control Point',(-3.12630092045,5.29971016078,-14.183474369)) ;
#2077=CARTESIAN_POINT('Control Point',(-2.66952391645,5.1944800861,-13.6275641207)) ;
#2078=CARTESIAN_POINT('Control Point',(-1.20917761253,5.0976568288,-12.1393107273)) ;
#2079=CARTESIAN_POINT('Control Point',(0.378387855181,5.56184131176,-11.208310957)) ;
#2080=CARTESIAN_POINT('Control Point',(1.36119032679,6.02849094707,-10.8482371362)) ;
#2081=CARTESIAN_POINT('Control Point',(2.22931044951,6.56280693599,-10.6774893651)) ;
#2082=CARTESIAN_POINT('Control Point',(2.97829754557,7.12351472175,-10.6504589812)) ;
#2083=CARTESIAN_POINT('Control Point',(-4.90134762599,8.3402950392,-18.3976344288)) ;
#2084=CARTESIAN_POINT('Control Point',(-4.9734231448,7.74632296344,-17.7699946022)) ;
#2085=CARTESIAN_POINT('Control Point',(-4.92266690621,7.21626080124,-17.0958129781)) ;
#2086=CARTESIAN_POINT('Control Point',(-4.75747747506,6.769868408,-16.4066717336)) ;
#2087=CARTESIAN_POINT('Control Point',(-4.24074989429,6.05732322575,-15.0558003319)) ;
#2088=CARTESIAN_POINT('Control Point',(-3.43679891247,5.69479224234,-13.8321636421)) ;
#2089=CARTESIAN_POINT('Control Point',(-2.98465860104,5.59869223433,-13.2708546739)) ;
#2090=CARTESIAN_POINT('Control Point',(-1.5421739201,5.53304472948,-11.7636690773)) ;
#2091=CARTESIAN_POINT('Control Point',(0.0187542479163,6.03584155703,-10.8081138122)) ;
#2092=CARTESIAN_POINT('Control Point',(0.982793438875,6.52788097396,-10.431587379)) ;
#2093=CARTESIAN_POINT('Control Point',(1.8327914685,7.08563640533,-10.2454545961)) ;
#2094=CARTESIAN_POINT('Control Point',(2.56487913421,7.66739366706,-10.2044546046)) ;
#2095=CARTESIAN_POINT('Control Point',(-5.79988372239,9.31124641799,-17.4941315902)) ;
#2096=CARTESIAN_POINT('Control Point',(-5.84906677565,8.69961896395,-16.8810292435)) ;
#2097=CARTESIAN_POINT('Control Point',(-5.78185130889,8.15971931408,-16.2159967551)) ;
#2098=CARTESIAN_POINT('Control Point',(-5.60702499193,7.71133943218,-15.5304914555)) ;
#2099=CARTESIAN_POINT('Control Point',(-5.08364467531,7.00863559229,-14.1770147689)) ;
#2100=CARTESIAN_POINT('Control Point',(-4.29497470735,6.67893703349,-12.9340727924)) ;
#2101=CARTESIAN_POINT('Control Point',(-3.85513141516,6.60383313657,-12.3597031363)) ;
#2102=CARTESIAN_POINT('Control Point',(-2.46015615959,6.61082879121,-10.8059238747)) ;
#2103=CARTESIAN_POINT('Control Point',(-0.970352540477,7.20570930589,-9.78821844866)) ;
#2104=CARTESIAN_POINT('Control Point',(-0.0564760618804,7.75888268986,-9.36959717161)) ;
#2105=CARTESIAN_POINT('Control Point',(0.74503592478,8.37345037707,-9.14381587893)) ;
#2106=CARTESIAN_POINT('Control Point',(1.43188079246,9.00651959414,-9.06659503542)) ;
#2107=CARTESIAN_POINT('Control Point',(-6.83257366613,10.1987258809,-16.6017372557)) ;
#2108=CARTESIAN_POINT('Control Point',(-6.85683364783,9.56939100287,-16.0052972709)) ;
#2109=CARTESIAN_POINT('Control Point',(-6.77169748072,9.01831321096,-15.3515673479)) ;
#2110=CARTESIAN_POINT('Control Point',(-6.58637659534,8.56543972969,-14.6717851529)) ;
#2111=CARTESIAN_POINT('Control Point',(-6.05574553428,7.86573100789,-13.3196002938)) ;
#2112=CARTESIAN_POINT('Control Point',(-5.28370093295,7.55929672847,-12.0605449813)) ;
#2113=CARTESIAN_POINT('Control Point',(-4.85723935649,7.49996437989,-11.4744949561)) ;
#2114=CARTESIAN_POINT('Control Point',(-3.51396871243,7.5632849549,-9.87759842555)) ;
#2115=CARTESIAN_POINT('Control Point',(-2.10157888781,8.23342441153,-8.79929622441)) ;
#2116=CARTESIAN_POINT('Control Point',(-1.24230281013,8.83760430321,-8.33884092961)) ;
#2117=CARTESIAN_POINT('Control Point',(-0.493567428815,9.50023479158,-8.07316417308)) ;
#2118=CARTESIAN_POINT('Control Point',(0.144030178545,10.1772274462,-7.95911963749)) ;
#2119=CARTESIAN_POINT('Control Point',(-7.51113433665,10.7064676248,-16.0593536143)) ;
#2120=CARTESIAN_POINT('Control Point',(-7.51970597215,10.0668350524,-15.4734763463)) ;
#2121=CARTESIAN_POINT('Control Point',(-7.42335697944,9.5090143021,-14.8270233057)) ;
#2122=CARTESIAN_POINT('Control Point',(-7.23155917949,9.05306562627,-14.1510824109)) ;
#2123=CARTESIAN_POINT('Control Point',(-6.69671901525,8.35382840946,-12.8003029325)) ;
#2124=CARTESIAN_POINT('Control Point',(-5.93563868239,8.05913766384,-11.5318573628)) ;
#2125=CARTESIAN_POINT('Control Point',(-5.5178734917,8.00800046046,-10.9388537734)) ;
#2126=CARTESIAN_POINT('Control Point',(-4.20800310387,8.1010220187,-9.31603426299)) ;
#2127=CARTESIAN_POINT('Control Point',(-2.84522583058,8.81176930407,-8.20077644893)) ;
#2128=CARTESIAN_POINT('Control Point',(-2.0208513877,9.44370737553,-7.71468069481)) ;
#2129=CARTESIAN_POINT('Control Point',(-1.30579779872,10.1326411004,-7.4244737498)) ;
#2130=CARTESIAN_POINT('Control Point',(-0.699589249591,10.8337842061,-7.28772883317)) ;
#2131=CARTESIAN_POINT('Control Point',(-9.20823003975,11.8021833971,-14.7943585832)) ;
#2132=CARTESIAN_POINT('Control Point',(-9.17759192324,11.1390683175,-14.234999007)) ;
#2133=CARTESIAN_POINT('Control Point',(-9.05272096916,10.5649444894,-13.6075093168)) ;
#2134=CARTESIAN_POINT('Control Point',(-8.84378649682,10.1002168488,-12.9425363093)) ;
#2135=CARTESIAN_POINT('Control Point',(-8.29581705097,9.39719756694,-11.5989266376)) ;
#2136=CARTESIAN_POINT('Control Point',(-7.55847128395,9.12245821669,-10.3120260501)) ;
#2137=CARTESIAN_POINT('Control Point',(-7.16043441508,9.08627412369,-9.7043656159)) ;
#2138=CARTESIAN_POINT('Control Point',(-5.92776611832,9.23534485689,-8.02522317761)) ;
#2139=CARTESIAN_POINT('Control Point',(-4.6824961927,10.026614584,-6.82624365411)) ;
#2140=CARTESIAN_POINT('Control Point',(-3.94143882028,10.7145692073,-6.28123720442)) ;
#2141=CARTESIAN_POINT('Control Point',(-3.30718141879,11.4571842251,-5.9341702635)) ;
#2142=CARTESIAN_POINT('Control Point',(-2.7765615457,12.2080724266,-5.74442964673)) ;
#2143=CARTESIAN_POINT('Control Point',(-11.1210873963,12.6568941918,-13.5459769864)) ;
#2144=CARTESIAN_POINT('Control Point',(-11.0467899161,11.9738174639,-13.0157407953)) ;
#2145=CARTESIAN_POINT('Control Point',(-10.8891387412,11.3844523949,-12.4102146372)) ;
#2146=CARTESIAN_POINT('Control Point',(-10.6591756808,10.9096266353,-11.7594541892)) ;
#2147=CARTESIAN_POINT('Control Point',(-10.091232549,10.1961453982,-10.4296775379)) ;
#2148=CARTESIAN_POINT('Control Point',(-9.37278770928,9.9281785426,-9.13088498707)) ;
#2149=CARTESIAN_POINT('Control Point',(-8.99260086126,9.8991332825,-8.51170920463)) ;
#2150=CARTESIAN_POINT('Control Point',(-7.83302023218,10.0784232051,-6.78503784372)) ;
#2151=CARTESIAN_POINT('Control Point',(-6.7052780619,10.920121682,-5.50892699639)) ;
#2152=CARTESIAN_POINT('Control Point',(-6.04896510796,11.6448290189,-4.90815469037)) ;
#2153=CARTESIAN_POINT('Control Point',(-5.49772828446,12.4236775666,-4.50636875647)) ;
#2154=CARTESIAN_POINT('Control Point',(-5.04540304903,13.208904885,-4.26495959588)) ;
#2155=CARTESIAN_POINT('Control Point',(-12.28194344,13.063508445,-12.8316024693)) ;
#2156=CARTESIAN_POINT('Control Point',(-12.1809579478,12.3704372409,-12.318847037)) ;
#2157=CARTESIAN_POINT('Control Point',(-12.0028134083,11.7730616669,-11.7268521798)) ;
#2158=CARTESIAN_POINT('Control Point',(-11.7591277021,11.29245662,-11.0852861075)) ;
#2159=CARTESIAN_POINT('Control Point',(-11.176587343,10.5717482482,-9.76563712366)) ;
#2160=CARTESIAN_POINT('Control Point',(-10.466339621,10.3043762122,-8.46227168141)) ;
#2161=CARTESIAN_POINT('Control Point',(-10.0952281272,10.2773758817,-7.8375870342)) ;
#2162=CARTESIAN_POINT('Control Point',(-8.97458273502,10.4670132568,-6.08677496782)) ;
#2163=CARTESIAN_POINT('Control Point',(-7.91274524192,11.3290146767,-4.7689047701)) ;
#2164=CARTESIAN_POINT('Control Point',(-7.30465486546,12.069141501,-4.13739568348)) ;
#2165=CARTESIAN_POINT('Control Point',(-6.80106987539,12.863551931,-3.70513223089)) ;
#2166=CARTESIAN_POINT('Control Point',(-6.39398589057,13.6637910385,-3.43471103547)) ;
#2167=CARTESIAN_POINT('Control Point',(-13.5078927569,13.376270865,-12.1130256621)) ;
#2168=CARTESIAN_POINT('Control Point',(-13.3785896083,12.6751975431,-11.6183558727)) ;
#2169=CARTESIAN_POINT('Control Point',(-13.1782149822,12.0711419349,-11.040669084)) ;
#2170=CARTESIAN_POINT('Control Point',(-12.9190435409,11.5854018889,-10.4092036836)) ;
#2171=CARTESIAN_POINT('Control Point',(-12.318470624,10.8575107549,-9.10165010363)) ;
#2172=CARTESIAN_POINT('Control Point',(-11.6133443286,10.5886520621,-7.79582705665)) ;
#2173=CARTESIAN_POINT('Control Point',(-11.249906254,10.5622153586,-7.16668647727)) ;
#2174=CARTESIAN_POINT('Control Point',(-10.16445626,10.7567798153,-5.39478734863)) ;
#2175=CARTESIAN_POINT('Control Point',(-9.16622181122,11.6315647126,-4.03773441647)) ;
#2176=CARTESIAN_POINT('Control Point',(-8.60548455847,12.3819437723,-3.3768496855)) ;
#2177=CARTESIAN_POINT('Control Point',(-8.14916170187,13.1870029003,-2.91515167104)) ;
#2178=CARTESIAN_POINT('Control Point',(-7.78729164599,13.9977299645,-2.6164881545)) ;
#2179=CARTESIAN_POINT('Control Point',(-14.7719385645,13.5889037137,-11.398112807)) ;
#2180=CARTESIAN_POINT('Control Point',(-14.6133158161,12.8821104629,-10.9216905869)) ;
#2181=CARTESIAN_POINT('Control Point',(-14.3894728527,12.2730943323,-10.3587007664)) ;
#2182=CARTESIAN_POINT('Control Point',(-14.1134067352,11.7833299511,-9.73792359491)) ;
#2183=CARTESIAN_POINT('Control Point',(-13.4917955786,11.0493316025,-8.44394070845)) ;
#2184=CARTESIAN_POINT('Control Point',(-12.7886435718,10.7780424926,-7.13755972105)) ;
#2185=CARTESIAN_POINT('Control Point',(-12.4313299041,10.7512605473,-6.50497441471)) ;
#2186=CARTESIAN_POINT('Control Point',(-11.3766272885,10.9470072781,-4.71508654072)) ;
#2187=CARTESIAN_POINT('Control Point',(-10.4383588292,11.8285104268,-3.3218992774)) ;
#2188=CARTESIAN_POINT('Control Point',(-9.92310047259,12.5847590926,-2.63342535675)) ;
#2189=CARTESIAN_POINT('Control Point',(-9.512641238,13.3961680328,-2.14380218734)) ;
#2190=CARTESIAN_POINT('Control Point',(-9.19498838373,14.2133249013,-1.81814261365)) ;
#2192=CARTESIAN_POINT('Control Point',(-4.00476416419,7.00142666923,-19.2975906163)) ;
#2193=CARTESIAN_POINT('Control Point',(-4.25050739795,5.07536383666,-17.0659447898)) ;
#2194=CARTESIAN_POINT('Control Point',(-3.06487509033,3.88694523297,-14.5699743751)) ;
#2195=CARTESIAN_POINT('Control Point',(-0.904012200454,3.73803127932,-12.5733556211)) ;
#2196=CARTESIAN_POINT('Control Point',(1.56109048128,4.55579207622,-11.5454037741)) ;
#2197=CARTESIAN_POINT('Control Point',(3.71277460928,5.97863812233,-11.5454037738)) ;
#2200=CARTESIAN_POINT('Control Point',(-4.77860735685,8.1767338957,-18.5424815659)) ;
#2201=CARTESIAN_POINT('Control Point',(-4.7558087224,8.14672642726,-18.5643462586)) ;
#2202=CARTESIAN_POINT('Control Point',(-4.73328465187,8.11668087748,-18.5858901151)) ;
#2203=CARTESIAN_POINT('Control Point',(-4.71013968334,8.08543033469,-18.6079595636)) ;
#2204=CARTESIAN_POINT('Control Point',(-4.6613102253,8.01870069709,-18.6545676374)) ;
#2205=CARTESIAN_POINT('Control Point',(-4.61255956254,7.9506817638,-18.7012576203)) ;
#2206=CARTESIAN_POINT('Control Point',(-4.59402426171,7.9246215434,-18.7190712065)) ;
#2207=CARTESIAN_POINT('Control Point',(-4.54702897628,7.85809105554,-18.7644508374)) ;
#2208=CARTESIAN_POINT('Control Point',(-4.50049829856,7.79126015228,-18.8098561371)) ;
#2209=CARTESIAN_POINT('Control Point',(-4.4778854459,7.75856682944,-18.8320488078)) ;
#2210=CARTESIAN_POINT('Control Point',(-4.36528025874,7.59476043838,-18.9432671087)) ;
#2211=CARTESIAN_POINT('Control Point',(-4.25490544957,7.42950805766,-19.0561424471)) ;
#2212=CARTESIAN_POINT('Control Point',(-4.16794478145,7.29706388682,-19.1484038462)) ;
#2213=CARTESIAN_POINT('Control Point',(-4.08319375993,7.16652414169,-19.2423296148)) ;
#2214=CARTESIAN_POINT('Control Point',(-4.00014552145,7.03617989905,-19.3377032669)) ;
#2215=CARTESIAN_POINT('Vertex',(-4.77864576818,8.17669587134,-18.5424694476)) ;
#2219=CARTESIAN_POINT('Control Point',(-5.02901201465,8.22799751747,-18.0680196854)) ;
#2220=CARTESIAN_POINT('Control Point',(-4.94516300168,8.20287961719,-18.2224725661)) ;
#2221=CARTESIAN_POINT('Control Point',(-4.86199845454,8.18547216845,-18.3809908363)) ;
#2222=CARTESIAN_POINT('Control Point',(-4.77859489178,8.17671748918,-18.5424935204)) ;
#2223=CARTESIAN_POINT('Vertex',(-5.02901201465,8.22799751747,-18.0680196854)) ;
#2227=CARTESIAN_POINT('Control Point',(-10.170131496,12.3518591861,-3.)) ;
#2228=CARTESIAN_POINT('Control Point',(-10.2532154197,12.1974324731,-3.15740482731)) ;
#2229=CARTESIAN_POINT('Control Point',(-10.322482618,12.0326579424,-3.34968450307)) ;
#2230=CARTESIAN_POINT('Control Point',(-10.3745456192,11.854229124,-3.58831746714)) ;
#2231=CARTESIAN_POINT('Control Point',(-10.4123005964,11.5679637659,-4.03554355549)) ;
#2232=CARTESIAN_POINT('Control Point',(-10.3615274978,11.2535867471,-4.66624323027)) ;
#2233=CARTESIAN_POINT('Control Point',(-10.3338894235,11.1480575034,-4.89431607386)) ;
#2234=CARTESIAN_POINT('Control Point',(-10.264908054,10.9651640212,-5.32291121399)) ;
#2235=CARTESIAN_POINT('Control Point',(-10.1622432999,10.7866924128,-5.79775245283)) ;
#2236=CARTESIAN_POINT('Control Point',(-10.1138065285,10.7137087518,-6.00235974468)) ;
#2237=CARTESIAN_POINT('Control Point',(-9.99302249112,10.5526616755,-6.47644237726)) ;
#2238=CARTESIAN_POINT('Control Point',(-9.85370511263,10.4055471126,-6.95669152937)) ;
#2239=CARTESIAN_POINT('Control Point',(-9.77149364422,10.3278145848,-7.22448340488)) ;
#2240=CARTESIAN_POINT('Control Point',(-9.5173393017,10.1079759891,-8.01704793357)) ;
#2241=CARTESIAN_POINT('Control Point',(-9.24983972873,9.92590300778,-8.76572234976)) ;
#2242=CARTESIAN_POINT('Control Point',(-9.07155654753,9.81686499627,-9.24280809186)) ;
#2243=CARTESIAN_POINT('Control Point',(-8.72978344395,9.62449357714,-10.1266838783)) ;
#2244=CARTESIAN_POINT('Control Point',(-8.39596560147,9.46058036827,-10.9439965457)) ;
#2245=CARTESIAN_POINT('Control Point',(-8.23670417015,9.38631350554,-11.3258496495)) ;
#2246=CARTESIAN_POINT('Control Point',(-7.39617455824,9.01102110909,-13.3048565742)) ;
#2247=CARTESIAN_POINT('Control Point',(-6.62667716076,8.73943037201,-14.9493893078)) ;
#2248=CARTESIAN_POINT('Control Point',(-6.05224289793,8.5425200387,-16.1308407895)) ;
#2249=CARTESIAN_POINT('Control Point',(-5.52122223512,8.37544453916,-17.161350856)) ;
#2250=CARTESIAN_POINT('Control Point',(-5.02901201465,8.22799751747,-18.0680196854)) ;
#2263=CARTESIAN_POINT('Control Point',(-3.98272166653,7.00878862075,-19.3577725453)) ;
#2264=CARTESIAN_POINT('Control Point',(-4.03566424303,7.2529493516,-19.4274746827)) ;
#2265=CARTESIAN_POINT('Control Point',(-4.08797453555,7.49732125831,-19.4959234292)) ;
#2266=CARTESIAN_POINT('Control Point',(-4.13971306193,7.7418841286,-19.5631018028)) ;
#2267=CARTESIAN_POINT('Control Point',(-4.1909387305,7.98661828774,-19.6290008654)) ;
#2268=CARTESIAN_POINT('Control Point',(-4.24170757537,8.23150502094,-19.69361828)) ;
#2269=CARTESIAN_POINT('Control Point',(-4.05323020095,7.11981610939,-19.2763199295)) ;
#2270=CARTESIAN_POINT('Control Point',(-4.10773522146,7.36364029364,-19.3447136571)) ;
#2271=CARTESIAN_POINT('Control Point',(-4.16163502184,7.60767057928,-19.4118919797)) ;
#2272=CARTESIAN_POINT('Control Point',(-4.2149871219,7.85188734506,-19.4778389788)) ;
#2273=CARTESIAN_POINT('Control Point',(-4.26784751363,8.09627149266,-19.54254625)) ;
#2274=CARTESIAN_POINT('Control Point',(-4.32026950152,8.34080484213,-19.6060115759)) ;
#2275=CARTESIAN_POINT('Control Point',(-4.12507330594,7.23103290702,-19.1957162)) ;
#2276=CARTESIAN_POINT('Control Point',(-4.18138103584,7.47442182602,-19.2620907541)) ;
#2277=CARTESIAN_POINT('Control Point',(-4.23712020193,7.71800814584,-19.3273207791)) ;
#2278=CARTESIAN_POINT('Control Point',(-4.2923432839,7.96177357469,-19.3913913465)) ;
#2279=CARTESIAN_POINT('Control Point',(-4.34710146206,8.20570027779,-19.4542941878)) ;
#2280=CARTESIAN_POINT('Control Point',(-4.4014436049,8.44977123015,-19.5160265815)) ;
#2281=CARTESIAN_POINT('Control Point',(-4.19984839245,7.34571691305,-19.1147586211)) ;
#2282=CARTESIAN_POINT('Control Point',(-4.25795870092,7.5886457561,-19.1790545303)) ;
#2283=CARTESIAN_POINT('Control Point',(-4.31553661054,7.83176290391,-19.2422764574)) ;
#2284=CARTESIAN_POINT('Control Point',(-4.37262984124,8.07505139863,-19.304410456)) ;
#2285=CARTESIAN_POINT('Control Point',(-4.42928500878,8.31849467903,-19.3654484667)) ;
#2286=CARTESIAN_POINT('Control Point',(-4.48554674412,8.56207689316,-19.4253873816)) ;
#2287=CARTESIAN_POINT('Control Point',(-4.35688183334,7.5831606189,-18.9507237216)) ;
#2288=CARTESIAN_POINT('Control Point',(-4.41869195528,7.825072579,-19.0106500444)) ;
#2289=CARTESIAN_POINT('Control Point',(-4.48003841037,8.06715465203,-19.0696491169)) ;
#2290=CARTESIAN_POINT('Control Point',(-4.54095979613,8.30939262573,-19.1277086011)) ;
#2291=CARTESIAN_POINT('Control Point',(-4.60149398184,8.55177255824,-19.1848206437)) ;
#2292=CARTESIAN_POINT('Control Point',(-4.66167745463,8.79428101884,-19.2409812519)) ;
#2293=CARTESIAN_POINT('Control Point',(-4.52522036236,7.82833164284,-18.7846864285)) ;
#2294=CARTESIAN_POINT('Control Point',(-4.58973202241,8.06952367963,-18.8426448854)) ;
#2295=CARTESIAN_POINT('Control Point',(-4.65382039063,8.31087654292,-18.8997146209)) ;
#2296=CARTESIAN_POINT('Control Point',(-4.71752118927,8.55237663635,-18.9558851915)) ;
#2297=CARTESIAN_POINT('Control Point',(-4.7808693859,8.79401065159,-19.0111501846)) ;
#2298=CARTESIAN_POINT('Control Point',(-4.84389863398,9.03576578133,-19.065506645)) ;
#2299=CARTESIAN_POINT('Control Point',(-4.61152600386,7.95120044725,-18.701658413)) ;
#2300=CARTESIAN_POINT('Control Point',(-4.67749226183,8.19197079993,-18.7584171423)) ;
#2301=CARTESIAN_POINT('Control Point',(-4.74305552197,8.43289679138,-18.8143186197)) ;
#2302=CARTESIAN_POINT('Control Point',(-4.80824952554,8.67396540201,-18.8693530266)) ;
#2303=CARTESIAN_POINT('Control Point',(-4.87310731347,8.91516388175,-18.9235142842)) ;
#2304=CARTESIAN_POINT('Control Point',(-4.93766071443,9.15647994753,-18.9767995341)) ;
#2305=CARTESIAN_POINT('Control Point',(-4.69697364284,8.06923994994,-18.6208296384)) ;
#2306=CARTESIAN_POINT('Control Point',(-4.76321956155,8.31004493825,-18.6791444037)) ;
#2307=CARTESIAN_POINT('Control Point',(-4.82905969557,8.55100932565,-18.7365131676)) ;
#2308=CARTESIAN_POINT('Control Point',(-4.89453172017,8.79211834772,-18.79292758)) ;
#2309=CARTESIAN_POINT('Control Point',(-4.95967226486,9.03335764682,-18.8483835316)) ;
#2310=CARTESIAN_POINT('Control Point',(-5.02451635763,9.27471349018,-18.902880477)) ;
#2311=CARTESIAN_POINT('Control Point',(-4.77864576818,8.17669587134,-18.5424694476)) ;
#2312=CARTESIAN_POINT('Control Point',(-4.84503643343,8.41760914941,-18.602684729)) ;
#2313=CARTESIAN_POINT('Control Point',(-4.91101780718,8.65868583426,-18.6618364551)) ;
#2314=CARTESIAN_POINT('Control Point',(-4.9766330816,8.89990868155,-18.7199189468)) ;
#2315=CARTESIAN_POINT('Control Point',(-5.04192378439,9.14126111145,-18.7769314773)) ;
#2316=CARTESIAN_POINT('Control Point',(-5.1069291932,9.38272744249,-18.8328773077)) ;
#2318=CARTESIAN_POINT('Control Point',(-4.77864576818,8.17669587134,-18.5424694476)) ;
#2319=CARTESIAN_POINT('Control Point',(-4.63832929751,8.16196574579,-18.8141793078)) ;
#2320=CARTESIAN_POINT('Control Point',(-4.50371561617,8.16382980486,-19.0951061914)) ;
#2321=CARTESIAN_POINT('Control Point',(-4.36939424786,8.18699032064,-19.3966713739)) ;
#2322=CARTESIAN_POINT('Control Point',(-4.24170757537,8.23150502093,-19.69361828)) ;
#2323=CARTESIAN_POINT('Vertex',(-4.24171005667,8.23150412527,-19.6936124882)) ;
#2327=CARTESIAN_POINT('Control Point',(-3.98272166653,7.00878862075,-19.3577725453)) ;
#2328=CARTESIAN_POINT('Control Point',(-4.07095917036,7.41572260178,-19.4739426115)) ;
#2329=CARTESIAN_POINT('Control Point',(-4.15709259244,7.82335932288,-19.5859222751)) ;
#2330=CARTESIAN_POINT('Control Point',(-4.24170721957,8.23150330471,-19.6936178272)) ;
#2339=CARTESIAN_POINT('Axis2P3D Location',(1.7626086328,8.92766547355,-17.)) ;
#2345=CARTESIAN_POINT('Control Point',(-3.95697642395,7.01738724737,-19.4263519689)) ;
#2346=CARTESIAN_POINT('Control Point',(-3.82075853419,6.4704708301,-19.316865497)) ;
#2347=CARTESIAN_POINT('Control Point',(-3.62541703784,5.92954874365,-19.1816359033)) ;
#2348=CARTESIAN_POINT('Control Point',(-3.36786706887,5.40541425284,-19.0202579935)) ;
#2349=CARTESIAN_POINT('Control Point',(-2.69178591393,4.36134099811,-18.6263251178)) ;
#2350=CARTESIAN_POINT('Control Point',(-1.76279841519,3.51547589062,-18.1377151741)) ;
#2351=CARTESIAN_POINT('Control Point',(-1.20487234351,3.13726570194,-17.8558830598)) ;
#2352=CARTESIAN_POINT('Control Point',(-0.356497482158,2.74694024025,-17.4438688673)) ;
#2353=CARTESIAN_POINT('Control Point',(0.48456990713,2.54628078319,-17.0520733887)) ;
#2354=CARTESIAN_POINT('Control Point',(0.720080652017,2.50455964186,-16.9436599387)) ;
#2355=CARTESIAN_POINT('Control Point',(1.17152266563,2.44949036248,-16.7380740599)) ;
#2356=CARTESIAN_POINT('Control Point',(1.56257384968,2.44040698607,-16.5634462177)) ;
#2357=CARTESIAN_POINT('Control Point',(1.7390769045,2.44446209371,-16.485356785)) ;
#2358=CARTESIAN_POINT('Control Point',(2.27164399208,2.47488549544,-16.2513618353)) ;
#2359=CARTESIAN_POINT('Control Point',(2.62306238042,2.54231344203,-16.1011983326)) ;
#2360=CARTESIAN_POINT('Control Point',(2.82659555705,2.5867113751,-16.0147030903)) ;
#2361=CARTESIAN_POINT('Control Point',(3.13180748175,2.66657046436,-15.8861877754)) ;
#2362=CARTESIAN_POINT('Control Point',(3.40952206185,2.7589889708,-15.7710186931)) ;
#2363=CARTESIAN_POINT('Control Point',(3.52523901997,2.80074960317,-15.7232068314)) ;
#2364=CARTESIAN_POINT('Control Point',(3.76483370746,2.89372683008,-15.6251688782)) ;
#2365=CARTESIAN_POINT('Control Point',(4.0468718166,3.02347081921,-15.5115074749)) ;
#2366=CARTESIAN_POINT('Control Point',(4.20445021332,3.1019773534,-15.4483799657)) ;
#2367=CARTESIAN_POINT('Control Point',(4.39069100768,3.20243102812,-15.374587452)) ;
#2368=CARTESIAN_POINT('Control Point',(4.61392566074,3.34296853355,-15.2879394594)) ;
#2369=CARTESIAN_POINT('Vertex',(-3.95697642395,7.01738724737,-19.4263519689)) ;
#2371=CARTESIAN_POINT('Vertex',(4.61392566135,3.34296853376,-15.2879394598)) ;
#2374=CARTESIAN_POINT('Axis2P3D Location',(1.7626086328,8.92766547355,-17.)) ;
#2378=CARTESIAN_POINT('Vertex',(-3.97364828368,7.01181903039,-19.3822025511)) ;
#2381=CARTESIAN_POINT('Axis2P3D Location',(1.7626086328,8.92766547355,-17.)) ;
#2386=CARTESIAN_POINT('Axis2P3D Location',(1.7626086328,8.92766547355,-17.)) ;
#2401=CARTESIAN_POINT('Axis2P3D Location',(0.,0.,-15.5)) ;
#2406=CARTESIAN_POINT('Line Origine',(-2.65466562214,-8.86088316335,-53.5057611062)) ;
#2410=CARTESIAN_POINT('Vertex',(-2.65466562214,-8.86088316335,-35.3162666865)) ;
#2412=CARTESIAN_POINT('Vertex',(-2.65466562214,-8.86088316335,-66.8898347881)) ;
#2416=CARTESIAN_POINT('Control Point',(8.37215454973,3.93313211009,-20.0115222125)) ;
#2417=CARTESIAN_POINT('Control Point',(8.43393723734,3.80162007472,-20.3329711846)) ;
#2418=CARTESIAN_POINT('Control Point',(8.49312770699,3.66891606427,-20.6542246303)) ;
#2419=CARTESIAN_POINT('Control Point',(8.54971336377,3.53505119089,-20.975311824)) ;
#2420=CARTESIAN_POINT('Control Point',(8.65755088654,3.26528912518,-21.6167280361)) ;
#2421=CARTESIAN_POINT('Control Point',(8.75482905216,2.99117861304,-22.258007038)) ;
#2422=CARTESIAN_POINT('Control Point',(8.80113980664,2.85204929559,-22.5810715703)) ;
#2423=CARTESIAN_POINT('Control Point',(8.93095180132,2.43475384208,-23.5434569118)) ;
#2424=CARTESIAN_POINT('Control Point',(9.03613855355,2.00965350498,-24.5060149314)) ;
#2425=CARTESIAN_POINT('Control Point',(9.0950916516,1.7233273298,-25.1481141386)) ;
#2426=CARTESIAN_POINT('Control Point',(9.23741876025,0.860823740121,-27.0687837883)) ;
#2427=CARTESIAN_POINT('Control Point',(9.27736176423,-0.0128704765215,-28.9875499545)) ;
#2428=CARTESIAN_POINT('Control Point',(9.25822849062,-0.593664748436,-30.2633267296)) ;
#2429=CARTESIAN_POINT('Control Point',(9.12915745385,-1.7507091948,-32.8209383669)) ;
#2430=CARTESIAN_POINT('Control Point',(8.82131027354,-2.87344904658,-35.377059865)) ;
#2431=CARTESIAN_POINT('Control Point',(8.62400377641,-3.4201931637,-36.6516180635)) ;
#2432=CARTESIAN_POINT('Control Point',(8.26355238132,-4.21693970661,-38.5715052138)) ;
#2433=CARTESIAN_POINT('Control Point',(7.813640469,-4.96348910053,-40.4896835423)) ;
#2434=CARTESIAN_POINT('Control Point',(7.65389628354,-5.20644173755,-41.1294122641)) ;
#2435=CARTESIAN_POINT('Control Point',(6.97692008047,-6.15289108624,-43.6902330945)) ;
#2436=CARTESIAN_POINT('Control Point',(6.15614821277,-6.9867322396,-46.2492497277)) ;
#2437=CARTESIAN_POINT('Control Point',(5.46987619934,-7.53583697572,-48.1669959296)) ;
#2438=CARTESIAN_POINT('Control Point',(4.1041423762,-8.3859790034,-51.6859478682)) ;
#2439=CARTESIAN_POINT('Control Point',(2.59509939101,-8.92323067944,-55.1966843638)) ;
#2440=CARTESIAN_POINT('Control Point',(1.88650797149,-9.09926556703,-56.7942952196)) ;
#2441=CARTESIAN_POINT('Control Point',(0.540783730315,-9.29617880653,-59.7760054265)) ;
#2442=CARTESIAN_POINT('Control Point',(-0.813150282443,-9.24630689216,-62.7488607104)) ;
#2443=CARTESIAN_POINT('Control Point',(-1.44022884471,-9.16950057564,-64.1329622572)) ;
#2444=CARTESIAN_POINT('Control Point',(-2.0553326056,-9.0404396168,-65.5117868286)) ;
#2445=CARTESIAN_POINT('Control Point',(-2.65466562214,-8.86088316335,-66.8898347881)) ;
#2446=CARTESIAN_POINT('Vertex',(8.37215454973,3.93313211009,-20.0115222125)) ;
#2449=CARTESIAN_POINT('Axis2P3D Location',(0.,0.,-20.0115222125)) ;
#2453=CARTESIAN_POINT('Vertex',(4.10744693134,-8.28802628533,-20.0115222125)) ;
#2457=CARTESIAN_POINT('Control Point',(-2.65466562214,-8.86088316335,-35.3162666865)) ;
#2458=CARTESIAN_POINT('Control Point',(-2.37593005119,-8.94439061112,-34.6754168378)) ;
#2459=CARTESIAN_POINT('Control Point',(-2.0940617919,-9.01689266318,-34.0357127497)) ;
#2460=CARTESIAN_POINT('Control Point',(-1.81147348875,-9.07786736636,-33.4011105729)) ;
#2461=CARTESIAN_POINT('Control Point',(-1.23880848544,-9.17824222364,-32.123965849)) ;
#2462=CARTESIAN_POINT('Control Point',(-0.656717182303,-9.23360405541,-30.8371911523)) ;
#2463=CARTESIAN_POINT('Control Point',(-0.364992408805,-9.24971292695,-30.1941942304)) ;
#2464=CARTESIAN_POINT('Control Point',(0.0889543962144,-9.25685046445,-29.1963463958)) ;
#2465=CARTESIAN_POINT('Control Point',(0.541569809486,-9.23625420525,-28.2002020238)) ;
#2466=CARTESIAN_POINT('Control Point',(0.702282409645,-9.22540344251,-27.8460184747)) ;
#2467=CARTESIAN_POINT('Control Point',(0.990626128485,-9.19966903352,-27.2090273257)) ;
#2468=CARTESIAN_POINT('Control Point',(1.27773717225,-9.16268155062,-26.5708346321)) ;
#2469=CARTESIAN_POINT('Control Point',(1.40524004455,-9.14400352314,-26.2864597975)) ;
#2470=CARTESIAN_POINT('Control Point',(1.56442708511,-9.11783369174,-25.9299899655)) ;
#2471=CARTESIAN_POINT('Control Point',(1.72314562876,-9.08816954315,-25.5725616594)) ;
#2472=CARTESIAN_POINT('Control Point',(1.77464989028,-9.07825266859,-25.4564123678)) ;
#2473=CARTESIAN_POINT('Control Point',(2.28178751931,-8.97774028618,-24.311143908)) ;
#2474=CARTESIAN_POINT('Control Point',(2.77963277164,-8.84227637037,-23.1663525646)) ;
#2475=CARTESIAN_POINT('Control Point',(3.23353842723,-8.68608145552,-22.1054064566)) ;
#2476=CARTESIAN_POINT('Control Point',(3.67554672712,-8.50207087295,-21.0568214544)) ;
#2477=CARTESIAN_POINT('Control Point',(4.10744693134,-8.28802628533,-20.0115222125)) ;
#2487=CARTESIAN_POINT('Control Point',(-8.30660005413,-4.06975374449,-80.5000023264)) ;
#2488=CARTESIAN_POINT('Control Point',(-7.96604143776,-4.76485334971,-79.8413083433)) ;
#2489=CARTESIAN_POINT('Control Point',(-7.53811533909,-5.41809703033,-79.1849149123)) ;
#2490=CARTESIAN_POINT('Control Point',(-7.02759005314,-6.01460539395,-78.5345308195)) ;
#2491=CARTESIAN_POINT('Vertex',(-7.02759005314,-6.01460539395,-78.5345308195)) ;
#2495=CARTESIAN_POINT('Control Point',(-2.65466562214,-8.86088316335,-66.8898347881)) ;
#2496=CARTESIAN_POINT('Control Point',(-3.67100000066,-8.55639568897,-69.226695061)) ;
#2497=CARTESIAN_POINT('Control Point',(-4.64245256873,-8.10561428171,-71.5643800193)) ;
#2498=CARTESIAN_POINT('Control Point',(-5.53501799143,-7.52539523273,-73.8813456143)) ;
#2499=CARTESIAN_POINT('Control Point',(-6.34117773034,-6.81662383009,-76.2098403078)) ;
#2500=CARTESIAN_POINT('Control Point',(-7.02759005314,-6.01460539395,-78.5345308195)) ;
#2503=CARTESIAN_POINT('Control Point',(-2.65466562214,-8.86088316335,-35.3162666865)) ;
#2504=CARTESIAN_POINT('Control Point',(-2.93304174083,-8.77748340526,-35.956290107)) ;
#2505=CARTESIAN_POINT('Control Point',(-3.20829324295,-8.68310661871,-36.5974563437)) ;
#2506=CARTESIAN_POINT('Control Point',(-3.47995633726,-8.57783921422,-37.2405058742)) ;
#2507=CARTESIAN_POINT('Control Point',(-4.01437264625,-8.34621101261,-38.5256864123)) ;
#2508=CARTESIAN_POINT('Control Point',(-4.52916300171,-8.07320737907,-39.807870157)) ;
#2509=CARTESIAN_POINT('Control Point',(-4.77944909501,-7.92761945428,-40.443708316)) ;
#2510=CARTESIAN_POINT('Control Point',(-5.14857697301,-7.69297698621,-41.4045659758)) ;
#2511=CARTESIAN_POINT('Control Point',(-5.50266848825,-7.43739118459,-42.3656322908)) ;
#2512=CARTESIAN_POINT('Control Point',(-5.6187273793,-7.35010222576,-42.6853968134)) ;
#2513=CARTESIAN_POINT('Control Point',(-5.79563731841,-7.2115336562,-43.1805625018)) ;
#2514=CARTESIAN_POINT('Control Point',(-5.96812523618,-7.06777653278,-43.6757428989)) ;
#2515=CARTESIAN_POINT('Control Point',(-6.00200386016,-7.03902959958,-43.7737463022)) ;
#2516=CARTESIAN_POINT('Control Point',(-6.28209726031,-6.79706619687,-44.5901723431)) ;
#2517=CARTESIAN_POINT('Control Point',(-6.55040435806,-6.54079721318,-45.4076530691)) ;
#2518=CARTESIAN_POINT('Control Point',(-6.75170632704,-6.33279181611,-46.0439426811)) ;
#2519=CARTESIAN_POINT('Control Point',(-6.99507999209,-6.06063215628,-46.8459676298)) ;
#2520=CARTESIAN_POINT('Control Point',(-7.22356354346,-5.77847453994,-47.6444091675)) ;
#2521=CARTESIAN_POINT('Control Point',(-7.26480329378,-5.72653877219,-47.7902710672)) ;
#2522=CARTESIAN_POINT('Control Point',(-7.44394017832,-5.49647167611,-48.4317687802)) ;
#2523=CARTESIAN_POINT('Control Point',(-7.61369214415,-5.25977977665,-49.0731315693)) ;
#2524=CARTESIAN_POINT('Control Point',(-7.73571592307,-5.07868970146,-49.5545701349)) ;
#2525=CARTESIAN_POINT('Control Point',(-7.87301425208,-4.86128455456,-50.122018281)) ;
#2526=CARTESIAN_POINT('Control Point',(-8.00302712109,-4.63855929018,-50.6910749066)) ;
#2527=CARTESIAN_POINT('Control Point',(-8.01847610411,-4.61180210403,-50.7592424032)) ;
#2528=CARTESIAN_POINT('Control Point',(-8.05555342953,-4.54687312271,-50.9241803507)) ;
#2529=CARTESIAN_POINT('Control Point',(-8.09198743159,-4.48154635394,-51.0891266798)) ;
#2530=CARTESIAN_POINT('Control Point',(-8.10969741172,-4.44941872489,-51.170008683)) ;
#2531=CARTESIAN_POINT('Control Point',(-8.26783708718,-4.15914272061,-51.8986584652)) ;
#2532=CARTESIAN_POINT('Control Point',(-8.41309933723,-3.86163178644,-52.6265476982)) ;
#2533=CARTESIAN_POINT('Control Point',(-8.53070211665,-3.59417777556,-53.2674700413)) ;
#2534=CARTESIAN_POINT('Control Point',(-8.67786781151,-3.22026118755,-54.1499066318)) ;
#2535=CARTESIAN_POINT('Control Point',(-8.8042505592,-2.83997566329,-55.0323853675)) ;
#2536=CARTESIAN_POINT('Control Point',(-8.8370740791,-2.7361304526,-55.2723742197)) ;
#2537=CARTESIAN_POINT('Control Point',(-8.87851410153,-2.59799289056,-55.5904014893)) ;
#2538=CARTESIAN_POINT('Control Point',(-8.91731354493,-2.45883951612,-55.909205909)) ;
#2539=CARTESIAN_POINT('Control Point',(-8.92801831628,-2.4196829442,-55.9988031145)) ;
#2540=CARTESIAN_POINT('Control Point',(-8.97489250148,-2.24474625455,-56.3985928804)) ;
#2541=CARTESIAN_POINT('Control Point',(-9.01767026511,-2.06792948768,-56.8002089809)) ;
#2542=CARTESIAN_POINT('Control Point',(-9.04931265472,-1.92476243133,-57.1236711039)) ;
#2543=CARTESIAN_POINT('Control Point',(-9.15022177015,-1.42092920273,-58.2562975598)) ;
#2544=CARTESIAN_POINT('Control Point',(-9.21585654769,-0.912015709356,-59.3827851832)) ;
#2545=CARTESIAN_POINT('Control Point',(-9.24414572179,-0.550813878566,-60.1764289289)) ;
#2546=CARTESIAN_POINT('Control Point',(-9.25751335389,-0.113983088664,-61.1373029194)) ;
#2547=CARTESIAN_POINT('Control Point',(-9.24472570168,0.32588482232,-62.1083951792)) ;
#2548=CARTESIAN_POINT('Control Point',(-9.2423711539,0.387033644303,-62.2434916667)) ;
#2549=CARTESIAN_POINT('Control Point',(-9.23167309638,0.609660856509,-62.7355924061)) ;
#2550=CARTESIAN_POINT('Control Point',(-9.21419052334,0.832951583524,-63.2299475105)) ;
#2551=CARTESIAN_POINT('Control Point',(-9.19974363344,0.97970510746,-63.5551562439)) ;
#2552=CARTESIAN_POINT('Control Point',(-9.14761097302,1.41915960183,-64.5302658007)) ;
#2553=CARTESIAN_POINT('Control Point',(-9.06964538394,1.85291651439,-65.4983193138)) ;
#2554=CARTESIAN_POINT('Control Point',(-9.00703425866,2.13581748559,-66.1337760087)) ;
#2555=CARTESIAN_POINT('Control Point',(-8.92434693149,2.45145661784,-66.8505330544)) ;
#2556=CARTESIAN_POINT('Control Point',(-8.82754541881,2.7638601915,-67.5711353146)) ;
#2557=CARTESIAN_POINT('Control Point',(-8.81661413844,2.7985352113,-67.6512611474)) ;
#2558=CARTESIAN_POINT('Control Point',(-8.79483547978,2.86645325108,-67.8084909786)) ;
#2559=CARTESIAN_POINT('Control Point',(-8.77236767389,2.93426373988,-67.9660468696)) ;
#2560=CARTESIAN_POINT('Control Point',(-8.75888295078,2.97427525597,-68.0591959035)) ;
#2561=CARTESIAN_POINT('Control Point',(-8.72382824455,3.0765537662,-68.2977901524)) ;
#2562=CARTESIAN_POINT('Control Point',(-8.68710560274,3.1788038063,-68.5376793696)) ;
#2563=CARTESIAN_POINT('Control Point',(-8.6615510875,3.24779506103,-68.7001507565)) ;
#2564=CARTESIAN_POINT('Control Point',(-8.58269728094,3.4543362878,-69.188370118)) ;
#2565=CARTESIAN_POINT('Control Point',(-8.4974149774,3.65913836723,-69.6779806592)) ;
#2566=CARTESIAN_POINT('Control Point',(-8.43783153308,3.79450238456,-70.0040835417)) ;
#2567=CARTESIAN_POINT('Control Point',(-8.25099744299,4.19695032763,-70.9815116125)) ;
#2568=CARTESIAN_POINT('Control Point',(-8.04185187267,4.5847869621,-71.9490215138)) ;
#2569=CARTESIAN_POINT('Control Point',(-7.89527493394,4.83243391851,-72.5798857445)) ;
#2570=CARTESIAN_POINT('Control Point',(-7.71963063557,5.10500285742,-73.2920072217)) ;
#2571=CARTESIAN_POINT('Control Point',(-7.53089788673,5.37120958557,-74.0114847035)) ;
#2572=CARTESIAN_POINT('Control Point',(-7.50603028628,5.40590692564,-74.1056393477)) ;
#2573=CARTESIAN_POINT('Control Point',(-7.46420142462,5.46364226193,-74.2629587716)) ;
#2574=CARTESIAN_POINT('Control Point',(-7.42165225748,5.52119438053,-74.4209964958)) ;
#2575=CARTESIAN_POINT('Control Point',(-7.39972302366,5.55055110378,-74.5019285053)) ;
#2576=CARTESIAN_POINT('Control Point',(-7.30524722638,5.67572602393,-74.8483794599)) ;
#2577=CARTESIAN_POINT('Control Point',(-7.20757609809,5.79959552931,-75.1970486611)) ;
#2578=CARTESIAN_POINT('Control Point',(-7.13103353347,5.89346281923,-75.4647267765)) ;
#2579=CARTESIAN_POINT('Control Point',(-7.0528966814,5.98613640484,-75.7325020432)) ;
#2580=CARTESIAN_POINT('Control Point',(-6.97328910651,6.07747801617,-76.)) ;
#2581=CARTESIAN_POINT('Vertex',(-6.97328910651,6.07747801617,-76.)) ;
#2584=CARTESIAN_POINT('Axis2P3D Location',(0.,0.,-76.)) ;
#2599=CARTESIAN_POINT('Axis2P3D Location',(0.,0.,-20.0115222125)) ;
#2604=CARTESIAN_POINT('Axis2P3D Location',(0.,0.,-18.0680196854)) ;
#2608=CARTESIAN_POINT('Vertex',(8.21667954031,5.04748277093,-18.0680196854)) ;
#2612=CARTESIAN_POINT('Control Point',(4.23703354294,-8.23314760867,-19.7044708654)) ;
#2613=CARTESIAN_POINT('Control Point',(4.19308110403,-8.24871651384,-19.8063611366)) ;
#2614=CARTESIAN_POINT('Control Point',(4.14990815457,-8.26698300975,-19.9087561475)) ;
#2615=CARTESIAN_POINT('Control Point',(4.10744693134,-8.28802628533,-20.0115222125)) ;
#2618=CARTESIAN_POINT('Control Point',(8.37215454973,3.93313211009,-20.0115222125)) ;
#2619=CARTESIAN_POINT('Control Point',(8.241275075,4.21172513955,-19.3305697603)) ;
#2620=CARTESIAN_POINT('Control Point',(8.20643816811,4.57968485041,-18.6691067181)) ;
#2621=CARTESIAN_POINT('Control Point',(8.21667954031,5.04748277093,-18.0680196854)) ;
#2634=CARTESIAN_POINT('Control Point',(7.65825756155,8.17853303898,-14.3674870742)) ;
#2635=CARTESIAN_POINT('Control Point',(7.53384572113,8.51068835868,-13.9943391032)) ;
#2636=CARTESIAN_POINT('Control Point',(7.37381078879,8.82617432269,-13.6792045128)) ;
#2637=CARTESIAN_POINT('Control Point',(7.18845778236,9.12600483479,-13.4005642538)) ;
#2638=CARTESIAN_POINT('Control Point',(6.98016172201,9.41020264381,-13.1536643879)) ;
#2639=CARTESIAN_POINT('Vertex',(7.65825756155,8.17853303898,-14.3674870742)) ;
#2643=CARTESIAN_POINT('Control Point',(7.25951548119,6.62472230265,-14.4056854756)) ;
#2644=CARTESIAN_POINT('Control Point',(7.44986746008,7.12405212642,-14.3657592791)) ;
#2645=CARTESIAN_POINT('Control Point',(7.58445804317,7.64892454195,-14.3529195679)) ;
#2646=CARTESIAN_POINT('Control Point',(7.65825756155,8.17853303898,-14.3674870742)) ;
#2647=CARTESIAN_POINT('Vertex',(7.25951548119,6.62472230265,-14.4056854756)) ;
#2651=CARTESIAN_POINT('Control Point',(4.61392566135,3.34296853376,-15.2879394598)) ;
#2652=CARTESIAN_POINT('Control Point',(4.73487225042,3.41911052913,-15.2409943327)) ;
#2653=CARTESIAN_POINT('Control Point',(4.86667790136,3.50701875929,-15.1902752035)) ;
#2654=CARTESIAN_POINT('Control Point',(5.01031455379,3.60928251064,-15.1355823365)) ;
#2655=CARTESIAN_POINT('Control Point',(5.36782379229,3.88584792787,-15.0014242286)) ;
#2656=CARTESIAN_POINT('Control Point',(5.76372622739,4.25702302778,-14.8586664561)) ;
#2657=CARTESIAN_POINT('Control Point',(5.99181386103,4.49890912971,-14.7789307941)) ;
#2658=CARTESIAN_POINT('Control Point',(6.42453052233,5.02467912347,-14.6336434855)) ;
#2659=CARTESIAN_POINT('Control Point',(6.80622444013,5.63371922592,-14.5184868171)) ;
#2660=CARTESIAN_POINT('Control Point',(6.97809662588,5.95266241581,-14.4706326347)) ;
#2661=CARTESIAN_POINT('Control Point',(7.12940198723,6.28340960189,-14.4329766913)) ;
#2662=CARTESIAN_POINT('Control Point',(7.25951548119,6.62472230265,-14.4056854756)) ;
#2673=CARTESIAN_POINT('Control Point',(7.65842686329,8.17841715844,-14.3674084549)) ;
#2674=CARTESIAN_POINT('Control Point',(8.05475905357,7.13734312725,-15.5265444173)) ;
#2675=CARTESIAN_POINT('Control Point',(8.23900486236,6.06724252866,-16.7577009776)) ;
#2676=CARTESIAN_POINT('Control Point',(8.21667954031,5.04748277093,-18.0680196854)) ;
#2690=CARTESIAN_POINT('Control Point',(-4.28556150312,-2.41770054737,-80.8119509719)) ;
#2691=CARTESIAN_POINT('Control Point',(-5.08863709624,-2.75159501619,-80.7390972851)) ;
#2692=CARTESIAN_POINT('Control Point',(-5.89222004333,-3.08392841936,-80.672045422)) ;
#2693=CARTESIAN_POINT('Control Point',(-6.6963898991,-3.41445605035,-80.6102003825)) ;
#2694=CARTESIAN_POINT('Control Point',(-7.50117960923,-3.74307658461,-80.5530114657)) ;
#2695=CARTESIAN_POINT('Control Point',(-8.30660086671,-4.06975407407,-80.5000022729)) ;
#2696=CARTESIAN_POINT('Control Point',(-4.24149181128,-2.53315860784,-80.6821260732)) ;
#2697=CARTESIAN_POINT('Control Point',(-5.04243957344,-2.87217093879,-80.6092696534)) ;
#2698=CARTESIAN_POINT('Control Point',(-5.84390476676,-3.20962500752,-80.5422160268)) ;
#2699=CARTESIAN_POINT('Control Point',(-6.64596850321,-3.54527662562,-80.480369965)) ;
#2700=CARTESIAN_POINT('Control Point',(-7.44866435971,-3.8790247269,-80.4231805975)) ;
#2701=CARTESIAN_POINT('Control Point',(-8.25200424353,-4.21083348644,-80.3701714002)) ;
#2702=CARTESIAN_POINT('Control Point',(-4.19580749803,-2.64801942763,-80.5523101595)) ;
#2703=CARTESIAN_POINT('Control Point',(-4.99458661399,-2.99213294683,-80.4794500342)) ;
#2704=CARTESIAN_POINT('Control Point',(-5.79389330184,-3.33469084578,-80.4123939649)) ;
#2705=CARTESIAN_POINT('Control Point',(-6.59381022142,-3.67544947999,-80.350546414)) ;
#2706=CARTESIAN_POINT('Control Point',(-7.39437156959,-4.01430807178,-80.2933562834)) ;
#2707=CARTESIAN_POINT('Control Point',(-8.19558945824,-4.35123094507,-80.2403468808)) ;
#2708=CARTESIAN_POINT('Control Point',(-4.1485158134,-2.76226920454,-80.4224950679)) ;
#2709=CARTESIAN_POINT('Control Point',(-4.94508544272,-3.11146740382,-80.3496301925)) ;
#2710=CARTESIAN_POINT('Control Point',(-5.74219286108,-3.4591124509,-80.2825709358)) ;
#2711=CARTESIAN_POINT('Control Point',(-6.53992226678,-3.80496126871,-80.2207213714)) ;
#2712=CARTESIAN_POINT('Control Point',(-7.33830846478,-4.14891339668,-80.1635301145)) ;
#2713=CARTESIAN_POINT('Control Point',(-8.13736376117,-4.49093333253,-80.1105202616)) ;
#2714=CARTESIAN_POINT('Control Point',(-4.05073132131,-2.9895246116,-80.1628512911)) ;
#2715=CARTESIAN_POINT('Control Point',(-4.84280016085,-3.34885959069,-80.0899748923)) ;
#2716=CARTESIAN_POINT('Control Point',(-5.63542739631,-3.70664599896,-80.0229078351)) ;
#2717=CARTESIAN_POINT('Control Point',(-6.42870028597,-4.06264193202,-79.9610532659)) ;
#2718=CARTESIAN_POINT('Control Point',(-7.22265482788,-4.41674761339,-79.9038591128)) ;
#2719=CARTESIAN_POINT('Control Point',(-8.01730369565,-4.7689279331,-79.8508479651)) ;
#2720=CARTESIAN_POINT('Control Point',(-3.94656970137,-3.21425930492,-79.9031581398)) ;
#2721=CARTESIAN_POINT('Control Point',(-4.73397365897,-3.58366675667,-79.8302671191)) ;
#2722=CARTESIAN_POINT('Control Point',(-5.52195698504,-3.95152952427,-79.7631903313)) ;
#2723=CARTESIAN_POINT('Control Point',(-6.31060997307,-4.317606925,-79.7013297314)) ;
#2724=CARTESIAN_POINT('Control Point',(-7.09996977434,-4.68179994276,-79.6441323495)) ;
#2725=CARTESIAN_POINT('Control Point',(-7.89004939202,-5.04407393266,-79.5911201073)) ;
#2726=CARTESIAN_POINT('Control Point',(-3.89279896409,-3.32624507553,-79.7730034078)) ;
#2727=CARTESIAN_POINT('Control Point',(-4.67786507441,-3.70058285438,-79.7002193372)) ;
#2728=CARTESIAN_POINT('Control Point',(-5.4634274453,-4.07361378877,-79.6329724546)) ;
#2729=CARTESIAN_POINT('Control Point',(-6.24977494314,-4.44460134426,-79.5712527689)) ;
#2730=CARTESIAN_POINT('Control Point',(-7.03680162145,-4.81380880635,-79.5140732719)) ;
#2731=CARTESIAN_POINT('Control Point',(-7.82456088332,-5.181100406,-79.4610783869)) ;
#2732=CARTESIAN_POINT('Control Point',(-3.77958142897,-3.55376948946,-79.5069523022)) ;
#2733=CARTESIAN_POINT('Control Point',(-4.55961659688,-3.93856648484,-79.4339162456)) ;
#2734=CARTESIAN_POINT('Control Point',(-5.34036229089,-4.32157532118,-79.3669979067)) ;
#2735=CARTESIAN_POINT('Control Point',(-6.12170593517,-4.70307993817,-79.3049772863)) ;
#2736=CARTESIAN_POINT('Control Point',(-6.90383767527,-5.08260146661,-79.2477562986)) ;
#2737=CARTESIAN_POINT('Control Point',(-7.68672860399,-5.46021276775,-79.1947262801)) ;
#2738=CARTESIAN_POINT('Control Point',(-3.65928699629,-3.77965643565,-79.2395874148)) ;
#2739=CARTESIAN_POINT('Control Point',(-4.43426680277,-4.17446787311,-79.1667859106)) ;
#2740=CARTESIAN_POINT('Control Point',(-5.20977692143,-4.56800414318,-79.0995046208)) ;
#2741=CARTESIAN_POINT('Control Point',(-5.98613386993,-4.95947721542,-79.0377945453)) ;
#2742=CARTESIAN_POINT('Control Point',(-6.76321839708,-5.34919132054,-78.9806192018)) ;
#2743=CARTESIAN_POINT('Control Point',(-7.54108888003,-5.73700072338,-78.9276345681)) ;
#2744=CARTESIAN_POINT('Control Point',(-3.59591071426,-3.89596854811,-79.1014037845)) ;
#2745=CARTESIAN_POINT('Control Point',(-4.36861678057,-4.29568045932,-79.0290957469)) ;
#2746=CARTESIAN_POINT('Control Point',(-5.14111123784,-4.69510796916,-78.9610799444)) ;
#2747=CARTESIAN_POINT('Control Point',(-5.91500898949,-5.09122267444,-78.9000405605)) ;
#2748=CARTESIAN_POINT('Control Point',(-6.68949501605,-5.486101831,-78.842962455)) ;
#2749=CARTESIAN_POINT('Control Point',(-7.46478050686,-5.87907977202,-78.7900683163)) ;
#2750=CARTESIAN_POINT('Control Point',(-3.53158738986,-4.011905535,-78.963312266)) ;
#2751=CARTESIAN_POINT('Control Point',(-4.30227156177,-4.41669132387,-78.8913978417)) ;
#2752=CARTESIAN_POINT('Control Point',(-5.07164058651,-4.82190378474,-78.822784775)) ;
#2753=CARTESIAN_POINT('Control Point',(-5.84299406107,-5.22263154421,-78.7623457434)) ;
#2754=CARTESIAN_POINT('Control Point',(-6.61486336536,-5.6226647916,-78.70536432)) ;
#2755=CARTESIAN_POINT('Control Point',(-7.38754553897,-6.0208006302,-78.6525600197)) ;
#2756=CARTESIAN_POINT('Control Point',(-3.46648776656,-4.12777697686,-78.8251065563)) ;
#2757=CARTESIAN_POINT('Control Point',(-4.23542701944,-4.53775684502,-78.7535667275)) ;
#2758=CARTESIAN_POINT('Control Point',(-5.00153743177,-4.94873792591,-78.6843930035)) ;
#2759=CARTESIAN_POINT('Control Point',(-5.7702968368,-5.35397815006,-78.624573983)) ;
#2760=CARTESIAN_POINT('Control Point',(-6.53954247379,-5.75914662113,-78.567703107)) ;
#2761=CARTESIAN_POINT('Control Point',(-7.30961418942,-6.16242199672,-78.5150010345)) ;
#2763=CARTESIAN_POINT('Control Point',(-7.02759005314,-6.01460539395,-78.5345308195)) ;
#2764=CARTESIAN_POINT('Control Point',(-6.98877651942,-5.82377017591,-78.6725855387)) ;
#2765=CARTESIAN_POINT('Control Point',(-6.93799240912,-5.63664808867,-78.8058461356)) ;
#2766=CARTESIAN_POINT('Control Point',(-6.87537853914,-5.45505301358,-78.9329044668)) ;
#2767=CARTESIAN_POINT('Vertex',(-6.87537853808,-5.45505301255,-78.9329044662)) ;
#2771=CARTESIAN_POINT('Control Point',(-4.20578583394,-2.70395368286,-80.5)) ;
#2772=CARTESIAN_POINT('Control Point',(-4.17522820033,-2.7505227841,-80.4433367281)) ;
#2773=CARTESIAN_POINT('Control Point',(-4.14433026775,-2.79686058651,-80.3866792095)) ;
#2774=CARTESIAN_POINT('Control Point',(-4.11308873546,-2.84297398058,-80.3300158774)) ;
#2775=CARTESIAN_POINT('Vertex',(-4.11308873546,-2.84297398058,-80.3300158774)) ;
#2779=CARTESIAN_POINT('Control Point',(-6.87537853892,-5.45505301297,-78.9329044673)) ;
#2780=CARTESIAN_POINT('Control Point',(-6.75046556029,-5.09277574575,-79.1863824043)) ;
#2781=CARTESIAN_POINT('Control Point',(-6.58061472524,-4.73194283384,-79.431075538)) ;
#2782=CARTESIAN_POINT('Control Point',(-6.35867525332,-4.37627055896,-79.6622084579)) ;
#2783=CARTESIAN_POINT('Control Point',(-5.86230839865,-3.78885428045,-80.0188034508)) ;
#2784=CARTESIAN_POINT('Control Point',(-5.16159629213,-3.29495604428,-80.2471961689)) ;
#2785=CARTESIAN_POINT('Control Point',(-4.833054028,-3.11213882244,-80.3127337824)) ;
#2786=CARTESIAN_POINT('Control Point',(-4.47866286702,-2.96185099798,-80.3395453057)) ;
#2787=CARTESIAN_POINT('Control Point',(-4.11308873546,-2.84297398058,-80.3300158774)) ;
#2797=CARTESIAN_POINT('Axis2P3D Location',(0.,0.,-78.6632786512)) ;
#2802=CARTESIAN_POINT('Axis2P3D Location',(0.,0.,-76.)) ;
#2806=CARTESIAN_POINT('Vertex',(-3.41962200969,-3.6477642328,-76.)) ;
#2810=CARTESIAN_POINT('Control Point',(-3.41962213607,-3.64776430797,-75.9999999975)) ;
#2811=CARTESIAN_POINT('Control Point',(-3.67741268874,-3.40609675328,-77.4360351103)) ;
#2812=CARTESIAN_POINT('Control Point',(-3.91120919887,-3.13504434547,-78.8808071321)) ;
#2813=CARTESIAN_POINT('Control Point',(-4.11308873546,-2.84297398058,-80.3300158774)) ;
#2823=CARTESIAN_POINT('Axis2P3D Location',(0.,0.,-78.6632786512)) ;
#2829=CARTESIAN_POINT('Control Point',(-2.63950698291,2.8710630239,-76.)) ;
#2830=CARTESIAN_POINT('Control Point',(-2.9455407126,2.58971142701,-73.8283278333)) ;
#2831=CARTESIAN_POINT('Control Point',(-3.20582731035,2.25913018595,-71.6607510266)) ;
#2832=CARTESIAN_POINT('Control Point',(-3.40706026021,1.89787786312,-69.5)) ;
#2833=CARTESIAN_POINT('Vertex',(-2.63950698046,2.87106302614,-76.)) ;
#2835=CARTESIAN_POINT('Vertex',(-3.40706026021,1.89787786312,-69.5)) ;
#2838=CARTESIAN_POINT('Axis2P3D Location',(0.,0.,-69.5)) ;
#2842=CARTESIAN_POINT('Vertex',(-1.23955572433,-3.69776981521,-69.4999999997)) ;
#2846=CARTESIAN_POINT('Control Point',(-1.23955572433,-3.69776981521,-69.4999999997)) ;
#2847=CARTESIAN_POINT('Control Point',(-1.6307310966,-3.56664113599,-71.6570750025)) ;
#2848=CARTESIAN_POINT('Control Point',(-2.00174006546,-3.37310009697,-73.822523432)) ;
#2849=CARTESIAN_POINT('Control Point',(-2.33646555645,-3.12264770724,-76.)) ;
#2850=CARTESIAN_POINT('Vertex',(-2.33646555645,-3.12264770724,-76.)) ;
#2853=CARTESIAN_POINT('Axis2P3D Location',(0.,0.,-76.)) ;
#2865=CARTESIAN_POINT('Axis2P3D Location',(-0.912557824002,4.30432784739,-76.)) ;
#2871=CARTESIAN_POINT('Control Point',(-2.33646555645,-3.12264770724,-76.)) ;
#2872=CARTESIAN_POINT('Control Point',(-2.35536847594,-3.13001354422,-76.)) ;
#2873=CARTESIAN_POINT('Control Point',(-2.37423450046,-3.13743708799,-76.)) ;
#2874=CARTESIAN_POINT('Control Point',(-2.39306368509,-3.14491825622,-76.)) ;
#2875=CARTESIAN_POINT('Control Point',(-2.6201323395,-3.23600853407,-76.)) ;
#2876=CARTESIAN_POINT('Control Point',(-2.84168527042,-3.33542658689,-76.)) ;
#2877=CARTESIAN_POINT('Control Point',(-3.03986459459,-3.43331495783,-76.)) ;
#2878=CARTESIAN_POINT('Control Point',(-3.23262495274,-3.53755629891,-76.)) ;
#2879=CARTESIAN_POINT('Control Point',(-3.41962200969,-3.6477642328,-76.)) ;
#2882=CARTESIAN_POINT('Control Point',(-6.97328918927,6.07747807234,-76.)) ;
#2883=CARTESIAN_POINT('Control Point',(-6.81600177546,5.89071051738,-76.)) ;
#2884=CARTESIAN_POINT('Control Point',(-6.6596109435,5.70365443654,-76.)) ;
#2885=CARTESIAN_POINT('Control Point',(-6.50413079302,5.51629621197,-76.)) ;
#2886=CARTESIAN_POINT('Control Point',(-6.34961837481,5.32867365509,-76.)) ;
#2887=CARTESIAN_POINT('Control Point',(-6.19608642284,5.1407714356,-76.)) ;
#2888=CARTESIAN_POINT('Vertex',(-6.19608642284,5.1407714356,-76.)) ;
#2892=CARTESIAN_POINT('Control Point',(-6.19598253956,5.14082169394,-76.)) ;
#2893=CARTESIAN_POINT('Control Point',(-5.89054210928,4.76701250072,-76.)) ;
#2894=CARTESIAN_POINT('Control Point',(-5.55192153747,4.42527358401,-76.)) ;
#2895=CARTESIAN_POINT('Control Point',(-5.18630383873,4.11852891865,-76.)) ;
#2896=CARTESIAN_POINT('Control Point',(-4.49787524571,3.63552593553,-76.)) ;
#2897=CARTESIAN_POINT('Control Point',(-3.75975086058,3.26482142459,-76.)) ;
#2898=CARTESIAN_POINT('Control Point',(-3.42861224626,3.12357348667,-76.)) ;
#2899=CARTESIAN_POINT('Control Point',(-3.0699938721,2.99528713894,-76.)) ;
#2900=CARTESIAN_POINT('Control Point',(-2.7076466391,2.89024697194,-76.)) ;
#2901=CARTESIAN_POINT('Control Point',(-2.6849469626,2.88376164376,-76.)) ;
#2902=CARTESIAN_POINT('Control Point',(-2.66223346968,2.87736702662,-76.)) ;
#2903=CARTESIAN_POINT('Control Point',(-2.63950697313,2.87106303288,-76.)) ;
#2915=CARTESIAN_POINT('Axis2P3D Location',(-0.727857717305,3.43313942321,-69.5)) ;
#2921=CARTESIAN_POINT('Control Point',(-3.40706026021,1.89787786312,-69.5)) ;
#2922=CARTESIAN_POINT('Control Point',(-2.73187292024,1.93049229318,-69.5)) ;
#2923=CARTESIAN_POINT('Control Point',(-2.07176581516,2.03706618581,-69.5)) ;
#2924=CARTESIAN_POINT('Control Point',(-1.43683369765,2.20919190368,-69.5)) ;
#2925=CARTESIAN_POINT('Control Point',(-0.492534466015,2.56953067807,-69.5)) ;
#2926=CARTESIAN_POINT('Control Point',(0.35543372896,3.05196216871,-69.5)) ;
#2927=CARTESIAN_POINT('Control Point',(0.649144460415,3.24150729442,-69.5)) ;
#2928=CARTESIAN_POINT('Control Point',(0.938292057441,3.45157706356,-69.5)) ;
#2929=CARTESIAN_POINT('Control Point',(1.21053591419,3.67387547775,-69.5)) ;
#2930=CARTESIAN_POINT('Control Point',(1.22023081589,3.68182487698,-69.5)) ;
#2931=CARTESIAN_POINT('Control Point',(1.22990410012,3.68978968428,-69.5)) ;
#2932=CARTESIAN_POINT('Control Point',(1.23955572486,3.69776981503,-69.5)) ;
#2933=CARTESIAN_POINT('Vertex',(1.23955572439,3.69776981519,-69.5)) ;
#2936=CARTESIAN_POINT('Axis2P3D Location',(0.,0.,-69.5)) ;
#2940=CARTESIAN_POINT('Vertex',(3.40706026021,-1.89787786312,-69.5)) ;
#2944=CARTESIAN_POINT('Control Point',(3.40706026021,-1.89787786312,-69.5)) ;
#2945=CARTESIAN_POINT('Control Point',(2.73187291762,-1.93049229331,-69.5)) ;
#2946=CARTESIAN_POINT('Control Point',(2.07176581004,-2.03706618664,-69.5)) ;
#2947=CARTESIAN_POINT('Control Point',(1.43683369022,-2.20919190569,-69.5)) ;
#2948=CARTESIAN_POINT('Control Point',(0.492534456841,-2.56953068204,-69.5)) ;
#2949=CARTESIAN_POINT('Control Point',(-0.355433739216,-3.05196217501,-69.5)) ;
#2950=CARTESIAN_POINT('Control Point',(-0.649144470316,-3.24150730112,-69.5)) ;
#2951=CARTESIAN_POINT('Control Point',(-0.938292064995,-3.45157706922,-69.5)) ;
#2952=CARTESIAN_POINT('Control Point',(-1.21053591961,-3.67387548219,-69.5)) ;
#2953=CARTESIAN_POINT('Control Point',(-1.22023081949,-3.68182487994,-69.5)) ;
#2954=CARTESIAN_POINT('Control Point',(-1.22990410192,-3.68978968577,-69.5)) ;
#2955=CARTESIAN_POINT('Control Point',(-1.23955572486,-3.69776981503,-69.5)) ;
#2965=CARTESIAN_POINT('Control Point',(-6.19608642284,5.1407714356,-76.)) ;
#2966=CARTESIAN_POINT('Control Point',(-6.33410995178,5.34870852871,-76.0636822078)) ;
#2967=CARTESIAN_POINT('Control Point',(-6.47168418556,5.55701277357,-76.1263800303)) ;
#2968=CARTESIAN_POINT('Control Point',(-6.60884506117,5.76565480845,-76.1880766777)) ;
#2969=CARTESIAN_POINT('Control Point',(-6.74562803077,5.97460566746,-76.248760785)) ;
#2970=CARTESIAN_POINT('Control Point',(-6.88206734763,6.18383736405,-76.3084256882)) ;
#2971=CARTESIAN_POINT('Control Point',(-6.30364631731,5.01260387665,-75.5759322429)) ;
#2972=CARTESIAN_POINT('Control Point',(-6.44612883163,5.21757898595,-75.6390924312)) ;
#2973=CARTESIAN_POINT('Control Point',(-6.58817579117,5.4229253561,-75.701285692)) ;
#2974=CARTESIAN_POINT('Control Point',(-6.72982162926,5.62861361144,-75.7624954804)) ;
#2975=CARTESIAN_POINT('Control Point',(-6.87110033415,5.83461475733,-75.8227105019)) ;
#2976=CARTESIAN_POINT('Control Point',(-7.012044772,6.04090075785,-75.8819240241)) ;
#2977=CARTESIAN_POINT('Control Point',(-6.40914827168,4.88187511963,-75.1497321435)) ;
#2978=CARTESIAN_POINT('Control Point',(-6.55597008296,5.08379729707,-75.2124354873)) ;
#2979=CARTESIAN_POINT('Control Point',(-6.70236850409,5.28609556608,-75.274189698)) ;
#2980=CARTESIAN_POINT('Control Point',(-6.8483765368,5.48874056362,-75.3349782845)) ;
#2981=CARTESIAN_POINT('Control Point',(-6.99402678907,5.69170328017,-75.3947898489)) ;
#2982=CARTESIAN_POINT('Control Point',(-7.13935082905,5.89495563437,-75.4536174362)) ;
#2983=CARTESIAN_POINT('Control Point',(-6.51206361931,4.74886391264,-74.722840338)) ;
#2984=CARTESIAN_POINT('Control Point',(-6.66314416082,4.9475893488,-74.784948731)) ;
#2985=CARTESIAN_POINT('Control Point',(-6.81381529775,5.14669306825,-74.8461300346)) ;
#2986=CARTESIAN_POINT('Control Point',(-6.96410844599,5.34614600498,-74.9063679572)) ;
#2987=CARTESIAN_POINT('Control Point',(-7.11405467501,5.54591941763,-74.9656511012)) ;
#2988=CARTESIAN_POINT('Control Point',(-7.26368409842,5.74598545227,-75.0239723549)) ;
#2989=CARTESIAN_POINT('Control Point',(-6.68324599639,4.51568193927,-73.9892720251)) ;
#2990=CARTESIAN_POINT('Control Point',(-6.84096434926,4.70922295297,-74.0522042923)) ;
#2991=CARTESIAN_POINT('Control Point',(-6.99827314338,4.90316974326,-74.1141988017)) ;
#2992=CARTESIAN_POINT('Control Point',(-7.15520361244,5.09749137717,-74.175237865)) ;
#2993=CARTESIAN_POINT('Control Point',(-7.31178671451,5.29215719596,-74.2353088926)) ;
#2994=CARTESIAN_POINT('Control Point',(-7.46805249954,5.48713744006,-74.2944037853)) ;
#2995=CARTESIAN_POINT('Control Point',(-6.83681036667,4.27689521389,-73.2718543415)) ;
#2996=CARTESIAN_POINT('Control Point',(-7.00073211198,4.46518090907,-73.3364163291)) ;
#2997=CARTESIAN_POINT('Control Point',(-7.16423966004,4.65390757878,-73.3999920258)) ;
#2998=CARTESIAN_POINT('Control Point',(-7.32736546211,4.84304072018,-73.4625624545)) ;
#2999=CARTESIAN_POINT('Control Point',(-7.49014166689,5.03254615014,-73.5241142715)) ;
#3000=CARTESIAN_POINT('Control Point',(-7.65259943424,5.22239073456,-73.5846390715)) ;
#3001=CARTESIAN_POINT('Control Point',(-6.8984904932,4.17557078101,-72.9725166086)) ;
#3002=CARTESIAN_POINT('Control Point',(-7.06511010445,4.36147040467,-73.0373028468)) ;
#3003=CARTESIAN_POINT('Control Point',(-7.23132067143,4.54781900205,-73.1010925005)) ;
#3004=CARTESIAN_POINT('Control Point',(-7.39715453898,4.73458112877,-73.1638666438)) ;
#3005=CARTESIAN_POINT('Control Point',(-7.56264372576,4.92172169432,-73.2256120747)) ;
#3006=CARTESIAN_POINT('Control Point',(-7.72781923994,5.10920671234,-73.2863205944)) ;
#3007=CARTESIAN_POINT('Control Point',(-7.01713195872,3.97045039241,-72.3749237382)) ;
#3008=CARTESIAN_POINT('Control Point',(-7.18904961274,4.15149823642,-72.4402900515)) ;
#3009=CARTESIAN_POINT('Control Point',(-7.3605669375,4.33301275706,-72.5046347702)) ;
#3010=CARTESIAN_POINT('Control Point',(-7.53171622317,4.51495639446,-72.5679389674)) ;
#3011=CARTESIAN_POINT('Control Point',(-7.70252938514,4.69729201932,-72.6301896667)) ;
#3012=CARTESIAN_POINT('Control Point',(-7.87303727856,4.87998373102,-72.6913790635)) ;
#3013=CARTESIAN_POINT('Control Point',(-7.1273699737,3.76042649182,-71.7770697838)) ;
#3014=CARTESIAN_POINT('Control Point',(-7.30457319584,3.93626183428,-71.8425297733)) ;
#3015=CARTESIAN_POINT('Control Point',(-7.48139088755,4.11257483302,-71.9069572736)) ;
#3016=CARTESIAN_POINT('Control Point',(-7.65785451804,4.28932656475,-71.9703337509)) ;
#3017=CARTESIAN_POINT('Control Point',(-7.83399514825,4.46647860677,-72.0326466861)) ;
#3018=CARTESIAN_POINT('Control Point',(-8.00984276892,4.64399385659,-72.0938887645)) ;
#3019=CARTESIAN_POINT('Control Point',(-7.18067278665,3.65416935648,-71.477367987)) ;
#3020=CARTESIAN_POINT('Control Point',(-7.36051205698,3.82730735363,-71.5427490132)) ;
#3021=CARTESIAN_POINT('Control Point',(-7.53997444969,4.00092686479,-71.60709668)) ;
#3022=CARTESIAN_POINT('Control Point',(-7.71909081256,4.17498852668,-71.6703926988)) ;
#3023=CARTESIAN_POINT('Control Point',(-7.89789157789,4.34945350285,-71.7326247809)) ;
#3024=CARTESIAN_POINT('Control Point',(-8.07640611802,4.52428430697,-71.793785821)) ;
#3025=CARTESIAN_POINT('Control Point',(-7.33580595294,3.33178487366,-70.5746940509)) ;
#3026=CARTESIAN_POINT('Control Point',(-7.52349071402,3.49658346081,-70.6395253653)) ;
#3027=CARTESIAN_POINT('Control Point',(-7.71082702433,3.66187123982,-70.7033336133)) ;
#3028=CARTESIAN_POINT('Control Point',(-7.89784336829,3.82760821194,-70.7661012533)) ;
#3029=CARTESIAN_POINT('Control Point',(-8.08456782396,3.99375494783,-70.8278165803)) ;
#3030=CARTESIAN_POINT('Control Point',(-8.27102748155,4.1602734054,-70.8884729235)) ;
#3031=CARTESIAN_POINT('Control Point',(-7.47759745073,2.99915360022,-69.6604011014)) ;
#3032=CARTESIAN_POINT('Control Point',(-7.67280027434,3.15499034565,-69.7240344427)) ;
#3033=CARTESIAN_POINT('Control Point',(-7.86768702648,3.31131589515,-69.7866861254)) ;
#3034=CARTESIAN_POINT('Control Point',(-8.062282808,3.46809130065,-69.8483391449)) ;
#3035=CARTESIAN_POINT('Control Point',(-8.25661240053,3.62527811688,-69.9089819101)) ;
#3036=CARTESIAN_POINT('Control Point',(-8.45069976562,3.78283917938,-69.9686075311)) ;
#3037=CARTESIAN_POINT('Control Point',(-7.56703982587,2.7735003512,-69.0450244268)) ;
#3038=CARTESIAN_POINT('Control Point',(-7.7670638774,2.92304146687,-69.1073922201)) ;
#3039=CARTESIAN_POINT('Control Point',(-7.96679581735,3.07306390894,-69.1688243634)) ;
#3040=CARTESIAN_POINT('Control Point',(-8.16625811665,3.2235305201,-69.2293043031)) ;
#3041=CARTESIAN_POINT('Control Point',(-8.36547300243,3.37440455716,-69.2888204752)) ;
#3042=CARTESIAN_POINT('Control Point',(-8.56446201729,3.52565041824,-69.3473656831)) ;
#3043=CARTESIAN_POINT('Control Point',(-7.73384227816,2.31599255963,-67.8102873441)) ;
#3044=CARTESIAN_POINT('Control Point',(-7.94233235155,2.45362261815,-67.8728694528)) ;
#3045=CARTESIAN_POINT('Control Point',(-8.15055418015,2.59175852788,-67.9345306726)) ;
#3046=CARTESIAN_POINT('Control Point',(-8.35852793972,2.73036231337,-67.9952532596)) ;
#3047=CARTESIAN_POINT('Control Point',(-8.56627365203,2.86939628865,-68.0550244302)) ;
#3048=CARTESIAN_POINT('Control Point',(-8.77381077617,3.00882382381,-68.1138357875)) ;
#3049=CARTESIAN_POINT('Control Point',(-7.85353842504,1.85622005408,-66.6113314434)) ;
#3050=CARTESIAN_POINT('Control Point',(-8.06914539796,1.98225625332,-66.676681965)) ;
#3051=CARTESIAN_POINT('Control Point',(-8.28449695023,2.10885165411,-66.7410126173)) ;
#3052=CARTESIAN_POINT('Control Point',(-8.49961370741,2.23596138409,-66.8043044445)) ;
#3053=CARTESIAN_POINT('Control Point',(-8.7145160575,2.36354107182,-66.8665444091)) ;
#3054=CARTESIAN_POINT('Control Point',(-8.92922371314,2.49154779773,-66.9277246253)) ;
#3055=CARTESIAN_POINT('Control Point',(-7.9021151466,1.62380766864,-66.0137586649)) ;
#3056=CARTESIAN_POINT('Control Point',(-8.12137992655,1.74337973829,-66.0791640048)) ;
#3057=CARTESIAN_POINT('Control Point',(-8.34040771899,1.86351708523,-66.1435372468)) ;
#3058=CARTESIAN_POINT('Control Point',(-8.55921791447,1.98417359818,-66.206859948)) ;
#3059=CARTESIAN_POINT('Control Point',(-8.77782964652,2.10530376624,-66.2691196685)) ;
#3060=CARTESIAN_POINT('Control Point',(-8.99626138495,2.22686364726,-66.33030916)) ;
#3061=CARTESIAN_POINT('Control Point',(-7.98126744024,1.15371684966,-64.8127170519)) ;
#3062=CARTESIAN_POINT('Control Point',(-8.2074404129,1.25994274024,-64.8780862376)) ;
#3063=CARTESIAN_POINT('Control Point',(-8.4334115982,1.36674530928,-64.9424142835)) ;
#3064=CARTESIAN_POINT('Control Point',(-8.65919762157,1.47407696366,-65.0056832206)) ;
#3065=CARTESIAN_POINT('Control Point',(-8.88481486922,1.58189079811,-65.06788112)) ;
#3066=CARTESIAN_POINT('Control Point',(-9.11027914386,1.69014158263,-65.1290012542)) ;
#3067=CARTESIAN_POINT('Control Point',(-8.02997207344,0.674705337749,-63.5966943113)) ;
#3068=CARTESIAN_POINT('Control Point',(-8.26222646789,0.766611951688,-63.660655382)) ;
#3069=CARTESIAN_POINT('Control Point',(-8.49431972586,0.859085864115,-63.7236272167)) ;
#3070=CARTESIAN_POINT('Control Point',(-8.72626461343,0.9520818504,-63.7855923244)) ;
#3071=CARTESIAN_POINT('Control Point',(-8.95807374338,1.04555524561,-63.8465387396)) ;
#3072=CARTESIAN_POINT('Control Point',(-9.18975931638,1.13946286211,-63.9064592994)) ;
#3073=CARTESIAN_POINT('Control Point',(-8.04806656262,0.433476294755,-62.9840269266)) ;
#3074=CARTESIAN_POINT('Control Point',(-8.28309291165,0.517979466009,-63.0468177236)) ;
#3075=CARTESIAN_POINT('Control Point',(-8.51797903701,0.603037711552,-63.1086646971)) ;
#3076=CARTESIAN_POINT('Control Point',(-8.75273568289,0.688608217441,-63.1695506757)) ;
#3077=CARTESIAN_POINT('Control Point',(-8.98737348759,0.774648611182,-63.2294635983)) ;
#3078=CARTESIAN_POINT('Control Point',(-9.22190276861,0.861117816713,-63.2883958843)) ;
#3079=CARTESIAN_POINT('Control Point',(-8.07221218874,-0.050793134818,-61.7550048742)) ;
#3080=CARTESIAN_POINT('Control Point',(-8.31189496167,0.0196471251832,-61.8174246277)) ;
#3081=CARTESIAN_POINT('Control Point',(-8.55147056378,0.0906460496351,-61.878926762)) ;
#3082=CARTESIAN_POINT('Control Point',(-8.79094708141,0.1621616838,-61.9394937673)) ;
#3083=CARTESIAN_POINT('Control Point',(-9.03033253538,0.234152404216,-61.999113049)) ;
#3084=CARTESIAN_POINT('Control Point',(-9.26963471814,0.306577760564,-62.0577763579)) ;
#3085=CARTESIAN_POINT('Control Point',(-8.05381188489,-0.527587676174,-60.5498960635)) ;
#3086=CARTESIAN_POINT('Control Point',(-8.2969187587,-0.470426524838,-60.6147735727)) ;
#3087=CARTESIAN_POINT('Control Point',(-8.5399466643,-0.412666124224,-60.6786404498)) ;
#3088=CARTESIAN_POINT('Control Point',(-8.7829020544,-0.354354602423,-60.7414784198)) ;
#3089=CARTESIAN_POINT('Control Point',(-9.02579129796,-0.295539511657,-60.8032749833)) ;
#3090=CARTESIAN_POINT('Control Point',(-9.26862054549,-0.236266827735,-60.8640226605)) ;
#3091=CARTESIAN_POINT('Control Point',(-8.0326604842,-0.765251196105,-59.9492083056)) ;
#3092=CARTESIAN_POINT('Control Point',(-8.27734914937,-0.715251724888,-60.0144010655)) ;
#3093=CARTESIAN_POINT('Control Point',(-8.5219770317,-0.664646523994,-60.0785658727)) ;
#3094=CARTESIAN_POINT('Control Point',(-8.76654913286,-0.613484999826,-60.1416845501)) ;
#3095=CARTESIAN_POINT('Control Point',(-9.01107038494,-0.561815901424,-60.20374486)) ;
#3096=CARTESIAN_POINT('Control Point',(-9.25554554632,-0.509686291409,-60.2647396995)) ;
#3097=CARTESIAN_POINT('Control Point',(-7.97058317403,-1.23906888277,-58.7453981026)) ;
#3098=CARTESIAN_POINT('Control Point',(-8.21794737151,-1.20376312647,-58.8108421988)) ;
#3099=CARTESIAN_POINT('Control Point',(-8.46528728746,-1.16784450282,-58.8752428107)) ;
#3100=CARTESIAN_POINT('Control Point',(-8.7126048885,-1.13136359848,-58.93858181)) ;
#3101=CARTESIAN_POINT('Control Point',(-8.95990211537,-1.09437027748,-59.0008471459)) ;
#3102=CARTESIAN_POINT('Control Point',(-9.20718084208,-1.05691262674,-59.0620320022)) ;
#3103=CARTESIAN_POINT('Control Point',(-7.87574344609,-1.71020136264,-57.5325151927)) ;
#3104=CARTESIAN_POINT('Control Point',(-8.12472247861,-1.69031588759,-57.596709786)) ;
#3105=CARTESIAN_POINT('Control Point',(-8.3737137513,-1.66983531872,-57.6599097163)) ;
#3106=CARTESIAN_POINT('Control Point',(-8.62271620541,-1.64880710542,-57.7220971429)) ;
#3107=CARTESIAN_POINT('Control Point',(-8.8717288,-1.62727812838,-57.7832598307)) ;
#3108=CARTESIAN_POINT('Control Point',(-9.12075053366,-1.60529372615,-57.8433904198)) ;
#3109=CARTESIAN_POINT('Control Point',(-7.82180877749,-1.94500201602,-56.922756133)) ;
#3110=CARTESIAN_POINT('Control Point',(-8.0712754308,-1.93298207861,-56.9858372943)) ;
#3111=CARTESIAN_POINT('Control Point',(-8.32077119719,-1.92038394037,-57.047968641)) ;
#3112=CARTESIAN_POINT('Control Point',(-8.57029375888,-1.90725219268,-57.1091325939)) ;
#3113=CARTESIAN_POINT('Control Point',(-8.81984082528,-1.89363098932,-57.1693167694)) ;
#3114=CARTESIAN_POINT('Control Point',(-9.06941017981,-1.87956314453,-57.2285133429)) ;
#3115=CARTESIAN_POINT('Control Point',(-7.71101264209,-2.38068699483,-55.7834306732)) ;
#3116=CARTESIAN_POINT('Control Point',(-7.96079309508,-2.38254995538,-55.8458603792)) ;
#3117=CARTESIAN_POINT('Control Point',(-8.21063267418,-2.38384740728,-55.9073709836)) ;
#3118=CARTESIAN_POINT('Control Point',(-8.46052696617,-2.38462191531,-55.9679450305)) ;
#3119=CARTESIAN_POINT('Control Point',(-8.71047159131,-2.38491569835,-56.0275699886)) ;
#3120=CARTESIAN_POINT('Control Point',(-8.96046229152,-2.38476977593,-56.0862376775)) ;
#3121=CARTESIAN_POINT('Control Point',(-7.56740728354,-2.8031658266,-54.6553377496)) ;
#3122=CARTESIAN_POINT('Control Point',(-7.81667224112,-2.8179654052,-54.7196368641)) ;
#3123=CARTESIAN_POINT('Control Point',(-8.06603117726,-2.83217843699,-54.7829424413)) ;
#3124=CARTESIAN_POINT('Control Point',(-8.31547667585,-2.84585168409,-54.8452366756)) ;
#3125=CARTESIAN_POINT('Control Point',(-8.56500140466,-2.85903134967,-54.9065073489)) ;
#3126=CARTESIAN_POINT('Control Point',(-8.81459826709,-2.87176212011,-54.9667471048)) ;
#3127=CARTESIAN_POINT('Control Point',(-7.49245228889,-2.99610699944,-54.1335416568)) ;
#3128=CARTESIAN_POINT('Control Point',(-7.741272319,-3.01715064592,-54.1982591472)) ;
#3129=CARTESIAN_POINT('Control Point',(-7.99020279582,-3.03760419932,-54.2619644326)) ;
#3130=CARTESIAN_POINT('Control Point',(-8.2392348284,-3.0575153852,-54.3246396569)) ;
#3131=CARTESIAN_POINT('Control Point',(-8.48835963888,-3.07693130784,-54.3862727298)) ;
#3132=CARTESIAN_POINT('Control Point',(-8.73756874552,-3.09589746765,-54.4468565562)) ;
#3133=CARTESIAN_POINT('Control Point',(-7.32770066493,-3.37602549529,-53.0899817453)) ;
#3134=CARTESIAN_POINT('Control Point',(-7.5752171961,-3.40970987897,-53.1553458207)) ;
#3135=CARTESIAN_POINT('Control Point',(-7.82287716899,-3.44279998714,-53.2196688937)) ;
#3136=CARTESIAN_POINT('Control Point',(-8.07066874544,-3.47534483161,-53.2829329255)) ;
#3137=CARTESIAN_POINT('Control Point',(-8.31858025719,-3.50739272306,-53.3451259233)) ;
#3138=CARTESIAN_POINT('Control Point',(-8.56660045179,-3.53899025208,-53.4062411029)) ;
#3139=CARTESIAN_POINT('Control Point',(-7.13807651366,-3.7446536651,-52.0450400445)) ;
#3140=CARTESIAN_POINT('Control Point',(-7.38339307637,-3.79135973878,-52.1098972123)) ;
#3141=CARTESIAN_POINT('Control Point',(-7.62888218629,-3.83748532962,-52.1737340469)) ;
#3142=CARTESIAN_POINT('Control Point',(-7.87452978386,-3.88307752761,-52.2365324555)) ;
#3143=CARTESIAN_POINT('Control Point',(-8.12032199645,-3.92818280996,-52.2982802084)) ;
#3144=CARTESIAN_POINT('Control Point',(-8.36624542982,-3.97284606364,-52.3589701506)) ;
#3145=CARTESIAN_POINT('Control Point',(-7.03824906482,-3.92619924706,-51.5218941601)) ;
#3146=CARTESIAN_POINT('Control Point',(-7.28224744656,-3.97941835395,-51.5863163542)) ;
#3147=CARTESIAN_POINT('Control Point',(-7.52643177406,-4.0320673781,-51.6497367317)) ;
#3148=CARTESIAN_POINT('Control Point',(-7.77078708437,-4.08419188782,-51.7121372265)) ;
#3149=CARTESIAN_POINT('Control Point',(-8.01529859891,-4.13583690921,-51.7735054597)) ;
#3150=CARTESIAN_POINT('Control Point',(-8.25995203255,-4.18704598429,-51.8338339973)) ;
#3151=CARTESIAN_POINT('Control Point',(-6.80863215648,-4.32336855939,-50.361212385)) ;
#3152=CARTESIAN_POINT('Control Point',(-7.04915030927,-4.39096299194,-50.4239896848)) ;
#3153=CARTESIAN_POINT('Control Point',(-7.28987811162,-4.45802044904,-50.485835645)) ;
#3154=CARTESIAN_POINT('Control Point',(-7.53079962581,-4.52458157152,-50.5467324459)) ;
#3155=CARTESIAN_POINT('Control Point',(-7.77189904757,-4.59068667072,-50.6066673246)) ;
#3156=CARTESIAN_POINT('Control Point',(-8.01316102984,-4.65637490341,-50.6656319821)) ;
#3157=CARTESIAN_POINT('Control Point',(-6.55565635403,-4.70662694455,-49.1977039876)) ;
#3158=CARTESIAN_POINT('Control Point',(-6.79198015262,-4.78740819652,-49.2607916549)) ;
#3159=CARTESIAN_POINT('Control Point',(-7.02854332828,-4.86766426856,-49.3229344964)) ;
#3160=CARTESIAN_POINT('Control Point',(-7.265327524,-4.94743554174,-49.38411495)) ;
#3161=CARTESIAN_POINT('Control Point',(-7.50231455532,-5.02676200969,-49.4443206073)) ;
#3162=CARTESIAN_POINT('Control Point',(-7.73948678148,-5.10568246283,-49.503543586)) ;
#3163=CARTESIAN_POINT('Control Point',(-6.40772293114,-4.90927303842,-48.5641890754)) ;
#3164=CARTESIAN_POINT('Control Point',(-6.64158639519,-4.99695503732,-48.6281885304)) ;
#3165=CARTESIAN_POINT('Control Point',(-6.87571013028,-5.08410893363,-48.6912039299)) ;
#3166=CARTESIAN_POINT('Control Point',(-7.11007356762,-5.17077665567,-48.7532176997)) ;
#3167=CARTESIAN_POINT('Control Point',(-7.34465637629,-5.25699963263,-48.8142177504)) ;
#3168=CARTESIAN_POINT('Control Point',(-7.57943888141,-5.34281794231,-48.8741967694)) ;
#3169=CARTESIAN_POINT('Control Point',(-6.05421584834,-5.34554900446,-47.1481273183)) ;
#3170=CARTESIAN_POINT('Control Point',(-6.28182917578,-5.44893682798,-47.2135743351)) ;
#3171=CARTESIAN_POINT('Control Point',(-6.50974971876,-5.55179718823,-47.2779699433)) ;
#3172=CARTESIAN_POINT('Control Point',(-6.73795186027,-5.65417411599,-47.3412965236)) ;
#3173=CARTESIAN_POINT('Control Point',(-6.96641038343,-5.75611095155,-47.4035425592)) ;
#3174=CARTESIAN_POINT('Control Point',(-7.19510099789,-5.8576494384,-47.4647017659)) ;
#3175=CARTESIAN_POINT('Control Point',(-5.65755221823,-5.74967478794,-45.7224843082)) ;
#3176=CARTESIAN_POINT('Control Point',(-5.87702428985,-5.86920995134,-45.7871503092)) ;
#3177=CARTESIAN_POINT('Control Point',(-6.09683751447,-5.98824561589,-45.8508037341)) ;
#3178=CARTESIAN_POINT('Control Point',(-6.31696427793,-6.10682194894,-45.9134263653)) ;
#3179=CARTESIAN_POINT('Control Point',(-6.53737731589,-6.22497862945,-45.9750057876)) ;
#3180=CARTESIAN_POINT('Control Point',(-6.75805028759,-6.34275401158,-46.0355346217)) ;
#3181=CARTESIAN_POINT('Control Point',(-5.42759731285,-5.96495972405,-44.9267590834)) ;
#3182=CARTESIAN_POINT('Control Point',(-5.64195952481,-6.09338538783,-44.9903493062)) ;
#3183=CARTESIAN_POINT('Control Point',(-5.85667548668,-6.22133552822,-45.0529817714)) ;
#3184=CARTESIAN_POINT('Control Point',(-6.07171794639,-6.34884660156,-45.1146379198)) ;
#3185=CARTESIAN_POINT('Control Point',(-6.28705988352,-6.47595476355,-45.1753045396)) ;
#3186=CARTESIAN_POINT('Control Point',(-6.50267507693,-6.6026951107,-45.2349731273)) ;
#3187=CARTESIAN_POINT('Control Point',(-5.02070542479,-6.3235973494,-43.5543033808)) ;
#3188=CARTESIAN_POINT('Control Point',(-5.22592826401,-6.46621068521,-43.6169820339)) ;
#3189=CARTESIAN_POINT('Control Point',(-5.43152278765,-6.60838720722,-43.6787377094)) ;
#3190=CARTESIAN_POINT('Control Point',(-5.63746109227,-6.75015985338,-43.7395526237)) ;
#3191=CARTESIAN_POINT('Control Point',(-5.84371548251,-6.89156130322,-43.7994139794)) ;
#3192=CARTESIAN_POINT('Control Point',(-6.05025903705,-7.03262331069,-43.8583133872)) ;
#3193=CARTESIAN_POINT('Control Point',(-4.57927745015,-6.64648613629,-42.1727363416)) ;
#3194=CARTESIAN_POINT('Control Point',(-4.77472007144,-6.80197491726,-42.2369898901)) ;
#3195=CARTESIAN_POINT('Control Point',(-4.97057365111,-6.95704143788,-42.3002401641)) ;
#3196=CARTESIAN_POINT('Control Point',(-5.16680499504,-7.11171992983,-42.3624700411)) ;
#3197=CARTESIAN_POINT('Control Point',(-5.3633813629,-7.26604414741,-42.4236680119)) ;
#3198=CARTESIAN_POINT('Control Point',(-5.56027113667,-7.4200466785,-42.4838274228)) ;
#3199=CARTESIAN_POINT('Control Point',(-4.38668748703,-6.77446498046,-41.5899901414)) ;
#3200=CARTESIAN_POINT('Control Point',(-4.57767223598,-6.93541854294,-41.6545430279)) ;
#3201=CARTESIAN_POINT('Control Point',(-4.76908383799,-7.09595792339,-41.7180786635)) ;
#3202=CARTESIAN_POINT('Control Point',(-4.96088741277,-7.25611698404,-41.7805798375)) ;
#3203=CARTESIAN_POINT('Control Point',(-5.15304858678,-7.41592909434,-41.8420350924)) ;
#3204=CARTESIAN_POINT('Control Point',(-5.34553419855,-7.57542644582,-41.9024379304)) ;
#3205=CARTESIAN_POINT('Control Point',(-3.99207372496,-7.01416866183,-40.4263611271)) ;
#3206=CARTESIAN_POINT('Control Point',(-4.17366165067,-7.18583514661,-40.4913292032)) ;
#3207=CARTESIAN_POINT('Control Point',(-4.35570732561,-7.3571056691,-40.555264295)) ;
#3208=CARTESIAN_POINT('Control Point',(-4.53817303935,-7.52801275306,-40.6181487045)) ;
#3209=CARTESIAN_POINT('Control Point',(-4.72102163204,-7.69858845509,-40.6799706748)) ;
#3210=CARTESIAN_POINT('Control Point',(-4.90421726916,-7.86886369484,-40.7407235667)) ;
#3211=CARTESIAN_POINT('Control Point',(-3.58287968316,-7.22424535633,-39.2663074104)) ;
#3212=CARTESIAN_POINT('Control Point',(-3.75409334543,-7.40612758067,-39.3307995874)) ;
#3213=CARTESIAN_POINT('Control Point',(-3.92578583291,-7.58764166902,-39.3942912525)) ;
#3214=CARTESIAN_POINT('Control Point',(-4.09791896722,-7.76881684439,-39.4567639177)) ;
#3215=CARTESIAN_POINT('Control Point',(-4.27045499856,-7.94968201129,-39.5182048146)) ;
#3216=CARTESIAN_POINT('Control Point',(-4.44335740403,-8.13026514338,-39.5786061596)) ;
#3217=CARTESIAN_POINT('Control Point',(-3.37572944231,-7.32255909199,-38.6870078734)) ;
#3218=CARTESIAN_POINT('Control Point',(-3.54156932359,-7.50935137613,-38.7511368908)) ;
#3219=CARTESIAN_POINT('Control Point',(-3.70789819913,-7.69579017186,-38.8142952668)) ;
#3220=CARTESIAN_POINT('Control Point',(-3.87467832344,-7.88190266874,-38.8764638004)) ;
#3221=CARTESIAN_POINT('Control Point',(-4.04187225076,-8.06771584527,-38.9376288062)) ;
#3222=CARTESIAN_POINT('Control Point',(-4.20944363628,-8.25325589185,-38.9977814565)) ;
#3223=CARTESIAN_POINT('Control Point',(-2.94835655746,-7.51193895628,-37.5038646393)) ;
#3224=CARTESIAN_POINT('Control Point',(-3.10286689572,-7.70826142152,-37.5668966576)) ;
#3225=CARTESIAN_POINT('Control Point',(-3.2578667754,-7.90427180386,-37.628996696)) ;
#3226=CARTESIAN_POINT('Control Point',(-3.41331926017,-8.09999370789,-37.6901466016)) ;
#3227=CARTESIAN_POINT('Control Point',(-3.56918768924,-8.29545055498,-37.750333317)) ;
#3228=CARTESIAN_POINT('Control Point',(-3.72543643562,-8.49066510026,-37.8095482885)) ;
#3229=CARTESIAN_POINT('Control Point',(-2.50554687011,-7.67350053165,-36.3100776137)) ;
#3230=CARTESIAN_POINT('Control Point',(-2.64859889654,-7.87821664087,-36.3736174087)) ;
#3231=CARTESIAN_POINT('Control Point',(-2.79215245611,-8.08265180124,-36.4361716394)) ;
#3232=CARTESIAN_POINT('Control Point',(-2.93616720084,-8.28682872509,-36.4977240097)) ;
#3233=CARTESIAN_POINT('Control Point',(-3.08060336213,-8.49076978838,-36.5582636128)) ;
#3234=CARTESIAN_POINT('Control Point',(-3.22542254241,-8.69449658632,-36.6177841998)) ;
#3235=CARTESIAN_POINT('Control Point',(-2.27547007668,-7.74576871485,-35.700932491)) ;
#3236=CARTESIAN_POINT('Control Point',(-2.41255691847,-7.95455701006,-35.7650062759)) ;
#3237=CARTESIAN_POINT('Control Point',(-2.55016243555,-8.16307398908,-35.8280745811)) ;
#3238=CARTESIAN_POINT('Control Point',(-2.68824439065,-8.37134175688,-35.8901207479)) ;
#3239=CARTESIAN_POINT('Control Point',(-2.82676117735,-8.57938208796,-35.9511337138)) ;
#3240=CARTESIAN_POINT('Control Point',(-2.96567265859,-8.78721598684,-36.0111072402)) ;
#3241=CARTESIAN_POINT('Control Point',(-1.81063039095,-7.86944576844,-34.4869901115)) ;
#3242=CARTESIAN_POINT('Control Point',(-1.93528874132,-8.08606993907,-34.5517226282)) ;
#3243=CARTESIAN_POINT('Control Point',(-2.06049494239,-8.30244746755,-34.6154249803)) ;
#3244=CARTESIAN_POINT('Control Point',(-2.18620382512,-8.51859859032,-34.678079808)) ;
#3245=CARTESIAN_POINT('Control Point',(-2.31237090055,-8.73454324748,-34.7396756359)) ;
#3246=CARTESIAN_POINT('Control Point',(-2.43895327846,-8.95030066894,-34.8002060508)) ;
#3247=CARTESIAN_POINT('Control Point',(-1.33956684027,-7.95514670668,-33.2807743729)) ;
#3248=CARTESIAN_POINT('Control Point',(-1.450976736,-8.17877822914,-33.3454652341)) ;
#3249=CARTESIAN_POINT('Control Point',(-1.56295621068,-8.40219359145,-33.4091486873)) ;
#3250=CARTESIAN_POINT('Control Point',(-1.67545975369,-8.62540992864,-33.4718059373)) ;
#3251=CARTESIAN_POINT('Control Point',(-1.78844235575,-8.84844419772,-33.5334239995)) ;
#3252=CARTESIAN_POINT('Control Point',(-1.90186046999,-9.0713128139,-33.5939949531)) ;
#3253=CARTESIAN_POINT('Control Point',(-1.10331933229,-7.98938320527,-32.6792954222)) ;
#3254=CARTESIAN_POINT('Control Point',(-1.2080273058,-8.21624610271,-32.744038567)) ;
#3255=CARTESIAN_POINT('Control Point',(-1.313320662,-8.44290787175,-32.8077996483)) ;
#3256=CARTESIAN_POINT('Control Point',(-1.41915431727,-8.66938390807,-32.8705583429)) ;
#3257=CARTESIAN_POINT('Control Point',(-1.52548347831,-8.89568951192,-32.9323000397)) ;
#3258=CARTESIAN_POINT('Control Point',(-1.63226462914,-9.12183955154,-32.9930151751)) ;
#3259=CARTESIAN_POINT('Control Point',(-0.629962911309,-8.04402749717,-31.4771828102)) ;
#3260=CARTESIAN_POINT('Control Point',(-0.720587816639,-8.27687387563,-31.5404771139)) ;
#3261=CARTESIAN_POINT('Control Point',(-0.811776208414,-8.50956415006,-31.6028315203)) ;
#3262=CARTESIAN_POINT('Control Point',(-0.903485325366,-8.74211023632,-31.6642276723)) ;
#3263=CARTESIAN_POINT('Control Point',(-0.995672731248,-8.97452394981,-31.7246523924)) ;
#3264=CARTESIAN_POINT('Control Point',(-1.08829719842,-9.20681676206,-31.7840970773)) ;
#3265=CARTESIAN_POINT('Control Point',(-0.148648934805,-8.07035045968,-30.2595121727)) ;
#3266=CARTESIAN_POINT('Control Point',(-0.225315921667,-8.30801794845,-30.3225294616)) ;
#3267=CARTESIAN_POINT('Control Point',(-0.302531911232,-8.54556696233,-30.3845671143)) ;
#3268=CARTESIAN_POINT('Control Point',(-0.380252368676,-8.78300720738,-30.4456097885)) ;
#3269=CARTESIAN_POINT('Control Point',(-0.458433472361,-9.02034822393,-30.5056473958)) ;
#3270=CARTESIAN_POINT('Control Point',(-0.537032961595,-9.25759920378,-30.5646743699)) ;
#3271=CARTESIAN_POINT('Control Point',(0.0933994974622,-8.07315172333,-29.6495773139)) ;
#3272=CARTESIAN_POINT('Control Point',(0.0235428570005,-8.31293807859,-29.713297076)) ;
#3273=CARTESIAN_POINT('Control Point',(-0.0468816892072,-8.55261821811,-29.7760189768)) ;
#3274=CARTESIAN_POINT('Control Point',(-0.117827901129,-8.79220078868,-29.8377267719)) ;
#3275=CARTESIAN_POINT('Control Point',(-0.189250246847,-9.03169430565,-29.8984097068)) ;
#3276=CARTESIAN_POINT('Control Point',(-0.26110480813,-9.27110698274,-29.9580617561)) ;
#3277=CARTESIAN_POINT('Control Point',(0.576618088926,-8.05714196919,-28.431720564)) ;
#3278=CARTESIAN_POINT('Control Point',(0.520872045737,-8.30076801293,-28.4962542038)) ;
#3279=CARTESIAN_POINT('Control Point',(0.464532959846,-8.54431876642,-28.5597663223)) ;
#3280=CARTESIAN_POINT('Control Point',(0.407649411843,-8.787800307,-28.6222395612)) ;
#3281=CARTESIAN_POINT('Control Point',(0.350269276653,-9.03121863215,-28.6836623667)) ;
#3282=CARTESIAN_POINT('Control Point',(0.292438736387,-9.27457953351,-28.7440281896)) ;
#3283=CARTESIAN_POINT('Control Point',(1.05481895292,-8.0011353621,-27.2185070101)) ;
#3284=CARTESIAN_POINT('Control Point',(1.013724684,-8.24757886421,-27.2834013928)) ;
#3285=CARTESIAN_POINT('Control Point',(0.972017546574,-8.49398204479,-27.3472878179)) ;
#3286=CARTESIAN_POINT('Control Point',(0.929746264872,-8.74034799866,-27.4101470855)) ;
#3287=CARTESIAN_POINT('Control Point',(0.886959064594,-8.9866797984,-27.4719658492)) ;
#3288=CARTESIAN_POINT('Control Point',(0.843702632236,-9.23298042637,-27.5327358731)) ;
#3289=CARTESIAN_POINT('Control Point',(1.29177439403,-7.96390514874,-26.6132346647)) ;
#3290=CARTESIAN_POINT('Control Point',(1.25801805033,-8.21148049549,-26.6784096852)) ;
#3291=CARTESIAN_POINT('Control Point',(1.22363294638,-8.45903477917,-26.7425978987)) ;
#3292=CARTESIAN_POINT('Control Point',(1.18866727105,-8.7065695621,-26.805778253)) ;
#3293=CARTESIAN_POINT('Control Point',(1.15316895517,-8.9540863983,-26.8679355188)) ;
#3294=CARTESIAN_POINT('Control Point',(1.11718459583,-9.20158679971,-26.9290596238)) ;
#3295=CARTESIAN_POINT('Control Point',(1.76157373567,-7.87451534518,-25.4022812053)) ;
#3296=CARTESIAN_POINT('Control Point',(1.74319941016,-8.12370674447,-25.4660692436)) ;
#3297=CARTESIAN_POINT('Control Point',(1.72423373126,-8.37291482481,-25.528899324)) ;
#3298=CARTESIAN_POINT('Control Point',(1.70472216482,-8.62213838971,-25.5907530785)) ;
#3299=CARTESIAN_POINT('Control Point',(1.68470977337,-8.87137624051,-25.6516174789)) ;
#3300=CARTESIAN_POINT('Control Point',(1.66424027549,-9.12062720489,-25.7114841899)) ;
#3301=CARTESIAN_POINT('Control Point',(2.22655946628,-7.75855701615,-24.182506784)) ;
#3302=CARTESIAN_POINT('Control Point',(2.22331343874,-8.00824841869,-24.2449840303)) ;
#3303=CARTESIAN_POINT('Control Point',(2.21951937015,-8.25798662964,-24.3064858807)) ;
#3304=CARTESIAN_POINT('Control Point',(2.21522200977,-8.50776787368,-24.3669980752)) ;
#3305=CARTESIAN_POINT('Control Point',(2.21046529615,-8.75758843506,-24.4265114775)) ;
#3306=CARTESIAN_POINT('Control Point',(2.20529153704,-9.00744472905,-24.485021335)) ;
#3307=CARTESIAN_POINT('Control Point',(2.45674228367,-7.69199543535,-23.5730623251)) ;
#3308=CARTESIAN_POINT('Control Point',(2.4606804121,-7.94168734508,-23.6358368542)) ;
#3309=CARTESIAN_POINT('Control Point',(2.46406087882,-8.19144183628,-23.6976320086)) ;
#3310=CARTESIAN_POINT('Control Point',(2.46692887011,-8.44125377614,-23.7584326571)) ;
#3311=CARTESIAN_POINT('Control Point',(2.46932882694,-8.69111812007,-23.8182288989)) ;
#3312=CARTESIAN_POINT('Control Point',(2.47130359296,-8.94103000735,-23.8770153287)) ;
#3313=CARTESIAN_POINT('Control Point',(2.9095056276,-7.54046015494,-22.3611430399)) ;
#3314=CARTESIAN_POINT('Control Point',(2.92788893794,-7.78964777125,-22.4242862145)) ;
#3315=CARTESIAN_POINT('Control Point',(2.94570647669,-8.03893136488,-22.4864351984)) ;
#3316=CARTESIAN_POINT('Control Point',(2.96300424994,-8.28830294846,-22.5475741195)) ;
#3317=CARTESIAN_POINT('Control Point',(2.97982753567,-8.53775467492,-22.6076925326)) ;
#3318=CARTESIAN_POINT('Control Point',(2.9962199931,-8.78727898835,-22.6667846603)) ;
#3319=CARTESIAN_POINT('Control Point',(3.34565614836,-7.3513901549,-21.1632309083)) ;
#3320=CARTESIAN_POINT('Control Point',(3.37824030873,-7.59907122912,-21.2274866343)) ;
#3321=CARTESIAN_POINT('Control Point',(3.41023458835,-7.84688883139,-21.2907388382)) ;
#3322=CARTESIAN_POINT('Control Point',(3.44168600634,-8.09483185849,-21.3529689288)) ;
#3323=CARTESIAN_POINT('Control Point',(3.47264106223,-8.34288934665,-21.4141640708)) ;
#3324=CARTESIAN_POINT('Control Point',(3.50314474858,-8.59105070058,-21.4743164433)) ;
#3325=CARTESIAN_POINT('Control Point',(3.55917429278,-7.24729721483,-20.5679333142)) ;
#3326=CARTESIAN_POINT('Control Point',(3.59882943916,-7.49397356708,-20.6328877922)) ;
#3327=CARTESIAN_POINT('Control Point',(3.63788079313,-7.74080903052,-20.6968364904)) ;
#3328=CARTESIAN_POINT('Control Point',(3.67637579721,-7.98779088659,-20.7597590995)) ;
#3329=CARTESIAN_POINT('Control Point',(3.71436152004,-8.23490653571,-20.8216412404)) ;
#3330=CARTESIAN_POINT('Control Point',(3.75188361235,-8.48214377263,-20.8824737444)) ;
#3331=CARTESIAN_POINT('Control Point',(3.76830109167,-7.13398656444,-19.974922295)) ;
#3332=CARTESIAN_POINT('Control Point',(3.81502413648,-7.37939770587,-20.0406643381)) ;
#3333=CARTESIAN_POINT('Control Point',(3.86113072978,-7.62499258463,-20.1053993577)) ;
#3334=CARTESIAN_POINT('Control Point',(3.90666860986,-7.87075685382,-20.1691052732)) ;
#3335=CARTESIAN_POINT('Control Point',(3.95168529613,-8.11667624237,-20.2317660973)) ;
#3336=CARTESIAN_POINT('Control Point',(3.99622699117,-8.3627368825,-20.2933712435)) ;
#3337=CARTESIAN_POINT('Control Point',(3.97364828368,-7.01181903039,-19.3822025511)) ;
#3338=CARTESIAN_POINT('Control Point',(4.02747764128,-7.25569988866,-19.4487205094)) ;
#3339=CARTESIAN_POINT('Control Point',(4.08068300483,-7.49978915404,-19.5142266835)) ;
#3340=CARTESIAN_POINT('Control Point',(4.13331238715,-7.74407079079,-19.5786976525)) ;
#3341=CARTESIAN_POINT('Control Point',(4.18541368577,-7.98852880167,-19.6421162458)) ;
#3342=CARTESIAN_POINT('Control Point',(4.23703354294,-8.23314760867,-19.7044708654)) ;
#3344=CARTESIAN_POINT('Control Point',(3.95806270084,-7.02106580194,-19.4271647731)) ;
#3345=CARTESIAN_POINT('Control Point',(3.96326080896,-7.01799034777,-19.4121770958)) ;
#3346=CARTESIAN_POINT('Control Point',(3.96845599618,-7.01490808631,-19.3971897115)) ;
#3347=CARTESIAN_POINT('Control Point',(3.97364828368,-7.01181903039,-19.3822025511)) ;
#3348=CARTESIAN_POINT('Vertex',(3.95806248225,-7.02106593126,-19.4271654033)) ;
#3352=CARTESIAN_POINT('Control Point',(-1.39791980314,-7.94036294998,-33.4320012899)) ;
#3353=CARTESIAN_POINT('Control Point',(-1.12461030814,-7.98651581867,-32.73294213)) ;
#3354=CARTESIAN_POINT('Control Point',(-0.850032602184,-8.02139422062,-32.0354419905)) ;
#3355=CARTESIAN_POINT('Control Point',(-0.574472441972,-8.04831203659,-31.336119753)) ;
#3356=CARTESIAN_POINT('Control Point',(-0.0156925096666,-8.08031304549,-29.9239416354)) ;
#3357=CARTESIAN_POINT('Control Point',(0.545306483872,-8.05790575074,-28.5100076444)) ;
#3358=CARTESIAN_POINT('Control Point',(0.824349758146,-8.0318498488,-27.805250751)) ;
#3359=CARTESIAN_POINT('Control Point',(1.37608572295,-7.95526012415,-26.4003843774)) ;
#3360=CARTESIAN_POINT('Control Point',(1.91741139413,-7.83744637415,-24.9952484714)) ;
#3361=CARTESIAN_POINT('Control Point',(2.18748400918,-7.77128163031,-24.2868472821)) ;
#3362=CARTESIAN_POINT('Control Point',(2.71841020911,-7.61384689573,-22.8789316318)) ;
#3363=CARTESIAN_POINT('Control Point',(3.22849517081,-7.40695556703,-21.4885852479)) ;
#3364=CARTESIAN_POINT('Control Point',(3.47739542092,-7.29056771916,-20.7988951337)) ;
#3365=CARTESIAN_POINT('Control Point',(3.7202756809,-7.16175218417,-20.112774804)) ;
#3366=CARTESIAN_POINT('Control Point',(3.95806248225,-7.02106593126,-19.4271654033)) ;
#3367=CARTESIAN_POINT('Vertex',(-1.39783128798,-7.94039097515,-33.4319537036)) ;
#3371=CARTESIAN_POINT('Control Point',(-2.69996605113,-7.59895136558,-36.8375673928)) ;
#3372=CARTESIAN_POINT('Control Point',(-2.38315875021,-7.7146199557,-35.9833797275)) ;
#3373=CARTESIAN_POINT('Control Point',(-2.05805759121,-7.81133320541,-35.1273124738)) ;
#3374=CARTESIAN_POINT('Control Point',(-1.7288479569,-7.88448020859,-34.2784349538)) ;
#3375=CARTESIAN_POINT('Control Point',(-1.39791982132,-7.94036294691,-33.4320013364)) ;
#3376=CARTESIAN_POINT('Vertex',(-2.69996605113,-7.59895136558,-36.8375673928)) ;
#3380=CARTESIAN_POINT('Control Point',(-2.79571031823,-7.56326270917,-37.0963880881)) ;
#3381=CARTESIAN_POINT('Control Point',(-2.76388971403,-7.57536469938,-37.0101470225)) ;
#3382=CARTESIAN_POINT('Control Point',(-2.73197380803,-7.58726510676,-36.9238679012)) ;
#3383=CARTESIAN_POINT('Control Point',(-2.69996605113,-7.59895136558,-36.8375673928)) ;
#3384=CARTESIAN_POINT('Vertex',(-2.79571031823,-7.56326270917,-37.0963880881)) ;
#3388=CARTESIAN_POINT('Control Point',(-3.06310705338,-7.45620277704,-37.8260640508)) ;
#3389=CARTESIAN_POINT('Control Point',(-2.97471412217,-7.49329290797,-37.5832853367)) ;
#3390=CARTESIAN_POINT('Control Point',(-2.88560867189,-7.52907262938,-37.3400330474)) ;
#3391=CARTESIAN_POINT('Control Point',(-2.79571031823,-7.56326270917,-37.0963880881)) ;
#3392=CARTESIAN_POINT('Vertex',(-3.06310705338,-7.45620277704,-37.8260640508)) ;
#3396=CARTESIAN_POINT('Control Point',(-5.02933746926,-6.30041753569,-43.6086781733)) ;
#3397=CARTESIAN_POINT('Control Point',(-4.58676174756,-6.66087024645,-42.1639675762)) ;
#3398=CARTESIAN_POINT('Control Point',(-4.09919110565,-6.97816364012,-40.7060301475)) ;
#3399=CARTESIAN_POINT('Control Point',(-3.58932902597,-7.23539731677,-39.2713775176)) ;
#3400=CARTESIAN_POINT('Control Point',(-3.06310705338,-7.45620277704,-37.8260640508)) ;
#3401=CARTESIAN_POINT('Vertex',(-5.02933746926,-6.30041753569,-43.6086781733)) ;
#3405=CARTESIAN_POINT('Control Point',(-5.15817443954,-6.19333078865,-44.0327399792)) ;
#3406=CARTESIAN_POINT('Control Point',(-5.11559072363,-6.22942623307,-43.8914412541)) ;
#3407=CARTESIAN_POINT('Control Point',(-5.07266057422,-6.26513333491,-43.7500988292)) ;
#3408=CARTESIAN_POINT('Control Point',(-5.02933746926,-6.30041753569,-43.6086781733)) ;
#3409=CARTESIAN_POINT('Vertex',(-5.15817443954,-6.19333078865,-44.0327399792)) ;
#3413=CARTESIAN_POINT('Control Point',(-6.19608642284,5.1407714356,-76.)) ;
#3414=CARTESIAN_POINT('Control Point',(-6.29869977032,5.01849814473,-75.5954345964)) ;
#3415=CARTESIAN_POINT('Control Point',(-6.39944026987,4.89389427241,-75.1889269339)) ;
#3416=CARTESIAN_POINT('Control Point',(-6.49789555737,4.76715302007,-74.7815597704)) ;
#3417=CARTESIAN_POINT('Control Point',(-6.68824798879,4.50970381086,-73.9694858812)) ;
#3418=CARTESIAN_POINT('Control Point',(-6.85827440772,4.24507700472,-73.1747238129)) ;
#3419=CARTESIAN_POINT('Control Point',(-6.93780633143,4.11102698347,-72.7818722667)) ;
#3420=CARTESIAN_POINT('Control Point',(-7.16595093894,3.70200592865,-71.6014572902)) ;
#3421=CARTESIAN_POINT('Control Point',(-7.36444010001,3.27375531071,-70.4124404653)) ;
#3422=CARTESIAN_POINT('Control Point',(-7.48806647527,2.98010095497,-69.6057893809)) ;
#3423=CARTESIAN_POINT('Control Point',(-7.66291413388,2.52953121048,-68.3805361078)) ;
#3424=CARTESIAN_POINT('Control Point',(-7.79523098747,2.07510437036,-67.1832795815)) ;
#3425=CARTESIAN_POINT('Control Point',(-7.83363902261,1.92342276659,-66.7884917079)) ;
#3426=CARTESIAN_POINT('Control Point',(-7.90182189681,1.6176137841,-65.9982832388)) ;
#3427=CARTESIAN_POINT('Control Point',(-7.95347406906,1.30765445227,-65.2062954098)) ;
#3428=CARTESIAN_POINT('Control Point',(-7.97564382527,1.15158711722,-64.8088153936)) ;
#3429=CARTESIAN_POINT('Control Point',(-8.01373929823,0.837499335272,-64.0100273321)) ;
#3430=CARTESIAN_POINT('Control Point',(-8.03994344329,0.520397116453,-63.2048770435)) ;
#3431=CARTESIAN_POINT('Control Point',(-8.05022126214,0.361325412489,-62.8010367676)) ;
#3432=CARTESIAN_POINT('Control Point',(-8.06461622319,0.0428348791277,-61.9929912726)) ;
#3433=CARTESIAN_POINT('Control Point',(-8.06221627051,-0.273452664302,-61.1923800623)) ;
#3434=CARTESIAN_POINT('Control Point',(-8.05568317404,-0.430523769877,-60.7954176409)) ;
#3435=CARTESIAN_POINT('Control Point',(-8.02200324811,-0.901150050022,-59.6048227178)) ;
#3436=CARTESIAN_POINT('Control Point',(-7.94827339946,-1.36858029758,-58.4143939836)) ;
#3437=CARTESIAN_POINT('Control Point',(-7.88447186604,-1.67893090828,-57.6149790499)) ;
#3438=CARTESIAN_POINT('Control Point',(-7.74136095428,-2.29974777041,-56.0016202472)) ;
#3439=CARTESIAN_POINT('Control Point',(-7.53957701839,-2.89958126352,-54.4009083144)) ;
#3440=CARTESIAN_POINT('Control Point',(-7.41584108241,-3.19091261758,-53.6067841764)) ;
#3441=CARTESIAN_POINT('Control Point',(-7.1398959145,-3.76152936245,-52.0108119251)) ;
#3442=CARTESIAN_POINT('Control Point',(-6.8185016533,-4.30728596959,-50.4096247578)) ;
#3443=CARTESIAN_POINT('Control Point',(-6.65000919942,-4.57669885651,-49.6037496608)) ;
#3444=CARTESIAN_POINT('Control Point',(-6.28137986166,-5.08746520899,-48.0131129763)) ;
#3445=CARTESIAN_POINT('Control Point',(-5.85680756175,-5.55124181623,-46.4309463968)) ;
#3446=CARTESIAN_POINT('Control Point',(-5.63085214355,-5.77440081353,-45.6307740276)) ;
#3447=CARTESIAN_POINT('Control Point',(-5.39916088087,-5.98906226687,-44.8323666957)) ;
#3448=CARTESIAN_POINT('Control Point',(-5.15817443954,-6.19333078865,-44.0327399792)) ;
#3467=CARTESIAN_POINT('Control Point',(3.95790549604,-7.02111785838,-19.427098882)) ;
#3468=CARTESIAN_POINT('Control Point',(3.95742996885,-7.01920832334,-19.4267165825)) ;
#3469=CARTESIAN_POINT('Control Point',(3.95695439567,-7.01729880366,-19.4263342635)) ;
#3470=CARTESIAN_POINT('Vertex',(3.95697642395,-7.01738724737,-19.4263519689)) ;
#3473=CARTESIAN_POINT('Axis2P3D Location',(-1.7626086328,-8.92766547355,-17.)) ;
#3484=CARTESIAN_POINT('Axis2P3D Location',(-1.7626086328,-8.92766547355,-17.)) ;
#3490=CARTESIAN_POINT('Control Point',(3.95697642395,-7.01738724737,-19.4263519689)) ;
#3491=CARTESIAN_POINT('Control Point',(3.82075853419,-6.4704708301,-19.316865497)) ;
#3492=CARTESIAN_POINT('Control Point',(3.62541703784,-5.92954874365,-19.1816359033)) ;
#3493=CARTESIAN_POINT('Control Point',(3.36786706887,-5.40541425284,-19.0202579935)) ;
#3494=CARTESIAN_POINT('Control Point',(2.69178591393,-4.36134099811,-18.6263251178)) ;
#3495=CARTESIAN_POINT('Control Point',(1.76279841519,-3.51547589062,-18.1377151741)) ;
#3496=CARTESIAN_POINT('Control Point',(1.20487234351,-3.13726570194,-17.8558830598)) ;
#3497=CARTESIAN_POINT('Control Point',(0.356497482158,-2.74694024025,-17.4438688673)) ;
#3498=CARTESIAN_POINT('Control Point',(-0.48456990713,-2.54628078319,-17.0520733887)) ;
#3499=CARTESIAN_POINT('Control Point',(-0.720080652017,-2.50455964186,-16.9436599387)) ;
#3500=CARTESIAN_POINT('Control Point',(-1.17152266563,-2.44949036248,-16.7380740599)) ;
#3501=CARTESIAN_POINT('Control Point',(-1.56257384968,-2.44040698607,-16.5634462177)) ;
#3502=CARTESIAN_POINT('Control Point',(-1.7390769045,-2.44446209371,-16.485356785)) ;
#3503=CARTESIAN_POINT('Control Point',(-2.27164399208,-2.47488549544,-16.2513618353)) ;
#3504=CARTESIAN_POINT('Control Point',(-2.62306238042,-2.54231344203,-16.1011983326)) ;
#3505=CARTESIAN_POINT('Control Point',(-2.82659555705,-2.5867113751,-16.0147030903)) ;
#3506=CARTESIAN_POINT('Control Point',(-3.13180748175,-2.66657046436,-15.8861877754)) ;
#3507=CARTESIAN_POINT('Control Point',(-3.40952206185,-2.7589889708,-15.7710186931)) ;
#3508=CARTESIAN_POINT('Control Point',(-3.52523901997,-2.80074960317,-15.7232068314)) ;
#3509=CARTESIAN_POINT('Control Point',(-3.76483370746,-2.89372683008,-15.6251688782)) ;
#3510=CARTESIAN_POINT('Control Point',(-4.0468718166,-3.02347081921,-15.5115074749)) ;
#3511=CARTESIAN_POINT('Control Point',(-4.20445021332,-3.1019773534,-15.4483799657)) ;
#3512=CARTESIAN_POINT('Control Point',(-4.39069100768,-3.20243102812,-15.374587452)) ;
#3513=CARTESIAN_POINT('Control Point',(-4.61392566074,-3.34296853355,-15.2879394594)) ;
#3514=CARTESIAN_POINT('Vertex',(-4.61392566135,-3.34296853376,-15.2879394598)) ;
#3517=CARTESIAN_POINT('Axis2P3D Location',(-1.7626086328,-8.92766547355,-17.)) ;
#3533=CARTESIAN_POINT('Control Point',(-7.65825756155,-8.17853303899,-14.3674870742)) ;
#3534=CARTESIAN_POINT('Control Point',(-7.53384572113,-8.51068835868,-13.9943391032)) ;
#3535=CARTESIAN_POINT('Control Point',(-7.37381078877,-8.82617432272,-13.6792045127)) ;
#3536=CARTESIAN_POINT('Control Point',(-7.18845778238,-9.12600483477,-13.4005642538)) ;
#3537=CARTESIAN_POINT('Control Point',(-6.98016172201,-9.41020264381,-13.1536643879)) ;
#3538=CARTESIAN_POINT('Vertex',(-7.65825756155,-8.17853303899,-14.3674870742)) ;
#3542=CARTESIAN_POINT('Control Point',(-7.25951548119,-6.62472230265,-14.4056854756)) ;
#3543=CARTESIAN_POINT('Control Point',(-7.44986746008,-7.12405212642,-14.3657592791)) ;
#3544=CARTESIAN_POINT('Control Point',(-7.58445804317,-7.64892454195,-14.3529195679)) ;
#3545=CARTESIAN_POINT('Control Point',(-7.65825756155,-8.17853303899,-14.3674870742)) ;
#3546=CARTESIAN_POINT('Vertex',(-7.25951548119,-6.62472230265,-14.4056854756)) ;
#3550=CARTESIAN_POINT('Control Point',(-4.61392566135,-3.34296853376,-15.2879394598)) ;
#3551=CARTESIAN_POINT('Control Point',(-4.73487225042,-3.41911052913,-15.2409943327)) ;
#3552=CARTESIAN_POINT('Control Point',(-4.86667790136,-3.50701875929,-15.1902752035)) ;
#3553=CARTESIAN_POINT('Control Point',(-5.01031455379,-3.60928251064,-15.1355823365)) ;
#3554=CARTESIAN_POINT('Control Point',(-5.36782379229,-3.88584792787,-15.0014242286)) ;
#3555=CARTESIAN_POINT('Control Point',(-5.76372622739,-4.25702302778,-14.8586664561)) ;
#3556=CARTESIAN_POINT('Control Point',(-5.99181386103,-4.49890912971,-14.7789307941)) ;
#3557=CARTESIAN_POINT('Control Point',(-6.42453052233,-5.02467912347,-14.6336434855)) ;
#3558=CARTESIAN_POINT('Control Point',(-6.80622444013,-5.63371922592,-14.5184868171)) ;
#3559=CARTESIAN_POINT('Control Point',(-6.97809662588,-5.95266241581,-14.4706326347)) ;
#3560=CARTESIAN_POINT('Control Point',(-7.12940198723,-6.28340960189,-14.4329766913)) ;
#3561=CARTESIAN_POINT('Control Point',(-7.25951548119,-6.62472230265,-14.4056854756)) ;
#3571=CARTESIAN_POINT('Axis2P3D Location',(0.,0.,-18.0680196854)) ;
#3575=CARTESIAN_POINT('Vertex',(-8.21667954031,-5.04748277093,-18.0680196854)) ;
#3579=CARTESIAN_POINT('Control Point',(-7.65842686329,-8.17841715844,-14.3674084549)) ;
#3580=CARTESIAN_POINT('Control Point',(-8.05475905355,-7.13734312731,-15.5265444172)) ;
#3581=CARTESIAN_POINT('Control Point',(-8.23900486236,-6.06724252861,-16.7577009776)) ;
#3582=CARTESIAN_POINT('Control Point',(-8.21667954031,-5.04748277093,-18.0680196854)) ;
#3595=CARTESIAN_POINT('Control Point',(-4.24171004378,8.2315041671,-19.6936124459)) ;
#3596=CARTESIAN_POINT('Control Point',(-4.2401535973,8.23204677776,-19.6972321088)) ;
#3597=CARTESIAN_POINT('Control Point',(-4.23859573335,8.232594259,-19.7008493042)) ;
#3598=CARTESIAN_POINT('Control Point',(-4.23703645493,8.23314658369,-19.7044640209)) ;
#3599=CARTESIAN_POINT('Vertex',(-4.23703646824,8.23314654252,-19.7044640633)) ;
#3603=CARTESIAN_POINT('Control Point',(-4.23703354294,8.23314760867,-19.7044708654)) ;
#3604=CARTESIAN_POINT('Control Point',(-4.19308110403,8.24871651384,-19.8063611366)) ;
#3605=CARTESIAN_POINT('Control Point',(-4.14990815457,8.26698300975,-19.9087561475)) ;
#3606=CARTESIAN_POINT('Control Point',(-4.10744693134,8.28802628533,-20.0115222125)) ;
#3607=CARTESIAN_POINT('Vertex',(-4.10744693134,8.28802628533,-20.0115222125)) ;
#3610=CARTESIAN_POINT('Axis2P3D Location',(0.,0.,-20.0115222125)) ;
#3614=CARTESIAN_POINT('Vertex',(-8.37215454973,-3.93313211009,-20.0115222125)) ;
#3618=CARTESIAN_POINT('Control Point',(-8.37215454973,-3.93313211009,-20.0115222125)) ;
#3619=CARTESIAN_POINT('Control Point',(-8.241275075,-4.21172513955,-19.3305697603)) ;
#3620=CARTESIAN_POINT('Control Point',(-8.20643816811,-4.5796848504,-18.6691067181)) ;
#3621=CARTESIAN_POINT('Control Point',(-8.21667954031,-5.04748277093,-18.0680196854)) ;
#3634=CARTESIAN_POINT('Control Point',(-3.97364828368,7.01181903039,-19.3822025511)) ;
#3635=CARTESIAN_POINT('Control Point',(-4.06327862147,7.4179008542,-19.4929604598)) ;
#3636=CARTESIAN_POINT('Control Point',(-4.15090567408,7.82499917951,-19.6004308007)) ;
#3637=CARTESIAN_POINT('Control Point',(-4.23703646824,8.23314654252,-19.7044640633)) ;
#3647=CARTESIAN_POINT('Control Point',(-3.95790549604,7.02111785838,-19.427098882)) ;
#3648=CARTESIAN_POINT('Control Point',(-3.95742996885,7.01920832334,-19.4267165825)) ;
#3649=CARTESIAN_POINT('Control Point',(-3.95695439567,7.01729880366,-19.4263342635)) ;
#3650=CARTESIAN_POINT('Vertex',(-3.95806248225,7.02106593126,-19.4271654033)) ;
#3654=CARTESIAN_POINT('Control Point',(-3.95790549409,7.02111785952,-19.4270988875)) ;
#3655=CARTESIAN_POINT('Control Point',(-3.96320846673,7.01800780883,-19.4121550971)) ;
#3656=CARTESIAN_POINT('Control Point',(-3.9684560615,7.0149080476,-19.3971895231)) ;
#3657=CARTESIAN_POINT('Control Point',(-3.97364828368,7.01181903039,-19.3822025511)) ;
#3666=CARTESIAN_POINT('Control Point',(-6.87537853846,-5.45505301247,-78.932904467)) ;
#3667=CARTESIAN_POINT('Control Point',(-7.23127652335,-6.03803340645,-78.8331856668)) ;
#3668=CARTESIAN_POINT('Control Point',(-7.54117377032,-6.7081400696,-78.7618351342)) ;
#3669=CARTESIAN_POINT('Control Point',(-7.78104072619,-7.46763675295,-78.7295513707)) ;
#3670=CARTESIAN_POINT('Control Point',(-8.04863000138,-9.1544532429,-78.7735200009)) ;
#3671=CARTESIAN_POINT('Control Point',(-7.74618049035,-11.0368014955,-79.084795037)) ;
#3672=CARTESIAN_POINT('Control Point',(-7.41799323462,-11.9939054834,-79.3191496514)) ;
#3673=CARTESIAN_POINT('Control Point',(-6.33527099512,-13.8024599675,-79.9637863606)) ;
#3674=CARTESIAN_POINT('Control Point',(-4.46753172638,-15.0426064514,-80.8967323058)) ;
#3675=CARTESIAN_POINT('Control Point',(-3.34995039874,-15.4353249189,-81.4216888538)) ;
#3676=CARTESIAN_POINT('Control Point',(-0.90987583078,-15.5600648109,-82.49804935)) ;
#3677=CARTESIAN_POINT('Control Point',(1.44302555386,-14.3412689174,-83.4083814861)) ;
#3678=CARTESIAN_POINT('Control Point',(2.47711533694,-13.3826930935,-83.7681766233)) ;
#3679=CARTESIAN_POINT('Control Point',(3.22544915661,-12.1779850534,-83.9798623014)) ;
#3680=CARTESIAN_POINT('Control Point',(3.65732796754,-10.8738722787,-84.0440249329)) ;
#3681=CARTESIAN_POINT('Control Point',(-6.11267296254,-5.62150653345,-77.1846769028)) ;
#3682=CARTESIAN_POINT('Control Point',(-6.459199004,-6.20652934795,-77.0634486237)) ;
#3683=CARTESIAN_POINT('Control Point',(-6.75867033253,-6.87890975682,-76.9681688401)) ;
#3684=CARTESIAN_POINT('Control Point',(-6.98710981427,-7.64090050582,-76.9096561553)) ;
#3685=CARTESIAN_POINT('Control Point',(-7.23024572272,-9.33305864929,-76.8974958816)) ;
#3686=CARTESIAN_POINT('Control Point',(-6.90260891394,-11.2209198521,-77.1509520018)) ;
#3687=CARTESIAN_POINT('Control Point',(-6.56222437923,-12.1806970084,-77.357305355)) ;
#3688=CARTESIAN_POINT('Control Point',(-5.45807068866,-13.9939580399,-77.9527372221)) ;
#3689=CARTESIAN_POINT('Control Point',(-3.57956847485,-15.236493304,-78.8609599952)) ;
#3690=CARTESIAN_POINT('Control Point',(-2.46041758886,-15.6295761737,-79.3823032905)) ;
#3691=CARTESIAN_POINT('Control Point',(-0.0271317154396,-15.7528780422,-80.4742241322)) ;
#3692=CARTESIAN_POINT('Control Point',(2.30055360891,-14.5286133229,-81.4424164604)) ;
#3693=CARTESIAN_POINT('Control Point',(3.31766454583,-13.5663447033,-81.8411759953)) ;
#3694=CARTESIAN_POINT('Control Point',(4.04658655464,-12.3574064742,-82.0974134746)) ;
#3695=CARTESIAN_POINT('Control Point',(4.45877360464,-11.0489962912,-82.2067734671)) ;
#3696=CARTESIAN_POINT('Control Point',(-5.33617180917,-5.69740760347,-75.460560504)) ;
#3697=CARTESIAN_POINT('Control Point',(-5.67387186534,-6.283063459,-75.3184967127)) ;
#3698=CARTESIAN_POINT('Control Point',(-5.9633800855,-6.95626299871,-75.1996616758)) ;
#3699=CARTESIAN_POINT('Control Point',(-6.18073166979,-7.71928486339,-75.1148940612)) ;
#3700=CARTESIAN_POINT('Control Point',(-6.39972802405,-9.41397762363,-75.0454760125)) ;
#3701=CARTESIAN_POINT('Control Point',(-6.04625582678,-11.3052216013,-75.2374254171)) ;
#3702=CARTESIAN_POINT('Control Point',(-5.69305482191,-12.2668796236,-75.41319787)) ;
#3703=CARTESIAN_POINT('Control Point',(-4.56553136967,-14.0841213915,-75.9526817255)) ;
#3704=CARTESIAN_POINT('Control Point',(-2.67306810133,-15.3304241536,-76.8270115999)) ;
#3705=CARTESIAN_POINT('Control Point',(-1.55046108575,-15.7251853204,-77.3397124946)) ;
#3706=CARTESIAN_POINT('Control Point',(0.880098406999,-15.8509433406,-78.4371731674)) ;
#3707=CARTESIAN_POINT('Control Point',(3.18638116403,-14.6268390006,-79.4553174469)) ;
#3708=CARTESIAN_POINT('Control Point',(4.18815651912,-13.6639435084,-79.8901197966)) ;
#3709=CARTESIAN_POINT('Control Point',(4.89881631758,-12.453709005,-80.1894643043)) ;
#3710=CARTESIAN_POINT('Control Point',(5.29192791807,-11.1435467735,-80.3439854855)) ;
#3711=CARTESIAN_POINT('Control Point',(-4.57118667845,-5.67962613151,-73.7802607352)) ;
#3712=CARTESIAN_POINT('Control Point',(-4.90115955951,-6.26444072635,-73.6183995231)) ;
#3713=CARTESIAN_POINT('Control Point',(-5.181718207,-6.93690428789,-73.4766612357)) ;
#3714=CARTESIAN_POINT('Control Point',(-5.38885050427,-7.69935137272,-73.3657699781)) ;
#3715=CARTESIAN_POINT('Control Point',(-5.58496953476,-9.39338508368,-73.237938955)) ;
#3716=CARTESIAN_POINT('Control Point',(-5.20555865661,-11.2852934553,-73.3638128519)) ;
#3717=CARTESIAN_POINT('Control Point',(-4.83904998591,-12.2476954748,-73.5057297092)) ;
#3718=CARTESIAN_POINT('Control Point',(-3.68606508701,-14.0674204296,-73.9805535938)) ;
#3719=CARTESIAN_POINT('Control Point',(-1.77537599652,-15.3180467311,-74.8088764251)) ;
#3720=CARTESIAN_POINT('Control Point',(-0.646638968453,-15.7154023562,-75.3062279191)) ;
#3721=CARTESIAN_POINT('Control Point',(1.7872880892,-15.8468405644,-76.395720686)) ;
#3722=CARTESIAN_POINT('Control Point',(4.07851222219,-14.6282419392,-77.4528679144)) ;
#3723=CARTESIAN_POINT('Control Point',(5.06788784631,-13.6677751712,-77.9195567534)) ;
#3724=CARTESIAN_POINT('Control Point',(5.76258849192,-12.4593091078,-78.2597928124)) ;
#3725=CARTESIAN_POINT('Control Point',(6.13816644144,-11.1501804171,-78.4591405722)) ;
#3726=CARTESIAN_POINT('Control Point',(-2.91688302811,-5.44852172137,-70.1202697804)) ;
#3727=CARTESIAN_POINT('Control Point',(-3.23254361471,-6.02884075629,-69.9176330738)) ;
#3728=CARTESIAN_POINT('Control Point',(-3.49621070583,-6.69676970232,-69.7280523398)) ;
#3729=CARTESIAN_POINT('Control Point',(-3.68370380988,-7.45478777863,-69.5618440588)) ;
#3730=CARTESIAN_POINT('Control Point',(-3.8350278924,-9.14067638315,-69.3085546614)) ;
#3731=CARTESIAN_POINT('Control Point',(-3.40296150692,-11.0273300798,-69.2885308867)) ;
#3732=CARTESIAN_POINT('Control Point',(-3.00890531354,-11.9881729397,-69.3545532921)) ;
#3733=CARTESIAN_POINT('Control Point',(-1.80181297481,-13.8079028065,-69.6814282259)) ;
#3734=CARTESIAN_POINT('Control Point',(0.150973324311,-15.0657116341,-70.3972613667)) ;
#3735=CARTESIAN_POINT('Control Point',(1.29537672625,-15.4686982855,-70.8538292945)) ;
#3736=CARTESIAN_POINT('Control Point',(3.74353546235,-15.6152274689,-71.9099128053)) ;
#3737=CARTESIAN_POINT('Control Point',(6.01197942819,-14.4162914549,-73.036523411)) ;
#3738=CARTESIAN_POINT('Control Point',(6.97981442555,-13.4660804484,-73.565854319)) ;
#3739=CARTESIAN_POINT('Control Point',(7.6449964171,-12.266986491,-73.9902250843)) ;
#3740=CARTESIAN_POINT('Control Point',(7.9869412179,-10.9655903943,-74.2843600286)) ;
#3741=CARTESIAN_POINT('Control Point',(-1.37273142997,-4.82134860847,-66.5373377317)) ;
#3742=CARTESIAN_POINT('Control Point',(-1.68043794956,-5.39297971325,-66.3017223174)) ;
#3743=CARTESIAN_POINT('Control Point',(-1.93381985225,-6.05156192093,-66.0715239868)) ;
#3744=CARTESIAN_POINT('Control Point',(-2.10837309019,-6.79970457512,-65.8562368241)) ;
#3745=CARTESIAN_POINT('Control Point',(-2.22790440987,-8.46536993924,-65.4867000794)) ;
#3746=CARTESIAN_POINT('Control Point',(-1.75343741483,-10.3333319403,-65.3205307204)) ;
#3747=CARTESIAN_POINT('Control Point',(-1.33581345392,-11.2857953651,-65.3074782001)) ;
#3748=CARTESIAN_POINT('Control Point',(-0.0788596088967,-13.0926741686,-65.4722929651)) ;
#3749=CARTESIAN_POINT('Control Point',(1.92107766852,-14.3489271337,-66.0462520888)) ;
#3750=CARTESIAN_POINT('Control Point',(3.08647188543,-14.7548136647,-66.4435169998)) ;
#3751=CARTESIAN_POINT('Control Point',(5.56531246647,-14.9157091858,-67.4237914122)) ;
#3752=CARTESIAN_POINT('Control Point',(7.83565690886,-13.7453107063,-68.5753884742)) ;
#3753=CARTESIAN_POINT('Control Point',(8.79558334924,-12.8122795968,-69.1466796329)) ;
#3754=CARTESIAN_POINT('Control Point',(9.44447692823,-11.6312220106,-69.6388476899)) ;
#3755=CARTESIAN_POINT('Control Point',(9.76443345929,-10.3469117793,-70.0167080281)) ;
#3756=CARTESIAN_POINT('Control Point',(-0.588517414471,-4.37501561293,-64.6221944619)) ;
#3757=CARTESIAN_POINT('Control Point',(-0.89402662116,-4.94123851743,-64.3715999728)) ;
#3758=CARTESIAN_POINT('Control Point',(-1.14404075457,-5.59384474401,-64.1221018257)) ;
#3759=CARTESIAN_POINT('Control Point',(-1.31383150378,-6.33548424312,-63.8826025176)) ;
#3760=CARTESIAN_POINT('Control Point',(-1.42053453439,-7.98734913688,-63.4537256211)) ;
#3761=CARTESIAN_POINT('Control Point',(-0.926649560732,-9.84136814085,-63.2087205446)) ;
#3762=CARTESIAN_POINT('Control Point',(-0.497671689808,-10.78716489,-63.1519220457)) ;
#3763=CARTESIAN_POINT('Control Point',(0.784663662347,-12.5825677279,-63.2243638267)) ;
#3764=CARTESIAN_POINT('Control Point',(2.81155858196,-13.8336796579,-63.7113600909)) ;
#3765=CARTESIAN_POINT('Control Point',(3.98995601108,-14.2392136928,-64.0700423672)) ;
#3766=CARTESIAN_POINT('Control Point',(6.49062820862,-14.4050523137,-64.994292757)) ;
#3767=CARTESIAN_POINT('Control Point',(8.7700371962,-13.2498608422,-66.1434335751)) ;
#3768=CARTESIAN_POINT('Control Point',(9.73016158036,-12.3268105617,-66.7299313653)) ;
#3769=CARTESIAN_POINT('Control Point',(10.3746238648,-11.1569600615,-67.2527827018)) ;
#3770=CARTESIAN_POINT('Control Point',(10.6865727137,-9.88386474526,-67.6717970884)) ;
#3771=CARTESIAN_POINT('Control Point',(0.748598300202,-3.36788226972,-61.0698224551)) ;
#3772=CARTESIAN_POINT('Control Point',(0.443841584868,-3.92434601937,-60.7975488795)) ;
#3773=CARTESIAN_POINT('Control Point',(0.19646886863,-4.56573420541,-60.5182855509)) ;
#3774=CARTESIAN_POINT('Control Point',(0.0316664998468,-5.29465878483,-60.2396092401)) ;
#3775=CARTESIAN_POINT('Control Point',(-0.0592087733243,-6.91828324868,-59.7107671031)) ;
#3776=CARTESIAN_POINT('Control Point',(0.463103488009,-8.74078594112,-59.3248428739)) ;
#3777=CARTESIAN_POINT('Control Point',(0.909659098413,-9.67055714694,-59.1878713328)) ;
#3778=CARTESIAN_POINT('Control Point',(2.23349418845,-11.4356761535,-59.086216903)) ;
#3779=CARTESIAN_POINT('Control Point',(4.30899993006,-12.6660177743,-59.3988537937)) ;
#3780=CARTESIAN_POINT('Control Point',(5.51221374694,-13.0649724249,-59.676616454)) ;
#3781=CARTESIAN_POINT('Control Point',(8.05811206262,-13.2287131825,-60.4732915512)) ;
#3782=CARTESIAN_POINT('Control Point',(10.3647620673,-12.0939182813,-61.5891507985)) ;
#3783=CARTESIAN_POINT('Control Point',(11.331688833,-11.1869129326,-62.1893627415)) ;
#3784=CARTESIAN_POINT('Control Point',(11.9748268605,-10.0372293255,-62.756383679)) ;
#3785=CARTESIAN_POINT('Control Point',(12.2785686479,-8.78596640301,-63.2416903148)) ;
#3786=CARTESIAN_POINT('Control Point',(1.80149578461,-2.09276908106,-57.5453047359)) ;
#3787=CARTESIAN_POINT('Control Point',(1.49328451918,-2.6425226782,-57.263752406)) ;
#3788=CARTESIAN_POINT('Control Point',(1.24376246951,-3.27518135471,-56.967552851)) ;
#3789=CARTESIAN_POINT('Control Point',(1.078569222,-3.99307058621,-56.662640295)) ;
#3790=CARTESIAN_POINT('Control Point',(0.991694930155,-5.58946860305,-56.0587657458)) ;
#3791=CARTESIAN_POINT('Control Point',(1.52950965128,-7.37542899968,-55.5511127053)) ;
#3792=CARTESIAN_POINT('Control Point',(1.98715038646,-8.28483247226,-55.3412208457)) ;
#3793=CARTESIAN_POINT('Control Point',(3.340426706,-10.006723756,-55.0725313192)) ;
#3794=CARTESIAN_POINT('Control Point',(5.45678550092,-11.1958911584,-55.1994886183)) ;
#3795=CARTESIAN_POINT('Control Point',(6.68259790461,-11.5764152575,-55.385190481)) ;
#3796=CARTESIAN_POINT('Control Point',(9.27396452782,-11.7129331689,-56.020804456)) ;
#3797=CARTESIAN_POINT('Control Point',(11.6173813324,-10.5756786979,-57.0543506284)) ;
#3798=CARTESIAN_POINT('Control Point',(12.5982317818,-9.67510618479,-57.6414399885)) ;
#3799=CARTESIAN_POINT('Control Point',(13.2487451016,-8.53915683341,-58.2268206486)) ;
#3800=CARTESIAN_POINT('Control Point',(13.5535255031,-7.30663736983,-58.7559119006)) ;
#3801=CARTESIAN_POINT('Control Point',(2.22056048506,-1.45403703262,-55.9123037109)) ;
#3802=CARTESIAN_POINT('Control Point',(1.91020223733,-2.00176856018,-55.6292185753)) ;
#3803=CARTESIAN_POINT('Control Point',(1.65900991037,-2.63137611257,-55.3280934999)) ;
#3804=CARTESIAN_POINT('Control Point',(1.49281908459,-3.34499109912,-55.0140462604)) ;
#3805=CARTESIAN_POINT('Control Point',(1.4058612195,-4.92995317644,-54.3814270603)) ;
#3806=CARTESIAN_POINT('Control Point',(1.9484157035,-6.69874748828,-53.8225267337)) ;
#3807=CARTESIAN_POINT('Control Point',(2.4098687835,-7.59814462941,-53.5810149824)) ;
#3808=CARTESIAN_POINT('Control Point',(3.77406846679,-9.29773810193,-53.2378223651)) ;
#3809=CARTESIAN_POINT('Control Point',(5.90696596555,-10.4633694633,-53.2778006371)) ;
#3810=CARTESIAN_POINT('Control Point',(7.14224618104,-10.8325849797,-53.4191781682)) ;
#3811=CARTESIAN_POINT('Control Point',(9.75338606782,-10.9502314454,-53.9742095351)) ;
#3812=CARTESIAN_POINT('Control Point',(12.1142279798,-9.8054147902,-54.9596461931)) ;
#3813=CARTESIAN_POINT('Control Point',(13.1022181764,-8.9048775956,-55.5349383566)) ;
#3814=CARTESIAN_POINT('Control Point',(13.7572717519,-7.7730123693,-56.1230755903)) ;
#3815=CARTESIAN_POINT('Control Point',(14.0639259619,-6.54768547805,-56.6672135871)) ;
#3816=CARTESIAN_POINT('Control Point',(2.91843668263,-0.0770510293828,-52.5783189052)) ;
#3817=CARTESIAN_POINT('Control Point',(2.6035866829,-0.623496349563,-52.2976150137)) ;
#3818=CARTESIAN_POINT('Control Point',(2.34863945907,-1.24961053303,-51.9923744167)) ;
#3819=CARTESIAN_POINT('Control Point',(2.17977390484,-1.95700378472,-51.6659685478)) ;
#3820=CARTESIAN_POINT('Control Point',(2.09063972252,-3.52276139833,-50.9875832158)) ;
#3821=CARTESIAN_POINT('Control Point',(2.63929852987,-5.25791523268,-50.3360868466)) ;
#3822=CARTESIAN_POINT('Control Point',(3.10633134435,-6.13666462124,-50.0354446026)) ;
#3823=CARTESIAN_POINT('Control Point',(4.48764152099,-7.78784509781,-49.5485606836)) ;
#3824=CARTESIAN_POINT('Control Point',(6.64824727551,-8.89741967637,-49.412265084)) ;
#3825=CARTESIAN_POINT('Control Point',(7.89977099579,-9.2381959794,-49.4614739376)) ;
#3826=CARTESIAN_POINT('Control Point',(10.5456714145,-9.30445260852,-49.8431780952)) ;
#3827=CARTESIAN_POINT('Control Point',(12.9387439815,-8.12964273371,-50.7124869222)) ;
#3828=CARTESIAN_POINT('Control Point',(13.9404926097,-7.22210148674,-51.2528509667)) ;
#3829=CARTESIAN_POINT('Control Point',(14.605011129,-6.09263244787,-51.835177377)) ;
#3830=CARTESIAN_POINT('Control Point',(14.9165421101,-4.8775822739,-52.3991537017)) ;
#3831=CARTESIAN_POINT('Control Point',(3.27867732219,1.40793172893,-49.2179227056)) ;
#3832=CARTESIAN_POINT('Control Point',(2.96077824554,0.856800725088,-48.9500597346)) ;
#3833=CARTESIAN_POINT('Control Point',(2.70312199879,0.228228453913,-48.652229842)) ;
#3834=CARTESIAN_POINT('Control Point',(2.5320794971,-0.478663389002,-48.3259714987)) ;
#3835=CARTESIAN_POINT('Control Point',(2.44023750199,-2.03548080007,-47.62826818)) ;
#3836=CARTESIAN_POINT('Control Point',(2.99069652844,-3.74291615247,-46.9106802031)) ;
#3837=CARTESIAN_POINT('Control Point',(3.46004381591,-4.60242371395,-46.5635107419)) ;
#3838=CARTESIAN_POINT('Control Point',(4.84943841158,-6.20359034105,-45.9544346769)) ;
#3839=CARTESIAN_POINT('Control Point',(7.02461537543,-7.24565321606,-45.6509729796)) ;
#3840=CARTESIAN_POINT('Control Point',(8.28497413531,-7.5495204818,-45.6082630081)) ;
#3841=CARTESIAN_POINT('Control Point',(10.9504082926,-7.542505964,-45.8062791635)) ;
#3842=CARTESIAN_POINT('Control Point',(13.3627621781,-6.31041014556,-46.5295372751)) ;
#3843=CARTESIAN_POINT('Control Point',(14.373125542,-5.38191384068,-47.0155270417)) ;
#3844=CARTESIAN_POINT('Control Point',(15.044048225,-4.24238171319,-47.5703635756)) ;
#3845=CARTESIAN_POINT('Control Point',(15.3594777102,-3.02760186421,-48.1326040357)) ;
#3846=CARTESIAN_POINT('Control Point',(3.36967552883,2.18197177236,-47.4915668796)) ;
#3847=CARTESIAN_POINT('Control Point',(3.05103545078,1.62684303603,-47.2327778501)) ;
#3848=CARTESIAN_POINT('Control Point',(2.79273242706,0.995361309627,-46.9415785262)) ;
#3849=CARTESIAN_POINT('Control Point',(2.62118700624,0.287064636799,-46.6185692213)) ;
#3850=CARTESIAN_POINT('Control Point',(2.52877594882,-1.26836665151,-45.9179254103)) ;
#3851=CARTESIAN_POINT('Control Point',(3.07984198214,-2.96404017849,-45.1740325125)) ;
#3852=CARTESIAN_POINT('Control Point',(3.5498582989,-3.814603294,-44.8068074502)) ;
#3853=CARTESIAN_POINT('Control Point',(4.94147297376,-5.39100687059,-44.1421150627)) ;
#3854=CARTESIAN_POINT('Control Point',(7.12049761717,-6.39696477846,-43.7574116851)) ;
#3855=CARTESIAN_POINT('Control Point',(8.38316201307,-6.68045714313,-43.6688216367)) ;
#3856=CARTESIAN_POINT('Control Point',(11.0536371862,-6.63153450353,-43.772394966)) ;
#3857=CARTESIAN_POINT('Control Point',(13.4708647845,-5.36373832815,-44.4150555878)) ;
#3858=CARTESIAN_POINT('Control Point',(14.4833741633,-4.42103960986,-44.868930258)) ;
#3859=CARTESIAN_POINT('Control Point',(15.1558547216,-3.27302735676,-45.4045223166)) ;
#3860=CARTESIAN_POINT('Control Point',(15.4721891042,-2.05549525011,-45.9604174767)) ;
#3861=CARTESIAN_POINT('Control Point',(3.36007033071,3.73331521169,-44.0203888561)) ;
#3862=CARTESIAN_POINT('Control Point',(3.04223470948,3.16738574047,-43.7842909793)) ;
#3863=CARTESIAN_POINT('Control Point',(2.78482754388,2.52711774834,-43.5115323185)) ;
#3864=CARTESIAN_POINT('Control Point',(2.61426512161,1.81293696457,-43.2008435665)) ;
#3865=CARTESIAN_POINT('Control Point',(2.52396021882,0.254137096842,-42.5071360591)) ;
#3866=CARTESIAN_POINT('Control Point',(3.07720187955,-1.4233071181,-41.7246774018)) ;
#3867=CARTESIAN_POINT('Control Point',(3.54827374019,-2.25822115424,-41.3244068916)) ;
#3868=CARTESIAN_POINT('Control Point',(4.94174855772,-3.7881317189,-40.5616340949)) ;
#3869=CARTESIAN_POINT('Control Point',(7.12172170789,-4.72104202382,-40.0229811769)) ;
#3870=CARTESIAN_POINT('Control Point',(8.38453357679,-4.9621552826,-39.8451067173)) ;
#3871=CARTESIAN_POINT('Control Point',(11.0544496617,-4.82349300984,-39.7596824406)) ;
#3872=CARTESIAN_POINT('Control Point',(13.4695279055,-3.47426019396,-40.230956644)) ;
#3873=CARTESIAN_POINT('Control Point',(14.4805840917,-2.49738020917,-40.6129373697)) ;
#3874=CARTESIAN_POINT('Control Point',(15.1513985249,-1.32657731352,-41.1006464235)) ;
#3875=CARTESIAN_POINT('Control Point',(15.4660392105,-0.0982097518106,-41.633844735)) ;
#3876=CARTESIAN_POINT('Control Point',(2.97041961201,5.24987585976,-40.489881922)) ;
#3877=CARTESIAN_POINT('Control Point',(2.65828388345,4.66901579418,-40.2846228613)) ;
#3878=CARTESIAN_POINT('Control Point',(2.40656583918,4.0153409724,-40.0398328444)) ;
#3879=CARTESIAN_POINT('Control Point',(2.2414829044,3.29018118158,-39.7524462506)) ;
#3880=CARTESIAN_POINT('Control Point',(2.1610418622,1.71703529913,-39.0904996098)) ;
#3881=CARTESIAN_POINT('Control Point',(2.72006358597,0.0463370442704,-38.2981629733)) ;
#3882=CARTESIAN_POINT('Control Point',(3.19255766928,-0.778544343559,-37.879719669)) ;
#3883=CARTESIAN_POINT('Control Point',(4.58469706668,-2.2719848189,-37.0477285287)) ;
#3884=CARTESIAN_POINT('Control Point',(6.75396810878,-3.13728519033,-36.3767623913)) ;
#3885=CARTESIAN_POINT('Control Point',(8.00881541925,-3.33707030242,-36.1173178517)) ;
#3886=CARTESIAN_POINT('Control Point',(10.6580683307,-3.10634297668,-35.8487654235)) ;
#3887=CARTESIAN_POINT('Control Point',(13.0472385755,-1.66498765828,-36.1342576566)) ;
#3888=CARTESIAN_POINT('Control Point',(14.0450186944,-0.646563307607,-36.4316836013)) ;
#3889=CARTESIAN_POINT('Control Point',(14.7039424615,0.555580867789,-36.8546939231)) ;
#3890=CARTESIAN_POINT('Control Point',(15.0090004422,1.8035577222,-37.3463719571)) ;
#3891=CARTESIAN_POINT('Control Point',(2.68013160999,5.99222416549,-38.6976246995)) ;
#3892=CARTESIAN_POINT('Control Point',(2.37211662709,5.40324185326,-38.509612411)) ;
#3893=CARTESIAN_POINT('Control Point',(2.12451304448,4.74202757898,-38.2810306182)) ;
#3894=CARTESIAN_POINT('Control Point',(1.96339490451,4.01033987997,-38.0079542638)) ;
#3895=CARTESIAN_POINT('Control Point',(1.89009650497,2.42749845236,-37.3681239303)) ;
#3896=CARTESIAN_POINT('Control Point',(2.45331893161,0.756867960882,-36.5785550266)) ;
#3897=CARTESIAN_POINT('Control Point',(2.92685504095,-0.0648199399492,-36.1551609467)) ;
#3898=CARTESIAN_POINT('Control Point',(4.3180621342,-1.54384713973,-35.2969510158)) ;
#3899=CARTESIAN_POINT('Control Point',(6.47963584938,-2.37888106709,-34.5669820624)) ;
#3900=CARTESIAN_POINT('Control Point',(7.72874574026,-2.55955180275,-34.2696726282)) ;
#3901=CARTESIAN_POINT('Control Point',(10.3630983124,-2.28498496098,-33.9130785046)) ;
#3902=CARTESIAN_POINT('Control Point',(12.7335627127,-0.79750726617,-34.1038615861)) ;
#3903=CARTESIAN_POINT('Control Point',(13.7217516824,0.242403309432,-34.3565641071)) ;
#3904=CARTESIAN_POINT('Control Point',(14.3720792703,1.46156517839,-34.7434649135)) ;
#3905=CARTESIAN_POINT('Control Point',(14.6702039006,2.72111337665,-35.2098417321)) ;
#3906=CARTESIAN_POINT('Control Point',(1.97549716091,7.30600853127,-35.3419474225)) ;
#3907=CARTESIAN_POINT('Control Point',(1.67728531178,6.70157138781,-35.1891643608)) ;
#3908=CARTESIAN_POINT('Control Point',(1.43950299533,6.02566372644,-34.9945183557)) ;
#3909=CARTESIAN_POINT('Control Point',(1.28789162557,5.28077087856,-34.7525409313)) ;
#3910=CARTESIAN_POINT('Control Point',(1.23183956738,3.67681089727,-34.1642486851)) ;
#3911=CARTESIAN_POINT('Control Point',(1.80553947813,2.00122411059,-33.3924500146)) ;
#3912=CARTESIAN_POINT('Control Point',(2.28185886842,1.18241608112,-32.9665598759)) ;
#3913=CARTESIAN_POINT('Control Point',(3.67157738418,-0.276846743621,-32.0730477445)) ;
#3914=CARTESIAN_POINT('Control Point',(5.81571481722,-1.06348570409,-31.2444663057)) ;
#3915=CARTESIAN_POINT('Control Point',(7.05162825177,-1.21254105508,-30.8811418257)) ;
#3916=CARTESIAN_POINT('Control Point',(9.65137256543,-0.863372260808,-30.3657122746)) ;
#3917=CARTESIAN_POINT('Control Point',(11.9778728929,0.706229903414,-30.3764665472)) ;
#3918=CARTESIAN_POINT('Control Point',(12.9433945151,1.78545140031,-30.5415615401)) ;
#3919=CARTESIAN_POINT('Control Point',(13.5732763404,3.03694902654,-30.8548105603)) ;
#3920=CARTESIAN_POINT('Control Point',(13.8547852451,4.31979099385,-31.266465167)) ;
#3921=CARTESIAN_POINT('Control Point',(0.982824193922,8.46671529275,-31.9279690187)) ;
#3922=CARTESIAN_POINT('Control Point',(0.697493026054,7.84774005875,-31.8157349914)) ;
#3923=CARTESIAN_POINT('Control Point',(0.472679935292,7.15743662505,-31.6615303526)) ;
#3924=CARTESIAN_POINT('Control Point',(0.333705864231,6.39882696209,-31.458463966)) ;
#3925=CARTESIAN_POINT('Control Point',(0.30081168843,4.7705907896,-30.9401047006)) ;
#3926=CARTESIAN_POINT('Control Point',(0.889225469939,3.08194212363,-30.20897113)) ;
#3927=CARTESIAN_POINT('Control Point',(1.36979728972,2.26056308612,-29.7929131266)) ;
#3928=CARTESIAN_POINT('Control Point',(2.75898676974,0.807238329058,-28.8892164656)) ;
#3929=CARTESIAN_POINT('Control Point',(4.8819267167,0.0509351672321,-27.9836788076)) ;
#3930=CARTESIAN_POINT('Control Point',(6.10138649977,-0.0762343002961,-27.5632696923)) ;
#3931=CARTESIAN_POINT('Control Point',(8.65729960671,0.328551150068,-26.9000548915)) ;
#3932=CARTESIAN_POINT('Control Point',(10.9270837469,1.96609678323,-26.7259961849)) ;
#3933=CARTESIAN_POINT('Control Point',(11.8631148453,3.0796998365,-26.7965047592)) ;
#3934=CARTESIAN_POINT('Control Point',(12.4661406723,4.36154059664,-27.0251595523)) ;
#3935=CARTESIAN_POINT('Control Point',(12.725579921,5.6684023696,-27.3687567923)) ;
#3936=CARTESIAN_POINT('Control Point',(0.464176245298,8.9666631648,-30.3313826539)) ;
#3937=CARTESIAN_POINT('Control Point',(0.185332763725,8.34143433611,-30.238909966)) ;
#3938=CARTESIAN_POINT('Control Point',(-0.0329323925934,7.64480350615,-30.1046739225)) ;
#3939=CARTESIAN_POINT('Control Point',(-0.165506052785,6.879988891,-29.921156602)) ;
#3940=CARTESIAN_POINT('Control Point',(-0.18661590656,5.24027275413,-29.4388745354)) ;
#3941=CARTESIAN_POINT('Control Point',(0.409437930384,3.54402954412,-28.7313598393)) ;
#3942=CARTESIAN_POINT('Control Point',(0.892295569832,2.72030248389,-28.3224827964)) ;
#3943=CARTESIAN_POINT('Control Point',(2.28156362949,1.26655524655,-27.4195489132)) ;
#3944=CARTESIAN_POINT('Control Point',(4.39424107117,0.519728106915,-26.4833801742)) ;
#3945=CARTESIAN_POINT('Control Point',(5.60562771343,0.400125266311,-26.0387053475)) ;
#3946=CARTESIAN_POINT('Control Point',(8.13986112472,0.825409188185,-25.3100569796)) ;
#3947=CARTESIAN_POINT('Control Point',(10.3813325488,2.48999084928,-25.0501434963)) ;
#3948=CARTESIAN_POINT('Control Point',(11.3025808153,3.61777215728,-25.0757313604)) ;
#3949=CARTESIAN_POINT('Control Point',(11.892081961,4.91264755231,-25.2631933773)) ;
#3950=CARTESIAN_POINT('Control Point',(12.1403477864,6.23033733982,-25.5726694468)) ;
#3951=CARTESIAN_POINT('Control Point',(-0.612894728872,9.83785299907,-27.268708993)) ;
#3952=CARTESIAN_POINT('Control Point',(-0.880281583232,9.20276966938,-27.2156119261)) ;
#3953=CARTESIAN_POINT('Control Point',(-1.08693588617,8.49566837945,-27.1220197351)) ;
#3954=CARTESIAN_POINT('Control Point',(-1.20809911702,7.71994858287,-26.9793847027)) ;
#3955=CARTESIAN_POINT('Control Point',(-1.20803143918,6.05830273082,-26.5755604392)) ;
#3956=CARTESIAN_POINT('Control Point',(-0.597785981489,4.34277965919,-25.9276240147)) ;
#3957=CARTESIAN_POINT('Control Point',(-0.110451765685,3.51075598915,-25.5409233081)) ;
#3958=CARTESIAN_POINT('Control Point',(1.28000963716,2.04532708645,-24.658365046)) ;
#3959=CARTESIAN_POINT('Control Point',(3.37583029609,1.30021000394,-23.6837946156)) ;
#3960=CARTESIAN_POINT('Control Point',(4.57361511731,1.18569330171,-23.2024724943)) ;
#3961=CARTESIAN_POINT('Control Point',(7.07077771967,1.63060366615,-22.3651400637)) ;
#3962=CARTESIAN_POINT('Control Point',(9.26302748376,3.32968458809,-21.9480282317)) ;
#3963=CARTESIAN_POINT('Control Point',(10.1583871767,4.47754688878,-21.8879795817)) ;
#3964=CARTESIAN_POINT('Control Point',(10.724011255,5.79289754226,-21.9934736769)) ;
#3965=CARTESIAN_POINT('Control Point',(10.9523702334,7.129485183,-22.2318205281)) ;
#3966=CARTESIAN_POINT('Control Point',(-1.83603106977,10.5361444381,-24.1316793267)) ;
#3967=CARTESIAN_POINT('Control Point',(-2.09362510073,9.8953180945,-24.1212840411)) ;
#3968=CARTESIAN_POINT('Control Point',(-2.29032363435,9.1812672463,-24.0728823316)) ;
#3969=CARTESIAN_POINT('Control Point',(-2.40166332359,8.39727982732,-23.9770949236)) ;
#3970=CARTESIAN_POINT('Control Point',(-2.38325454081,6.7163409395,-23.6669109529)) ;
#3971=CARTESIAN_POINT('Control Point',(-1.76042307228,4.97717813148,-23.0998786294)) ;
#3972=CARTESIAN_POINT('Control Point',(-1.2689761364,4.13252221107,-22.7474695441)) ;
#3973=CARTESIAN_POINT('Control Point',(0.123191343588,2.64159917228,-21.9115535807)) ;
#3974=CARTESIAN_POINT('Control Point',(2.2054267198,1.87504955171,-20.9247994989)) ;
#3975=CARTESIAN_POINT('Control Point',(3.39201087907,1.75189858179,-20.4189695104)) ;
#3976=CARTESIAN_POINT('Control Point',(5.858275712,2.18674570644,-19.4920151791)) ;
#3977=CARTESIAN_POINT('Control Point',(8.00895682005,3.89218450372,-18.9224843422)) ;
#3978=CARTESIAN_POINT('Control Point',(8.8823284685,5.04791378516,-18.7746038295)) ;
#3979=CARTESIAN_POINT('Control Point',(9.42754709966,6.37508693715,-18.7913505695)) ;
#3980=CARTESIAN_POINT('Control Point',(9.63877595588,7.72580045367,-18.9484711968)) ;
#3981=CARTESIAN_POINT('Control Point',(-2.43609690693,10.8182933061,-22.645026004)) ;
#3982=CARTESIAN_POINT('Control Point',(-2.68944271924,10.1757596207,-22.6552715976)) ;
#3983=CARTESIAN_POINT('Control Point',(-2.88182743855,9.45936852162,-22.6288564515)) ;
#3984=CARTESIAN_POINT('Control Point',(-2.98891707137,8.67230453755,-22.556035901)) ;
#3985=CARTESIAN_POINT('Control Point',(-2.96259087098,6.9835229337,-22.2922117245)) ;
#3986=CARTESIAN_POINT('Control Point',(-2.33437398887,5.23331927443,-21.7663747869)) ;
#3987=CARTESIAN_POINT('Control Point',(-1.84118975788,4.38238530768,-21.4318542169)) ;
#3988=CARTESIAN_POINT('Control Point',(-0.448394423817,2.87783755824,-20.6216302571)) ;
#3989=CARTESIAN_POINT('Control Point',(1.62781278576,2.09765978344,-19.6327635325)) ;
#3990=CARTESIAN_POINT('Control Point',(2.80946831525,1.96818952204,-19.1170400347)) ;
#3991=CARTESIAN_POINT('Control Point',(5.26220023698,2.39308869987,-18.1503852663)) ;
#3992=CARTESIAN_POINT('Control Point',(7.39476588245,4.09596987586,-17.5094940476)) ;
#3993=CARTESIAN_POINT('Control Point',(8.25857586683,5.25279693018,-17.319803878)) ;
#3994=CARTESIAN_POINT('Control Point',(8.79494176203,6.58344917864,-17.2936710978)) ;
#3995=CARTESIAN_POINT('Control Point',(8.99875810922,7.93936918636,-17.4110050858)) ;
#3996=CARTESIAN_POINT('Control Point',(-3.05473948117,11.046291258,-21.1650382856)) ;
#3997=CARTESIAN_POINT('Control Point',(-3.30392926083,10.4029681298,-21.1958977757)) ;
#3998=CARTESIAN_POINT('Control Point',(-3.49210792982,9.68516606109,-21.19147603)) ;
#3999=CARTESIAN_POINT('Control Point',(-3.5950716675,8.89593751102,-21.141672586)) ;
#4000=CARTESIAN_POINT('Control Point',(-3.56110862119,7.20100243583,-20.9244209888)) ;
#4001=CARTESIAN_POINT('Control Point',(-2.92783033236,5.4408806888,-20.4402462588)) ;
#4002=CARTESIAN_POINT('Control Point',(-2.43307671792,4.58401837148,-20.12391812)) ;
#4003=CARTESIAN_POINT('Control Point',(-1.0399792153,3.06592003562,-19.3401369716)) ;
#4004=CARTESIAN_POINT('Control Point',(1.02995607215,2.27073776011,-18.3501018724)) ;
#4005=CARTESIAN_POINT('Control Point',(2.20659623014,2.13384510005,-17.8249846626)) ;
#4006=CARTESIAN_POINT('Control Point',(4.64572983521,2.54580151376,-16.8195839082)) ;
#4007=CARTESIAN_POINT('Control Point',(6.76034353778,4.24216564604,-16.1080026765)) ;
#4008=CARTESIAN_POINT('Control Point',(7.61473528754,5.39801188296,-15.8767185221)) ;
#4009=CARTESIAN_POINT('Control Point',(8.14243871247,6.73023008241,-15.8077668969)) ;
#4010=CARTESIAN_POINT('Control Point',(8.33905538178,8.08976523341,-15.8852356005)) ;
#4011=CARTESIAN_POINT('Control Point',(-3.69386068845,11.222549188,-19.6856965195)) ;
#4012=CARTESIAN_POINT('Control Point',(-3.93906025828,10.5793498381,-19.7371274987)) ;
#4013=CARTESIAN_POINT('Control Point',(-4.12321554808,9.86105463873,-19.7547055404)) ;
#4014=CARTESIAN_POINT('Control Point',(-4.22225152143,9.07055374378,-19.7279883446)) ;
#4015=CARTESIAN_POINT('Control Point',(-4.18107046284,7.37109430378,-19.5576102644)) ;
#4016=CARTESIAN_POINT('Control Point',(-3.54315007476,5.60207337284,-19.115767649)) ;
#4017=CARTESIAN_POINT('Control Point',(-3.04702632924,4.73956892849,-18.8180695025)) ;
#4018=CARTESIAN_POINT('Control Point',(-1.6539661679,3.20784590943,-18.0618150989)) ;
#4019=CARTESIAN_POINT('Control Point',(0.409554400513,2.39611234568,-17.0719803678)) ;
#4020=CARTESIAN_POINT('Control Point',(1.58117604989,2.25060803748,-16.5381953217)) ;
#4021=CARTESIAN_POINT('Control Point',(4.00687712073,2.64647201987,-15.4954380994)) ;
#4022=CARTESIAN_POINT('Control Point',(6.10401424003,4.33227109745,-14.7141497596)) ;
#4023=CARTESIAN_POINT('Control Point',(6.94929631771,5.48503817245,-14.4415908605)) ;
#4024=CARTESIAN_POINT('Control Point',(7.46868096947,6.81691805751,-14.3299151849)) ;
#4025=CARTESIAN_POINT('Control Point',(7.65843976672,8.17850974105,-14.3674110042)) ;
#4027=CARTESIAN_POINT('Control Point',(-3.95806248304,7.02106593164,-19.4271654035)) ;
#4028=CARTESIAN_POINT('Control Point',(-3.57185432653,7.24956553162,-20.5407174664)) ;
#4029=CARTESIAN_POINT('Control Point',(-3.17130247185,7.44728982484,-21.658243715)) ;
#4030=CARTESIAN_POINT('Control Point',(-2.75666132878,7.60883254351,-22.7806182605)) ;
#4031=CARTESIAN_POINT('Control Point',(-2.12113621037,7.79728860493,-24.4680124206)) ;
#4032=CARTESIAN_POINT('Control Point',(-1.47055675785,7.93051937559,-26.1530920419)) ;
#4033=CARTESIAN_POINT('Control Point',(-1.25249295052,7.97003334819,-26.713298185)) ;
#4034=CARTESIAN_POINT('Control Point',(-0.812810105899,8.033657856,-27.8343203709)) ;
#4035=CARTESIAN_POINT('Control Point',(-0.36978566507,8.06488477983,-28.9531478767)) ;
#4036=CARTESIAN_POINT('Control Point',(-0.147739849518,8.07154949063,-29.5126230486)) ;
#4037=CARTESIAN_POINT('Control Point',(0.300550246849,8.06669474624,-30.6436438346)) ;
#4038=CARTESIAN_POINT('Control Point',(0.745777155919,8.03011294747,-31.7716563918)) ;
#4039=CARTESIAN_POINT('Control Point',(0.95187079435,8.00810705542,-32.2946197752)) ;
#4040=CARTESIAN_POINT('Control Point',(1.17563454315,7.97789527907,-32.8637088324)) ;
#4041=CARTESIAN_POINT('Control Point',(1.39785234089,7.94036555362,-33.4320278388)) ;
#4042=CARTESIAN_POINT('Vertex',(1.39783128798,7.94039097515,-33.4319537036)) ;
#4046=CARTESIAN_POINT('Control Point',(-6.87537853808,-5.45505301255,-78.9329044662)) ;
#4047=CARTESIAN_POINT('Control Point',(-6.83715721014,-5.46339446804,-78.8452958513)) ;
#4048=CARTESIAN_POINT('Control Point',(-6.79890274035,-5.4715084606,-78.7577506803)) ;
#4049=CARTESIAN_POINT('Control Point',(-6.76061746509,-5.47939468267,-78.6702699394)) ;
#4050=CARTESIAN_POINT('Control Point',(-5.99606875011,-5.63221257227,-76.9258982005)) ;
#4051=CARTESIAN_POINT('Control Point',(-5.22117531204,-5.69407630996,-75.2078892038)) ;
#4052=CARTESIAN_POINT('Control Point',(-4.49579811575,-5.66887734865,-73.6133800972)) ;
#4053=CARTESIAN_POINT('Control Point',(-2.88163410584,-5.43421614921,-70.0384886815)) ;
#4054=CARTESIAN_POINT('Control Point',(-1.37276616611,-4.82134867678,-66.5374084736)) ;
#4055=CARTESIAN_POINT('Control Point',(-0.588517414471,-4.37501561293,-64.6221944619)) ;
#4056=CARTESIAN_POINT('Control Point',(0.748598300202,-3.36788226972,-61.0698224551)) ;
#4057=CARTESIAN_POINT('Control Point',(1.80149578461,-2.09276908106,-57.5453047359)) ;
#4058=CARTESIAN_POINT('Control Point',(2.22056048506,-1.45403703262,-55.9123037109)) ;
#4059=CARTESIAN_POINT('Control Point',(2.91843668263,-0.0770510293828,-52.5783189052)) ;
#4060=CARTESIAN_POINT('Control Point',(3.27867732219,1.40793172893,-49.2179227056)) ;
#4061=CARTESIAN_POINT('Control Point',(3.36967552883,2.18197177236,-47.4915668796)) ;
#4062=CARTESIAN_POINT('Control Point',(3.36007033071,3.73331521169,-44.0203888561)) ;
#4063=CARTESIAN_POINT('Control Point',(2.97041961201,5.24987585976,-40.489881922)) ;
#4064=CARTESIAN_POINT('Control Point',(2.68013160999,5.99222416549,-38.6976246995)) ;
#4065=CARTESIAN_POINT('Control Point',(2.23297669683,6.82594033527,-36.5681409887)) ;
#4066=CARTESIAN_POINT('Control Point',(1.66982689883,7.59801121118,-34.4151790552)) ;
#4067=CARTESIAN_POINT('Control Point',(1.58179313815,7.71361503884,-34.0881648087)) ;
#4068=CARTESIAN_POINT('Control Point',(1.49111901897,7.82774949827,-33.7604508956)) ;
#4069=CARTESIAN_POINT('Control Point',(1.39783128798,7.94039097515,-33.4319537036)) ;
#4086=CARTESIAN_POINT('Control Point',(2.70033930989,-4.96585280994,-83.8216156474)) ;
#4087=CARTESIAN_POINT('Control Point',(2.27792536083,-4.31001085941,-83.566950047)) ;
#4088=CARTESIAN_POINT('Control Point',(1.76720727357,-3.74685226899,-83.2842938532)) ;
#4089=CARTESIAN_POINT('Control Point',(1.1932937554,-3.29287856596,-82.9863145159)) ;
#4090=CARTESIAN_POINT('Control Point',(-0.0249477009968,-2.6066161531,-82.3842722796)) ;
#4091=CARTESIAN_POINT('Control Point',(-1.29824496773,-2.3373679485,-81.8042467014)) ;
#4092=CARTESIAN_POINT('Control Point',(-1.92676247028,-2.30057873509,-81.5284980543)) ;
#4093=CARTESIAN_POINT('Control Point',(-3.74157915947,-2.44082135021,-80.7593654711)) ;
#4094=CARTESIAN_POINT('Control Point',(-5.26198515937,-3.21054412402,-80.1866666235)) ;
#4095=CARTESIAN_POINT('Control Point',(-6.07156002969,-3.88736269712,-79.9110510553)) ;
#4096=CARTESIAN_POINT('Control Point',(-6.69794683739,-4.62818595935,-79.7216594196)) ;
#4097=CARTESIAN_POINT('Control Point',(-7.16605655669,-5.3861464623,-79.6025734564)) ;
#4098=CARTESIAN_POINT('Control Point',(3.46790226692,-5.15982511752,-82.0435756019)) ;
#4099=CARTESIAN_POINT('Control Point',(3.03746926874,-4.50210423458,-81.8070570055)) ;
#4100=CARTESIAN_POINT('Control Point',(2.52049727271,-3.93753264183,-81.538520315)) ;
#4101=CARTESIAN_POINT('Control Point',(1.94223492718,-3.48263953473,-81.2503195253)) ;
#4102=CARTESIAN_POINT('Control Point',(0.718916636952,-2.79546210394,-80.6595929604)) ;
#4103=CARTESIAN_POINT('Control Point',(-0.552976765239,-2.52693182762,-80.0761451287)) ;
#4104=CARTESIAN_POINT('Control Point',(-1.17936177554,-2.49085618092,-79.7954357748)) ;
#4105=CARTESIAN_POINT('Control Point',(-2.98432960024,-2.63408025547,-79.0035904002)) ;
#4106=CARTESIAN_POINT('Control Point',(-4.48671599191,-3.40873823002,-78.3896637105)) ;
#4107=CARTESIAN_POINT('Control Point',(-5.28269761057,-4.08918231064,-78.083008984)) ;
#4108=CARTESIAN_POINT('Control Point',(-5.89531469653,-4.83362222095,-77.8622105052)) ;
#4109=CARTESIAN_POINT('Control Point',(-6.35007380067,-5.59504909807,-77.7126989731)) ;
#4110=CARTESIAN_POINT('Control Point',(4.2732866259,-5.26983913947,-80.2491804301)) ;
#4111=CARTESIAN_POINT('Control Point',(3.83403453669,-4.61043036499,-80.0334919268)) ;
#4112=CARTESIAN_POINT('Control Point',(3.30987823634,-4.04431802115,-79.7819989935)) ;
#4113=CARTESIAN_POINT('Control Point',(2.72625025998,-3.58808271401,-79.5066139669)) ;
#4114=CARTESIAN_POINT('Control Point',(1.49574131004,-2.89865976509,-78.9332641901)) ;
#4115=CARTESIAN_POINT('Control Point',(0.223114348336,-2.62875735312,-78.3521057483)) ;
#4116=CARTESIAN_POINT('Control Point',(-0.402177800913,-2.59221353838,-78.0691212991)) ;
#4117=CARTESIAN_POINT('Control Point',(-2.20025907941,-2.73462209144,-77.2619747772)) ;
#4118=CARTESIAN_POINT('Control Point',(-3.68700289895,-3.51001603164,-76.6121220042)) ;
#4119=CARTESIAN_POINT('Control Point',(-4.47061411185,-4.1914328762,-76.2768797073)) ;
#4120=CARTESIAN_POINT('Control Point',(-5.07037275596,-4.93709793932,-76.0262690862)) ;
#4121=CARTESIAN_POINT('Control Point',(-5.51242945462,-5.69988499649,-75.8472394248)) ;
#4122=CARTESIAN_POINT('Control Point',(5.09816708572,-5.288885095,-78.4416645492)) ;
#4123=CARTESIAN_POINT('Control Point',(4.64888539088,-4.62826956701,-78.2511358714)) ;
#4124=CARTESIAN_POINT('Control Point',(4.11604128251,-4.06076391203,-78.0214107239)) ;
#4125=CARTESIAN_POINT('Control Point',(3.52532704402,-3.6030140376,-77.7637524005)) ;
#4126=CARTESIAN_POINT('Control Point',(2.28392685677,-2.91045545072,-77.2175871905)) ;
#4127=CARTESIAN_POINT('Control Point',(1.00662065338,-2.63740381179,-76.6479731775)) ;
#4128=CARTESIAN_POINT('Control Point',(0.380457016427,-2.59933297963,-76.3670683829)) ;
#4129=CARTESIAN_POINT('Control Point',(-1.41645252179,-2.73740281814,-75.5566469525)) ;
#4130=CARTESIAN_POINT('Control Point',(-2.89245483855,-3.5093484105,-74.879493434)) ;
#4131=CARTESIAN_POINT('Control Point',(-3.6663517285,-4.18900544478,-74.5196628592)) ;
#4132=CARTESIAN_POINT('Control Point',(-4.25534474353,-4.93337099967,-74.2418517028)) ;
#4133=CARTESIAN_POINT('Control Point',(-4.68629854351,-5.69524534271,-74.0348013781)) ;
#4134=CARTESIAN_POINT('Control Point',(6.8443364998,-5.13050938855,-74.5917506705)) ;
#4135=CARTESIAN_POINT('Control Point',(6.37454092829,-4.46951542758,-74.4569111329)) ;
#4136=CARTESIAN_POINT('Control Point',(5.82344258987,-3.90070976932,-74.27640711)) ;
#4137=CARTESIAN_POINT('Control Point',(5.21731247045,-3.44084324289,-74.0599635421)) ;
#4138=CARTESIAN_POINT('Control Point',(3.95109351258,-2.74277468392,-73.5794235805)) ;
#4139=CARTESIAN_POINT('Control Point',(2.66061402577,-2.46232145465,-73.0430909212)) ;
#4140=CARTESIAN_POINT('Control Point',(2.03068679937,-2.42024470467,-72.7710392873)) ;
#4141=CARTESIAN_POINT('Control Point',(0.229933522949,-2.54584399871,-71.966756366)) ;
#4142=CARTESIAN_POINT('Control Point',(-1.2307028492,-3.30495081893,-71.2433423591)) ;
#4143=CARTESIAN_POINT('Control Point',(-1.98881037804,-3.97679279252,-70.8378397065)) ;
#4144=CARTESIAN_POINT('Control Point',(-2.55939875567,-4.7143155056,-70.5075768961)) ;
#4145=CARTESIAN_POINT('Control Point',(-2.97077580442,-5.47032693745,-70.2452249987)) ;
#4146=CARTESIAN_POINT('Control Point',(8.55088222329,-4.55212602594,-70.6371789807)) ;
#4147=CARTESIAN_POINT('Control Point',(8.0619661477,-3.895738926,-70.564134317)) ;
#4148=CARTESIAN_POINT('Control Point',(7.49268906229,-3.32990180659,-70.4408674215)) ;
#4149=CARTESIAN_POINT('Control Point',(6.86997527473,-2.87134618108,-70.27513993)) ;
#4150=CARTESIAN_POINT('Control Point',(5.57451619199,-2.17292002703,-69.881158786)) ;
#4151=CARTESIAN_POINT('Control Point',(4.26310473813,-1.88702095867,-69.4012230336)) ;
#4152=CARTESIAN_POINT('Control Point',(3.62491103545,-1.8411679519,-69.1496998692)) ;
#4153=CARTESIAN_POINT('Control Point',(1.80558611923,-1.95307321031,-68.385947313)) ;
#4154=CARTESIAN_POINT('Control Point',(0.343409504814,-2.69332368294,-67.6468846688)) ;
#4155=CARTESIAN_POINT('Control Point',(-0.409780267597,-3.35210291315,-67.212746362)) ;
#4156=CARTESIAN_POINT('Control Point',(-0.971896329824,-4.07706031174,-66.8438124137)) ;
#4157=CARTESIAN_POINT('Control Point',(-1.37255013756,-4.82136826229,-66.5370210307)) ;
#4158=CARTESIAN_POINT('Control Point',(9.41473025182,-4.13294765977,-68.5319607995)) ;
#4159=CARTESIAN_POINT('Control Point',(8.91633019016,-3.48065064175,-68.4931204454)) ;
#4160=CARTESIAN_POINT('Control Point',(8.33765537119,-2.91796712407,-68.4023238193)) ;
#4161=CARTESIAN_POINT('Control Point',(7.70599142221,-2.46156078342,-68.2661686703)) ;
#4162=CARTESIAN_POINT('Control Point',(6.39403130554,-1.76553429971,-67.9242358086)) ;
#4163=CARTESIAN_POINT('Control Point',(5.06940687089,-1.47865033516,-67.4813781157)) ;
#4164=CARTESIAN_POINT('Control Point',(4.42555642143,-1.43156181354,-67.2444410241)) ;
#4165=CARTESIAN_POINT('Control Point',(2.59211696582,-1.53797799613,-66.5132756766)) ;
#4166=CARTESIAN_POINT('Control Point',(1.12398786223,-2.26854480043,-65.7762960751)) ;
#4167=CARTESIAN_POINT('Control Point',(0.370032119866,-2.92008639336,-65.3329451893)) ;
#4168=CARTESIAN_POINT('Control Point',(-0.190721473415,-3.63775084936,-64.9484873146)) ;
#4169=CARTESIAN_POINT('Control Point',(-0.588517414279,-4.37501561289,-64.6221944619)) ;
#4170=CARTESIAN_POINT('Control Point',(10.9230683782,-3.1328850389,-64.5267918551)) ;
#4171=CARTESIAN_POINT('Control Point',(10.4090259802,-2.49158105082,-64.5527247578)) ;
#4172=CARTESIAN_POINT('Control Point',(9.81427322976,-1.93833665394,-64.5247644282)) ;
#4173=CARTESIAN_POINT('Control Point',(9.16674823158,-1.4895389682,-64.4471727702)) ;
#4174=CARTESIAN_POINT('Control Point',(7.82454150765,-0.805013431254,-64.2108684456)) ;
#4175=CARTESIAN_POINT('Control Point',(6.47382993436,-0.52263971756,-63.8482351655)) ;
#4176=CARTESIAN_POINT('Control Point',(5.81828808317,-0.476166301582,-63.6444239389)) ;
#4177=CARTESIAN_POINT('Control Point',(3.95413040722,-0.580226914178,-62.9923066394)) ;
#4178=CARTESIAN_POINT('Control Point',(2.46831160814,-1.29788670367,-62.2776191893)) ;
#4179=CARTESIAN_POINT('Control Point',(1.70822954315,-1.93808048249,-61.828156541)) ;
#4180=CARTESIAN_POINT('Control Point',(1.14541444058,-2.64332465908,-61.4243431073)) ;
#4181=CARTESIAN_POINT('Control Point',(0.748598300036,-3.36788226975,-61.0698224551)) ;
#4182=CARTESIAN_POINT('Control Point',(12.1546065675,-1.76436873379,-60.402697782)) ;
#4183=CARTESIAN_POINT('Control Point',(11.6292843675,-1.13908703138,-60.4913043853)) ;
#4184=CARTESIAN_POINT('Control Point',(11.0221322191,-0.60111423039,-60.5265008098)) ;
#4185=CARTESIAN_POINT('Control Point',(10.361637543,-0.166286227165,-60.5100581943)) ;
#4186=CARTESIAN_POINT('Control Point',(8.99339512933,0.493535390174,-60.3883218675)) ;
#4187=CARTESIAN_POINT('Control Point',(7.6178858523,0.758082995036,-60.1208307052)) ;
#4188=CARTESIAN_POINT('Control Point',(6.95062151137,0.797472198412,-59.9587047757)) ;
#4189=CARTESIAN_POINT('Control Point',(5.05394399066,0.677354039334,-59.4134170176)) ;
#4190=CARTESIAN_POINT('Control Point',(3.54439606332,-0.0421204637767,-58.7524112072)) ;
#4191=CARTESIAN_POINT('Control Point',(2.77311765352,-0.678517074768,-58.3168723141)) ;
#4192=CARTESIAN_POINT('Control Point',(2.20281000911,-1.37694859306,-57.9119070231)) ;
#4193=CARTESIAN_POINT('Control Point',(1.80149578475,-2.09276908103,-57.5453047359)) ;
#4194=CARTESIAN_POINT('Control Point',(12.6523538486,-1.05682799013,-58.4649140285)) ;
#4195=CARTESIAN_POINT('Control Point',(12.1228069648,-0.439876836908,-58.581594466)) ;
#4196=CARTESIAN_POINT('Control Point',(11.510838887,0.0898601501174,-58.6456097698)) ;
#4197=CARTESIAN_POINT('Control Point',(10.8451595945,0.516862594452,-58.6575636488)) ;
#4198=CARTESIAN_POINT('Control Point',(9.46626421645,1.16228953288,-58.5899192824)) ;
#4199=CARTESIAN_POINT('Control Point',(8.0801896948,1.41537211045,-58.3689746131)) ;
#4200=CARTESIAN_POINT('Control Point',(7.40783230139,1.44987007212,-58.2276815275)) ;
#4201=CARTESIAN_POINT('Control Point',(5.49676192092,1.31759820446,-57.7370519607)) ;
#4202=CARTESIAN_POINT('Control Point',(3.97598460075,0.593153611874,-57.1072940482)) ;
#4203=CARTESIAN_POINT('Control Point',(3.19906598272,-0.0437561462227,-56.6824411491)) ;
#4204=CARTESIAN_POINT('Control Point',(2.62467024148,-0.740849431205,-56.2809018277)) ;
#4205=CARTESIAN_POINT('Control Point',(2.2205604849,-1.45403703262,-55.9123037121)) ;
#4206=CARTESIAN_POINT('Control Point',(13.4896582376,0.51405010186,-54.4665977456)) ;
#4207=CARTESIAN_POINT('Control Point',(12.9534420721,1.11277183048,-54.637667539)) ;
#4208=CARTESIAN_POINT('Control Point',(12.3336491913,1.62385422614,-54.758593894)) ;
#4209=CARTESIAN_POINT('Control Point',(11.6593626518,2.03252923418,-54.8276132794)) ;
#4210=CARTESIAN_POINT('Control Point',(10.2624848492,2.64313962534,-54.8704203122)) ;
#4211=CARTESIAN_POINT('Control Point',(8.85808057525,2.86643340868,-54.7476666551)) ;
#4212=CARTESIAN_POINT('Control Point',(8.17677518869,2.88764335877,-54.6511409681)) ;
#4213=CARTESIAN_POINT('Control Point',(6.24012386937,2.72063440725,-54.2802846096)) ;
#4214=CARTESIAN_POINT('Control Point',(4.69859295358,1.97669791273,-53.7257544261)) ;
#4215=CARTESIAN_POINT('Control Point',(3.91090089286,1.33334264401,-53.3306784733)) ;
#4216=CARTESIAN_POINT('Control Point',(3.32839503799,0.634461833428,-52.9438164608)) ;
#4217=CARTESIAN_POINT('Control Point',(2.91843668279,-0.0770510293885,-52.578318904)) ;
#4218=CARTESIAN_POINT('Control Point',(13.9290612078,2.28554776995,-50.3862303334)) ;
#4219=CARTESIAN_POINT('Control Point',(13.3896514802,2.86516188158,-50.6040469984)) ;
#4220=CARTESIAN_POINT('Control Point',(12.7659307171,3.35547510879,-50.7760627777)) ;
#4221=CARTESIAN_POINT('Control Point',(12.0871783313,3.74262692651,-50.8982667079)) ;
#4222=CARTESIAN_POINT('Control Point',(10.6807403763,4.31036628455,-51.0474136733)) ;
#4223=CARTESIAN_POINT('Control Point',(9.26621381557,4.49340005742,-51.0252190379)) ;
#4224=CARTESIAN_POINT('Control Point',(8.57988401856,4.49571288478,-50.9760595357)) ;
#4225=CARTESIAN_POINT('Control Point',(6.62865337285,4.27664153986,-50.7361469798)) ;
#4226=CARTESIAN_POINT('Control Point',(5.07471890493,3.49571013357,-50.2759061526)) ;
#4227=CARTESIAN_POINT('Control Point',(4.28034477817,2.83536634069,-49.9247285199)) ;
#4228=CARTESIAN_POINT('Control Point',(3.69260580442,2.12554570389,-49.5667004204)) ;
#4229=CARTESIAN_POINT('Control Point',(3.27867732203,1.40793172894,-49.2179227069)) ;
#4230=CARTESIAN_POINT('Control Point',(14.0404485921,3.22548552062,-48.2860942802)) ;
#4231=CARTESIAN_POINT('Control Point',(13.5001675719,3.79555494577,-48.5253469398)) ;
#4232=CARTESIAN_POINT('Control Point',(12.8753940437,4.27515945714,-48.721431291)) ;
#4233=CARTESIAN_POINT('Control Point',(12.1954591454,4.65092454469,-48.8692430567)) ;
#4234=CARTESIAN_POINT('Control Point',(10.7865118874,5.19549682955,-49.0705161022)) ;
#4235=CARTESIAN_POINT('Control Point',(9.36936392377,5.35593729934,-49.099199036)) ;
#4236=CARTESIAN_POINT('Control Point',(8.68174044472,5.34744545416,-49.0743802032)) ;
#4237=CARTESIAN_POINT('Control Point',(6.72677506556,5.09806770396,-48.9027674945)) ;
#4238=CARTESIAN_POINT('Control Point',(5.16971363192,4.29410584942,-48.4944995142)) ;
#4239=CARTESIAN_POINT('Control Point',(4.37367525709,3.62246471242,-48.1688483895)) ;
#4240=CARTESIAN_POINT('Control Point',(3.78464924749,2.90468861697,-47.8288238164)) ;
#4241=CARTESIAN_POINT('Control Point',(3.36975953499,2.18186856146,-47.4918566807)) ;
#4242=CARTESIAN_POINT('Control Point',(14.0262436162,5.30625705724,-43.6813764412)) ;
#4243=CARTESIAN_POINT('Control Point',(13.485234449,5.85667105879,-43.962098073)) ;
#4244=CARTESIAN_POINT('Control Point',(12.8598808152,6.31351152969,-44.2061908253)) ;
#4245=CARTESIAN_POINT('Control Point',(12.1795277571,6.66447442959,-44.4062938175)) ;
#4246=CARTESIAN_POINT('Control Point',(10.7700553303,7.15760680049,-44.7159943826)) ;
#4247=CARTESIAN_POINT('Control Point',(9.35294389936,7.26623295894,-44.8538529172)) ;
#4248=CARTESIAN_POINT('Control Point',(8.66546404678,7.23258324024,-44.882033959)) ;
#4249=CARTESIAN_POINT('Control Point',(6.71123544312,6.91163614672,-44.8611719207)) ;
#4250=CARTESIAN_POINT('Control Point',(5.15564352644,6.05055460414,-44.5731544113)) ;
#4251=CARTESIAN_POINT('Control Point',(4.36073646689,5.3496609027,-44.3090593434)) ;
#4252=CARTESIAN_POINT('Control Point',(3.77286953442,4.61019671374,-44.0146496665)) ;
#4253=CARTESIAN_POINT('Control Point',(3.35911301742,3.872058244,-43.709877717)) ;
#4254=CARTESIAN_POINT('Control Point',(13.4612822523,7.36378178888,-39.0188608245)) ;
#4255=CARTESIAN_POINT('Control Point',(12.9212495844,7.89877475018,-39.3286083565)) ;
#4256=CARTESIAN_POINT('Control Point',(12.2982578088,8.33625639512,-39.6097444875)) ;
#4257=CARTESIAN_POINT('Control Point',(11.6214783515,8.66490919086,-39.8529922461)) ;
#4258=CARTESIAN_POINT('Control Point',(10.2210174885,9.10982209995,-40.2566294411)) ;
#4259=CARTESIAN_POINT('Control Point',(8.81562800139,9.16665734265,-40.4964713772)) ;
#4260=CARTESIAN_POINT('Control Point',(8.13442835437,9.10714421146,-40.5758084025)) ;
#4261=CARTESIAN_POINT('Control Point',(6.19960056434,8.71075172817,-40.7047483092)) ;
#4262=CARTESIAN_POINT('Control Point',(4.66361498333,7.78443715654,-40.5477651165)) ;
#4263=CARTESIAN_POINT('Control Point',(3.88052010246,7.04797903716,-40.3557074261)) ;
#4264=CARTESIAN_POINT('Control Point',(3.30290881683,6.28032301721,-40.118877272)) ;
#4265=CARTESIAN_POINT('Control Point',(2.89786689771,5.5204813327,-39.8588692355)) ;
#4266=CARTESIAN_POINT('Control Point',(12.996097799,8.44010587388,-36.4708288618)) ;
#4267=CARTESIAN_POINT('Control Point',(12.4567522228,8.96891121561,-36.7917824182)) ;
#4268=CARTESIAN_POINT('Control Point',(11.8355563282,9.39799163542,-37.0888001955)) ;
#4269=CARTESIAN_POINT('Control Point',(11.1615462677,9.71648742283,-37.351710858)) ;
#4270=CARTESIAN_POINT('Control Point',(9.76812906338,10.1387294329,-37.7999026585)) ;
#4271=CARTESIAN_POINT('Control Point',(8.37198339203,10.1700752161,-38.0908616547)) ;
#4272=CARTESIAN_POINT('Control Point',(7.69575033266,10.0975952617,-38.1964066586)) ;
#4273=CARTESIAN_POINT('Control Point',(5.77629858294,9.66277472962,-38.4035234012)) ;
#4274=CARTESIAN_POINT('Control Point',(4.2559341848,8.70165447499,-38.3186569278)) ;
#4275=CARTESIAN_POINT('Control Point',(3.48227846853,7.94559430414,-38.1677099401)) ;
#4276=CARTESIAN_POINT('Control Point',(2.91288258148,7.16190219783,-37.9648928782)) ;
#4277=CARTESIAN_POINT('Control Point',(2.51483841232,6.38925828685,-37.7323780152)) ;
#4278=CARTESIAN_POINT('Control Point',(12.3908374104,9.43547230758,-33.9215237585)) ;
#4279=CARTESIAN_POINT('Control Point',(11.8521327037,9.95990366359,-34.2504673703)) ;
#4280=CARTESIAN_POINT('Control Point',(11.2330054494,10.3824538449,-34.5604895676)) ;
#4281=CARTESIAN_POINT('Control Point',(10.5623271194,10.6926446425,-34.8406168902)) ;
#4282=CARTESIAN_POINT('Control Point',(9.17754395665,11.0957585812,-35.329391135)) ;
#4283=CARTESIAN_POINT('Control Point',(7.79294513977,11.104690443,-35.6692867953)) ;
#4284=CARTESIAN_POINT('Control Point',(7.12295294742,11.0206271983,-35.8003864019)) ;
#4285=CARTESIAN_POINT('Control Point',(5.22290917144,10.551028362,-36.0848778281)) ;
#4286=CARTESIAN_POINT('Control Point',(3.72247664296,9.5572467278,-36.0743258016)) ;
#4287=CARTESIAN_POINT('Control Point',(2.96093723114,8.78235244626,-35.9668343524)) ;
#4288=CARTESIAN_POINT('Control Point',(2.40213868582,7.9829143351,-35.8008000876)) ;
#4289=CARTESIAN_POINT('Control Point',(2.01316457285,7.19739884486,-35.5987472794)) ;
#4290=CARTESIAN_POINT('Control Point',(11.660116253,10.328514261,-31.3572176451)) ;
#4291=CARTESIAN_POINT('Control Point',(11.1219024826,10.85091611,-31.6901420165)) ;
#4292=CARTESIAN_POINT('Control Point',(10.504886018,11.2695139087,-32.0094232594)) ;
#4293=CARTESIAN_POINT('Control Point',(9.83776070257,11.5740967099,-32.3034162803)) ;
#4294=CARTESIAN_POINT('Control Point',(8.46235100619,11.963497555,-32.8269902462)) ;
#4295=CARTESIAN_POINT('Control Point',(7.09050751478,11.9551746302,-33.2119272591)) ;
#4296=CARTESIAN_POINT('Control Point',(6.42744616332,11.8619673316,-33.3671196587)) ;
#4297=CARTESIAN_POINT('Control Point',(4.5490422792,11.3643580101,-33.7259469292)) ;
#4298=CARTESIAN_POINT('Control Point',(3.07104564397,10.3428561909,-33.7902915981)) ;
#4299=CARTESIAN_POINT('Control Point',(2.32321543513,9.55146058626,-33.7278460724)) ;
#4300=CARTESIAN_POINT('Control Point',(1.77645783741,8.73783878705,-33.600866591)) ;
#4301=CARTESIAN_POINT('Control Point',(1.39783128797,7.94039097515,-33.4319537036)) ;
#4303=CARTESIAN_POINT('Control Point',(6.19598201778,-5.14082105537,-76.)) ;
#4304=CARTESIAN_POINT('Control Point',(5.49555771579,-4.2836163512,-76.)) ;
#4305=CARTESIAN_POINT('Control Point',(4.607902141,-3.60851992211,-75.9999998192)) ;
#4306=CARTESIAN_POINT('Control Point',(3.63696910929,-3.14774422713,-76.)) ;
#4307=CARTESIAN_POINT('Control Point',(2.63950698291,-2.8710630239,-76.)) ;
#4308=CARTESIAN_POINT('Vertex',(6.19607766057,-5.14078187665,-76.0000345463)) ;
#4310=CARTESIAN_POINT('Vertex',(2.63950698291,-2.8710630239,-76.)) ;
#4314=CARTESIAN_POINT('Control Point',(5.15823678652,6.19338400749,-44.032734779)) ;
#4315=CARTESIAN_POINT('Control Point',(5.26910238228,6.09946539816,-44.4004787861)) ;
#4316=CARTESIAN_POINT('Control Point',(5.37796765906,6.0033428022,-44.7679160824)) ;
#4317=CARTESIAN_POINT('Control Point',(5.48506794927,5.90521918525,-45.1352143099)) ;
#4318=CARTESIAN_POINT('Control Point',(5.69553461807,5.70534539016,-45.8685032009)) ;
#4319=CARTESIAN_POINT('Control Point',(5.89882907826,5.49672623022,-46.6033641202)) ;
#4320=CARTESIAN_POINT('Control Point',(6.00351075997,5.38451602711,-46.9902634699)) ;
#4321=CARTESIAN_POINT('Control Point',(6.27757217217,5.0757045222,-48.0314272528)) ;
#4322=CARTESIAN_POINT('Control Point',(6.52830123816,4.74746812885,-49.0738716161)) ;
#4323=CARTESIAN_POINT('Control Point',(6.65607153572,4.55946697378,-49.6490065312)) ;
#4324=CARTESIAN_POINT('Control Point',(6.96895281463,4.06340686209,-51.1347601045)) ;
#4325=CARTESIAN_POINT('Control Point',(7.24661301123,3.54433130456,-52.6205765921)) ;
#4326=CARTESIAN_POINT('Control Point',(7.37583194498,3.28338811886,-53.3516776332)) ;
#4327=CARTESIAN_POINT('Control Point',(7.59626891289,2.75471721022,-54.7938027766)) ;
#4328=CARTESIAN_POINT('Control Point',(7.75729341887,2.20720931729,-56.2381550572)) ;
#4329=CARTESIAN_POINT('Control Point',(7.81748539429,1.96433278637,-56.8728808681)) ;
#4330=CARTESIAN_POINT('Control Point',(7.94031770167,1.42128511808,-58.2806400011)) ;
#4331=CARTESIAN_POINT('Control Point',(8.02453388782,0.868942763098,-59.687802524)) ;
#4332=CARTESIAN_POINT('Control Point',(8.05666383585,0.561393669455,-60.4640139357)) ;
#4333=CARTESIAN_POINT('Control Point',(8.07492306439,-0.0289502135694,-61.956777946)) ;
#4334=CARTESIAN_POINT('Control Point',(8.03605746882,-0.617258657586,-63.450482424)) ;
#4335=CARTESIAN_POINT('Control Point',(8.01665814789,-0.83533338389,-64.0045201015)) ;
#4336=CARTESIAN_POINT('Control Point',(7.9665331917,-1.25571018208,-65.0716570125)) ;
#4337=CARTESIAN_POINT('Control Point',(7.88881268087,-1.67199279457,-66.1391012544)) ;
#4338=CARTESIAN_POINT('Control Point',(7.85999989719,-1.80794447011,-66.4894322539)) ;
#4339=CARTESIAN_POINT('Control Point',(7.75970983042,-2.22524816056,-67.5725266213)) ;
#4340=CARTESIAN_POINT('Control Point',(7.62462772741,-2.63158808193,-68.6558663721)) ;
#4341=CARTESIAN_POINT('Control Point',(7.51908436613,-2.90020687219,-69.3886802626)) ;
#4342=CARTESIAN_POINT('Control Point',(7.35242487602,-3.29943256232,-70.4827845117)) ;
#4343=CARTESIAN_POINT('Control Point',(7.16319224596,-3.69057250347,-71.5790035136)) ;
#4344=CARTESIAN_POINT('Control Point',(7.07895637587,-3.85503318541,-72.044781084)) ;
#4345=CARTESIAN_POINT('Control Point',(6.94833357111,-4.09470477825,-72.7326474247)) ;
#4346=CARTESIAN_POINT('Control Point',(6.80563358904,-4.32718574146,-73.421247978)) ;
#4347=CARTESIAN_POINT('Control Point',(6.74291553023,-4.42356575411,-73.7118390271)) ;
#4348=CARTESIAN_POINT('Control Point',(6.59649535129,-4.63532430161,-74.3639563587)) ;
#4349=CARTESIAN_POINT('Control Point',(6.44082520749,-4.83998847929,-75.0163636241)) ;
#4350=CARTESIAN_POINT('Control Point',(6.36080938299,-4.94139996383,-75.3441479994)) ;
#4351=CARTESIAN_POINT('Control Point',(6.27917019616,-5.04165748989,-75.672035151)) ;
#4352=CARTESIAN_POINT('Control Point',(6.1959642523,-5.14079957593,-76.0000004284)) ;
#4353=CARTESIAN_POINT('Vertex',(5.15817443954,6.19333078865,-44.0327399792)) ;
#4357=CARTESIAN_POINT('Control Point',(5.0293499904,6.30043372417,-43.6086783756)) ;
#4358=CARTESIAN_POINT('Control Point',(5.07276029869,6.26510744797,-43.750322876)) ;
#4359=CARTESIAN_POINT('Control Point',(5.11568417277,6.22943200127,-43.8915866746)) ;
#4360=CARTESIAN_POINT('Control Point',(5.15823678652,6.19338400749,-44.032734779)) ;
#4361=CARTESIAN_POINT('Vertex',(5.02933746926,6.30041753569,-43.6086781733)) ;
#4365=CARTESIAN_POINT('Control Point',(3.06311095322,7.45620877664,-37.8260635465)) ;
#4366=CARTESIAN_POINT('Control Point',(3.25899159194,7.37408109042,-38.3639844895)) ;
#4367=CARTESIAN_POINT('Control Point',(3.45901001207,7.28347153998,-38.9195366944)) ;
#4368=CARTESIAN_POINT('Control Point',(3.66191293626,7.18413950764,-39.4900083145)) ;
#4369=CARTESIAN_POINT('Control Point',(4.06085087464,6.97499234409,-40.6260160434)) ;
#4370=CARTESIAN_POINT('Control Point',(4.44458198894,6.73767034309,-41.762988731)) ;
#4371=CARTESIAN_POINT('Control Point',(4.64476267758,6.60165408949,-42.3728127817)) ;
#4372=CARTESIAN_POINT('Control Point',(4.84073281686,6.45392589301,-42.9932350315)) ;
#4373=CARTESIAN_POINT('Control Point',(5.0293499904,6.30043372417,-43.6086783756)) ;
#4374=CARTESIAN_POINT('Vertex',(3.06310705338,7.45620277704,-37.8260640508)) ;
#4378=CARTESIAN_POINT('Control Point',(2.79566280478,7.56317729018,-37.0963936377)) ;
#4379=CARTESIAN_POINT('Control Point',(2.88438127643,7.52945973835,-37.3368091809)) ;
#4380=CARTESIAN_POINT('Control Point',(2.97308294105,7.49395519397,-37.5788315917)) ;
#4381=CARTESIAN_POINT('Control Point',(3.06311095322,7.45620877664,-37.8260635465)) ;
#4382=CARTESIAN_POINT('Vertex',(2.79571031823,7.56326270917,-37.0963880881)) ;
#4386=CARTESIAN_POINT('Control Point',(2.69991173807,7.59885466869,-36.8375744427)) ;
#4387=CARTESIAN_POINT('Control Point',(2.73190292296,7.58717557595,-36.9238276845)) ;
#4388=CARTESIAN_POINT('Control Point',(2.76381400433,7.5752814615,-37.0100875223)) ;
#4389=CARTESIAN_POINT('Control Point',(2.79566280478,7.56317729018,-37.0963936377)) ;
#4390=CARTESIAN_POINT('Vertex',(2.69996605113,7.59895136558,-36.8375673928)) ;
#4394=CARTESIAN_POINT('Control Point',(1.39785235471,7.94036553831,-33.4320278862)) ;
#4395=CARTESIAN_POINT('Control Point',(1.84044104895,7.86561800473,-34.563942476)) ;
#4396=CARTESIAN_POINT('Control Point',(2.27740411494,7.75310046262,-35.6984277594)) ;
#4397=CARTESIAN_POINT('Control Point',(2.69991173807,7.59885466869,-36.8375744427)) ;
#4400=CARTESIAN_POINT('Control Point',(2.63950698291,-2.8710630239,-76.)) ;
#4401=CARTESIAN_POINT('Control Point',(2.94554111607,-2.58971105608,-73.8283249702)) ;
#4402=CARTESIAN_POINT('Control Point',(3.20582704504,-2.25913066223,-71.6607538754)) ;
#4403=CARTESIAN_POINT('Control Point',(3.40706026021,-1.89787786312,-69.5)) ;
#4423=CARTESIAN_POINT('Control Point',(1.23955572439,3.69776981519,-69.5)) ;
#4424=CARTESIAN_POINT('Control Point',(1.63073109664,3.56664113597,-71.6570750027)) ;
#4425=CARTESIAN_POINT('Control Point',(2.00174006548,3.37310009696,-73.8225234321)) ;
#4426=CARTESIAN_POINT('Control Point',(2.33646555645,3.12264770724,-76.)) ;
#4427=CARTESIAN_POINT('Vertex',(2.33646555645,3.12264770724,-76.)) ;
#4430=CARTESIAN_POINT('Axis2P3D Location',(0.,0.,-76.)) ;
#4443=CARTESIAN_POINT('Control Point',(10.1093921704,3.97656905522,-86.9702492833)) ;
#4444=CARTESIAN_POINT('Control Point',(25.1791513165,25.1638850551,-86.9702492833)) ;
#4445=CARTESIAN_POINT('Control Point',(-1.65226794356,28.295146504,-97.7066426362)) ;
#4446=CARTESIAN_POINT('Control Point',(-16.7220270896,7.10783050414,-97.7066426362)) ;
#4447=CARTESIAN_POINT('Control Point',(-4.96036697563,-17.2107469447,-86.9702492833)) ;
#4448=CARTESIAN_POINT('Control Point',(10.1093921704,3.97656905522,-86.9702492833)) ;
#4449=CARTESIAN_POINT('Control Point',(9.48967546173,4.43778998348,-85.266827329)) ;
#4450=CARTESIAN_POINT('Control Point',(24.2105887376,25.8732272308,-84.4839988618)) ;
#4451=CARTESIAN_POINT('Control Point',(-2.53813506359,28.8639136005,-95.4680558172)) ;
#4452=CARTESIAN_POINT('Control Point',(-17.2590483395,7.42847635323,-96.2508842844)) ;
#4453=CARTESIAN_POINT('Control Point',(-5.23123781408,-16.9976472638,-86.0496557962)) ;
#4454=CARTESIAN_POINT('Control Point',(9.48967546173,4.43778998348,-85.266827329)) ;
#4455=CARTESIAN_POINT('Control Point',(8.83113073553,4.82292760399,-83.5566405894)) ;
#4456=CARTESIAN_POINT('Control Point',(23.1959536483,26.4646721826,-81.9714796521)) ;
#4457=CARTESIAN_POINT('Control Point',(-3.45751768647,29.3431370056,-93.2160741176)) ;
#4458=CARTESIAN_POINT('Control Point',(-17.8223405669,7.7013924442,-94.8012350548)) ;
#4459=CARTESIAN_POINT('Control Point',(-5.53369213223,-16.8188169611,-85.1418015268)) ;
#4460=CARTESIAN_POINT('Control Point',(8.83113073553,4.82292760399,-83.5566405894)) ;
#4461=CARTESIAN_POINT('Control Point',(8.13610721837,5.12826036102,-81.8494769674)) ;
#4462=CARTESIAN_POINT('Control Point',(22.1409394852,26.9297292583,-79.4535754173)) ;
#4463=CARTESIAN_POINT('Control Point',(-4.40178999152,29.7272359877,-90.9747233323)) ;
#4464=CARTESIAN_POINT('Control Point',(-18.406622258,7.92576709108,-93.3706248827)) ;
#4465=CARTESIAN_POINT('Control Point',(-5.86872504827,-16.673208536,-84.2453785175)) ;
#4466=CARTESIAN_POINT('Control Point',(8.13610721812,5.12826036097,-81.8494769674)) ;
#4467=CARTESIAN_POINT('Control Point',(6.69741357991,5.57622059911,-78.4808432655)) ;
#4468=CARTESIAN_POINT('Control Point',(19.9954260708,27.6009718609,-74.5019873872)) ;
#4469=CARTESIAN_POINT('Control Point',(-6.376319816,30.3210704771,-86.425648594)) ;
#4470=CARTESIAN_POINT('Control Point',(-19.6743323073,8.29631921453,-90.4045044719)) ;
#4471=CARTESIAN_POINT('Control Point',(-6.60059891119,-16.448530663,-82.4596991437)) ;
#4472=CARTESIAN_POINT('Control Point',(6.69741358016,5.57622059917,-78.4808432655)) ;
#4473=CARTESIAN_POINT('Control Point',(5.22117531204,5.69407630996,-75.2078892038)) ;
#4474=CARTESIAN_POINT('Control Point',(17.8976736559,27.7485259315,-69.7450407266)) ;
#4475=CARTESIAN_POINT('Control Point',(-8.47385928419,30.5328245312,-81.6518751675)) ;
#4476=CARTESIAN_POINT('Control Point',(-21.1503576276,8.47837491033,-87.1147236451)) ;
#4477=CARTESIAN_POINT('Control Point',(-7.45532303163,-16.3603733113,-80.6707376811)) ;
#4478=CARTESIAN_POINT('Control Point',(5.22117531179,5.69407630991,-75.2078892038)) ;
#4479=CARTESIAN_POINT('Control Point',(4.49579811575,5.66887734865,-73.6133800972)) ;
#4480=CARTESIAN_POINT('Control Point',(16.9002265872,27.6889237103,-67.4467573378)) ;
#4481=CARTESIAN_POINT('Control Point',(-9.52717799434,30.532551592,-79.2177281406)) ;
#4482=CARTESIAN_POINT('Control Point',(-21.9316064659,8.51250523026,-85.3843509008)) ;
#4483=CARTESIAN_POINT('Control Point',(-7.90863035567,-16.351169013,-79.7800028574)) ;
#4484=CARTESIAN_POINT('Control Point',(4.49579811563,5.66887734862,-73.6133800977)) ;
#4485=CARTESIAN_POINT('Control Point',(2.88163410584,5.43421614921,-70.0384886815)) ;
#4486=CARTESIAN_POINT('Control Point',(14.764584938,27.2852799771,-62.3775396468)) ;
#4487=CARTESIAN_POINT('Control Point',(-11.8547016109,30.2829933636,-73.6803628457)) ;
#4488=CARTESIAN_POINT('Control Point',(-23.7376524429,8.43192953576,-81.3413118794)) ;
#4489=CARTESIAN_POINT('Control Point',(-9.00131672629,-16.4168476787,-77.6994377152)) ;
#4490=CARTESIAN_POINT('Control Point',(2.88163410599,5.43421614924,-70.0384886809)) ;
#4491=CARTESIAN_POINT('Control Point',(1.37276616611,4.82134867678,-66.5374084736)) ;
#4492=CARTESIAN_POINT('Control Point',(12.9629745246,26.3526257753,-57.6626529812)) ;
#4493=CARTESIAN_POINT('Control Point',(-14.0093894227,29.4872869829,-68.0625937748)) ;
#4494=CARTESIAN_POINT('Control Point',(-25.5995977813,7.95600988437,-76.9373492684)) ;
#4495=CARTESIAN_POINT('Control Point',(-10.2174421923,-16.7099284217,-75.4121639672)) ;
#4496=CARTESIAN_POINT('Control Point',(1.37276616592,4.82134867674,-66.5374084744)) ;
#4497=CARTESIAN_POINT('Control Point',(0.588517414471,4.37501561293,-64.6221944619)) ;
#4498=CARTESIAN_POINT('Control Point',(12.095947106,25.7025897764,-55.1832040759)) ;
#4499=CARTESIAN_POINT('Control Point',(-15.1254742875,28.8798341058,-64.9221868114)) ;
#4500=CARTESIAN_POINT('Control Point',(-26.632903979,7.55225994212,-74.3611771967)) ;
#4501=CARTESIAN_POINT('Control Point',(-10.9189122779,-16.9525585507,-74.0611848472)) ;
#4502=CARTESIAN_POINT('Control Point',(0.588517414279,4.37501561289,-64.6221944619)) ;
#4503=CARTESIAN_POINT('Control Point',(-0.748598300202,3.36788226972,-61.0698224551)) ;
#4504=CARTESIAN_POINT('Control Point',(10.7304877567,24.3278642764,-50.8142590887)) ;
#4505=CARTESIAN_POINT('Control Point',(-16.997934871,27.4588424658,-59.0773272372)) ;
#4506=CARTESIAN_POINT('Control Point',(-28.4770209279,6.49886045935,-69.3328906043)) ;
#4507=CARTESIAN_POINT('Control Point',(-12.2276843564,-17.5920997368,-71.3253858222)) ;
#4508=CARTESIAN_POINT('Control Point',(-0.748598300036,3.36788226975,-61.0698224551)) ;
#4509=CARTESIAN_POINT('Control Point',(-1.80149578461,2.09276908106,-57.5453047359)) ;
#4510=CARTESIAN_POINT('Control Point',(9.80771071203,22.8000038495,-46.9402441715)) ;
#4511=CARTESIAN_POINT('Control Point',(-18.4205770523,25.6111662957,-53.3823213713)) ;
#4512=CARTESIAN_POINT('Control Point',(-30.0297835489,4.90393152711,-63.9873819351)) ;
#4513=CARTESIAN_POINT('Control Point',(-13.4107022818,-18.6144656875,-68.1503652997)) ;
#4514=CARTESIAN_POINT('Control Point',(-1.80149578475,2.09276908103,-57.5453047359)) ;
#4515=CARTESIAN_POINT('Control Point',(-2.22056048506,1.45403703262,-55.9123037109)) ;
#4516=CARTESIAN_POINT('Control Point',(9.46951508952,22.0851077343,-45.2495078803)) ;
#4517=CARTESIAN_POINT('Control Point',(-18.9746459962,24.6807186338,-50.7877754889)) ;
#4518=CARTESIAN_POINT('Control Point',(-30.6647215706,4.04964793207,-61.4505713207)) ;
#4519=CARTESIAN_POINT('Control Point',(-13.9106360589,-19.1770336685,-66.5750995439)) ;
#4520=CARTESIAN_POINT('Control Point',(-2.2205604849,1.45403703262,-55.9123037121)) ;
#4521=CARTESIAN_POINT('Control Point',(-2.91843668263,0.0770510293828,-52.5783189052)) ;
#4522=CARTESIAN_POINT('Control Point',(8.94082698581,20.6596749392,-42.0052159508)) ;
#4523=CARTESIAN_POINT('Control Point',(-19.8811515867,22.6781784464,-45.6127394487)) ;
#4524=CARTESIAN_POINT('Control Point',(-31.7404152553,2.09555453663,-56.1858424019)) ;
#4525=CARTESIAN_POINT('Control Point',(-14.7777003519,-20.5055728811,-63.1514218572)) ;
#4526=CARTESIAN_POINT('Control Point',(-2.91843668279,0.0770510293885,-52.578318904)) ;
#4527=CARTESIAN_POINT('Control Point',(-3.27867732219,-1.40793172893,-49.2179227056)) ;
#4528=CARTESIAN_POINT('Control Point',(8.69543407437,19.351184981,-39.1284909052)) ;
#4529=CARTESIAN_POINT('Control Point',(-20.337631675,20.5621056174,-40.7139940431)) ;
#4530=CARTESIAN_POINT('Control Point',(-32.3117430713,-0.197011092616,-50.8034258448)) ;
#4531=CARTESIAN_POINT('Control Point',(-15.2527887179,-22.1670484382,-59.3073545085)) ;
#4532=CARTESIAN_POINT('Control Point',(-3.27867732203,-1.40793172894,-49.2179227069)) ;
#4533=CARTESIAN_POINT('Control Point',(-3.36967552883,-2.18197177236,-47.4915668796)) ;
#4534=CARTESIAN_POINT('Control Point',(8.63234671727,18.7277250986,-37.7439177222)) ;
#4535=CARTESIAN_POINT('Control Point',(-20.4553009865,19.4798236907,-38.2955854572)) ;
#4536=CARTESIAN_POINT('Control Point',(-32.4573232343,-1.42987318053,-48.0432346158)) ;
#4537=CARTESIAN_POINT('Control Point',(-15.3716977748,-23.0916686426,-57.2392160382)) ;
#4538=CARTESIAN_POINT('Control Point',(-3.36967552931,-2.18197177238,-47.4915668808)) ;
#4539=CARTESIAN_POINT('Control Point',(-3.36007033071,-3.73331521168,-44.0203888561)) ;
#4540=CARTESIAN_POINT('Control Point',(8.61165092893,17.5832063784,-35.1274335603)) ;
#4541=CARTESIAN_POINT('Control Point',(-20.4716328537,17.3580505664,-33.6208080617)) ;
#4542=CARTESIAN_POINT('Control Point',(-32.4433541117,-3.95847102336,-42.5137633562)) ;
#4543=CARTESIAN_POINT('Control Point',(-15.3317915905,-25.0498368025,-52.9133441506)) ;
#4544=CARTESIAN_POINT('Control Point',(-3.36007033022,-3.73331521166,-44.0203888548)) ;
#4545=CARTESIAN_POINT('Control Point',(-2.97041961201,-5.24987585976,-40.489881922)) ;
#4546=CARTESIAN_POINT('Control Point',(8.78660725299,16.6290273581,-32.7585135761)) ;
#4547=CARTESIAN_POINT('Control Point',(-20.0791730972,15.4102999986,-29.278225257)) ;
#4548=CARTESIAN_POINT('Control Point',(-31.8361999639,-6.46860321967,-37.0095936042)) ;
#4549=CARTESIAN_POINT('Control Point',(-14.7274464768,-27.128779077,-48.2212502692)) ;
#4550=CARTESIAN_POINT('Control Point',(-2.97041961249,-5.24987585978,-40.4898819233)) ;
#4551=CARTESIAN_POINT('Control Point',(-2.68013160999,-5.99222416549,-38.6976246995)) ;
#4552=CARTESIAN_POINT('Control Point',(8.92168163196,16.1926147825,-31.6158800445)) ;
#4553=CARTESIAN_POINT('Control Point',(-19.7872802868,14.5031375643,-27.1923852073)) ;
#4554=CARTESIAN_POINT('Control Point',(-31.3890935284,-7.6817013845,-34.2741298648)) ;
#4555=CARTESIAN_POINT('Control Point',(-14.2819448523,-28.1770631133,-45.7793693532)) ;
#4556=CARTESIAN_POINT('Control Point',(-2.68013160999,-5.99222416549,-38.6976246995)) ;
#4557=CARTESIAN_POINT('Control Point',(-1.97549716091,-7.30600853127,-35.3419474225)) ;
#4558=CARTESIAN_POINT('Control Point',(9.25706739645,15.4609581561,-29.5871606519)) ;
#4559=CARTESIAN_POINT('Control Point',(-19.088203277,12.9742237507,-23.4716583915)) ;
#4560=CARTESIAN_POINT('Control Point',(-30.3207678346,-9.79274293604,-29.2264451598)) ;
#4561=CARTESIAN_POINT('Control Point',(-13.2080617179,-30.0729752188,-41.0967341941)) ;
#4562=CARTESIAN_POINT('Control Point',(-1.97549716091,-7.30600853127,-35.3419474225)) ;
#4563=CARTESIAN_POINT('Control Point',(-0.982824193922,-8.46671529275,-31.9279690187)) ;
#4564=CARTESIAN_POINT('Control Point',(9.76457156755,14.8478488189,-27.7005180956)) ;
#4565=CARTESIAN_POINT('Control Point',(-18.1211736713,11.7738057738,-20.0288996543)) ;
#4566=CARTESIAN_POINT('Control Point',(-28.8685694326,-11.5407583384,-24.2563505793)) ;
#4567=CARTESIAN_POINT('Control Point',(-11.7302199557,-31.7812794042,-36.1554199408)) ;
#4568=CARTESIAN_POINT('Control Point',(-0.982824193922,-8.46671529275,-31.9279690187)) ;
#4569=CARTESIAN_POINT('Control Point',(-0.464176245298,-8.9666631648,-30.3313826539)) ;
#4570=CARTESIAN_POINT('Control Point',(10.0388517778,14.5834512995,-26.8482700926)) ;
#4571=CARTESIAN_POINT('Control Point',(-17.6198769307,11.295040079,-18.4918929297)) ;
#4572=CARTESIAN_POINT('Control Point',(-28.1229049536,-12.2550743855,-21.9750054892)) ;
#4573=CARTESIAN_POINT('Control Point',(-10.9672042672,-32.5167776288,-33.8144952143)) ;
#4574=CARTESIAN_POINT('Control Point',(-0.464176245181,-8.96666316478,-30.3313826539)) ;
#4575=CARTESIAN_POINT('Control Point',(0.612894728872,-9.83785299907,-27.268708993)) ;
#4576=CARTESIAN_POINT('Control Point',(10.6843929346,14.0834449673,-25.2687340328)) ;
#4577=CARTESIAN_POINT('Control Point',(-16.587002375,10.5988311361,-15.7903122699)) ;
#4578=CARTESIAN_POINT('Control Point',(-26.6585005809,-13.3224668301,-17.7902872318)) ;
#4579=CARTESIAN_POINT('Control Point',(-9.4586034779,-33.7591509656,-29.268683954)) ;
#4580=CARTESIAN_POINT('Control Point',(0.61289472877,-9.83785299909,-27.268708993)) ;
#4581=CARTESIAN_POINT('Control Point',(1.83603106977,-10.5361444381,-24.1316793267)) ;
#4582=CARTESIAN_POINT('Control Point',(11.5386689456,13.6014721439,-23.7401264186)) ;
#4583=CARTESIAN_POINT('Control Point',(-15.4104625086,10.2427140634,-13.3603928943)) ;
#4584=CARTESIAN_POINT('Control Point',(-25.1131003843,-13.8949025187,-13.7519458009)) ;
#4585=CARTESIAN_POINT('Control Point',(-7.8666068052,-34.6737610199,-24.523232234)) ;
#4586=CARTESIAN_POINT('Control Point',(1.83603106986,-10.5361444381,-24.1316793267)) ;
#4587=CARTESIAN_POINT('Control Point',(2.43609690693,-10.8182933061,-22.645026004)) ;
#4588=CARTESIAN_POINT('Control Point',(11.9787197117,13.3836326861,-23.0309405524)) ;
#4589=CARTESIAN_POINT('Control Point',(-14.8291676669,10.1400015615,-12.2559819817)) ;
#4590=CARTESIAN_POINT('Control Point',(-24.3717904511,-14.0619244355,-11.8700674446)) ;
#4591=CARTESIAN_POINT('Control Point',(-7.10652589874,-35.0202193015,-22.2591114409)) ;
#4592=CARTESIAN_POINT('Control Point',(2.43609690691,-10.8182933062,-22.645026004)) ;
#4593=CARTESIAN_POINT('Control Point',(3.05473948117,-11.046291258,-21.1650382856)) ;
#4594=CARTESIAN_POINT('Control Point',(12.4408195291,13.1853701926,-22.3274039543)) ;
#4595=CARTESIAN_POINT('Control Point',(-14.2248774224,10.0881751623,-11.1678198141)) ;
#4596=CARTESIAN_POINT('Control Point',(-23.6109574704,-14.1434862884,-10.0054541451)) ;
#4597=CARTESIAN_POINT('Control Point',(-6.33134056675,-35.2779527085,-20.0026726168)) ;
#4598=CARTESIAN_POINT('Control Point',(3.05473948116,-11.046291258,-21.1650382856)) ;
#4599=CARTESIAN_POINT('Control Point',(3.69386068845,-11.222549188,-19.6856965195)) ;
#4600=CARTESIAN_POINT('Control Point',(12.9296439267,13.004449982,-21.6229159689)) ;
#4601=CARTESIAN_POINT('Control Point',(-13.5953267224,10.0867410356,-10.0941299718)) ;
#4602=CARTESIAN_POINT('Control Point',(-22.8311099607,-14.1402581344,-8.15691052233)) ;
#4603=CARTESIAN_POINT('Control Point',(-5.54192254977,-35.4495483579,-17.74847707)) ;
#4604=CARTESIAN_POINT('Control Point',(3.69386068845,-11.222549188,-19.6856965195)) ;
#4606=CARTESIAN_POINT('Control Point',(6.87537853808,5.45505301255,-78.9329044662)) ;
#4607=CARTESIAN_POINT('Control Point',(6.83715721014,5.46339446804,-78.8452958513)) ;
#4608=CARTESIAN_POINT('Control Point',(6.79890274035,5.4715084606,-78.7577506803)) ;
#4609=CARTESIAN_POINT('Control Point',(6.76061746509,5.47939468267,-78.6702699394)) ;
#4610=CARTESIAN_POINT('Control Point',(5.99606875013,5.63221257227,-76.9258982005)) ;
#4611=CARTESIAN_POINT('Control Point',(5.22117531179,5.69407630991,-75.2078892038)) ;
#4612=CARTESIAN_POINT('Control Point',(4.49579811563,5.66887734862,-73.6133800977)) ;
#4613=CARTESIAN_POINT('Control Point',(2.88163410599,5.43421614924,-70.0384886809)) ;
#4614=CARTESIAN_POINT('Control Point',(1.37276616592,4.82134867674,-66.5374084744)) ;
#4615=CARTESIAN_POINT('Control Point',(0.588517414279,4.37501561289,-64.6221944619)) ;
#4616=CARTESIAN_POINT('Control Point',(-0.748598300036,3.36788226975,-61.0698224551)) ;
#4617=CARTESIAN_POINT('Control Point',(-1.80149578475,2.09276908103,-57.5453047359)) ;
#4618=CARTESIAN_POINT('Control Point',(-2.2205604849,1.45403703262,-55.9123037121)) ;
#4619=CARTESIAN_POINT('Control Point',(-2.91843668279,0.0770510293885,-52.578318904)) ;
#4620=CARTESIAN_POINT('Control Point',(-3.27867732203,-1.40793172894,-49.2179227069)) ;
#4621=CARTESIAN_POINT('Control Point',(-3.36967552931,-2.18197177238,-47.4915668808)) ;
#4622=CARTESIAN_POINT('Control Point',(-3.36007033022,-3.73331521166,-44.0203888548)) ;
#4623=CARTESIAN_POINT('Control Point',(-2.97041961249,-5.24987585978,-40.4898819233)) ;
#4624=CARTESIAN_POINT('Control Point',(-2.68013160999,-5.99222416549,-38.6976246995)) ;
#4625=CARTESIAN_POINT('Control Point',(-2.23297669683,-6.82594033527,-36.5681409887)) ;
#4626=CARTESIAN_POINT('Control Point',(-1.66982689883,-7.59801121118,-34.4151790552)) ;
#4627=CARTESIAN_POINT('Control Point',(-1.58179313815,-7.71361503884,-34.0881648087)) ;
#4628=CARTESIAN_POINT('Control Point',(-1.49111901897,-7.82774949827,-33.7604508956)) ;
#4629=CARTESIAN_POINT('Control Point',(-1.39783128797,-7.94039097515,-33.4319537036)) ;
#4630=CARTESIAN_POINT('Vertex',(6.87537853859,5.45505301244,-78.9329044674)) ;
#4634=CARTESIAN_POINT('Control Point',(6.87537853859,5.45505301244,-78.9329044674)) ;
#4635=CARTESIAN_POINT('Control Point',(6.75046555997,5.09277574522,-79.1863824044)) ;
#4636=CARTESIAN_POINT('Control Point',(6.58061475708,4.7319426644,-79.4310754458)) ;
#4637=CARTESIAN_POINT('Control Point',(6.3586753425,4.37627015741,-79.6622083732)) ;
#4638=CARTESIAN_POINT('Control Point',(5.86230833495,3.78885456729,-80.0188035113)) ;
#4639=CARTESIAN_POINT('Control Point',(5.16159633764,3.2949558394,-80.2471961257)) ;
#4640=CARTESIAN_POINT('Control Point',(4.83305387042,3.11213874863,-80.3127338525)) ;
#4641=CARTESIAN_POINT('Control Point',(4.47866286702,2.96185099797,-80.3395453057)) ;
#4642=CARTESIAN_POINT('Control Point',(4.11308873546,2.84297398058,-80.3300158774)) ;
#4643=CARTESIAN_POINT('Vertex',(4.11308873546,2.84297398058,-80.3300158774)) ;
#4647=CARTESIAN_POINT('Control Point',(3.41962213652,3.64776430755,-76.)) ;
#4648=CARTESIAN_POINT('Control Point',(3.67741268902,3.40609675297,-77.436035112)) ;
#4649=CARTESIAN_POINT('Control Point',(3.91120919898,3.1350443453,-78.8808071329)) ;
#4650=CARTESIAN_POINT('Control Point',(4.11308873546,2.84297398058,-80.3300158774)) ;
#4651=CARTESIAN_POINT('Vertex',(3.41962213652,3.64776430755,-76.)) ;
#4655=CARTESIAN_POINT('Control Point',(2.33646555645,3.12264770724,-76.)) ;
#4656=CARTESIAN_POINT('Control Point',(2.71716025574,3.27099172874,-76.)) ;
#4657=CARTESIAN_POINT('Control Point',(3.07984135443,3.44751228056,-76.)) ;
#4658=CARTESIAN_POINT('Control Point',(3.41962213652,3.64776430755,-76.)) ;
#4678=CARTESIAN_POINT('Control Point',(10.1093921704,3.97656905522,-86.9702492833)) ;
#4679=CARTESIAN_POINT('Control Point',(25.1791513165,25.1638850551,-86.9702492833)) ;
#4680=CARTESIAN_POINT('Control Point',(-1.65226794356,28.295146504,-97.7066426362)) ;
#4681=CARTESIAN_POINT('Control Point',(-16.7220270896,7.10783050414,-97.7066426362)) ;
#4682=CARTESIAN_POINT('Control Point',(-4.96036697563,-17.2107469447,-86.9702492833)) ;
#4683=CARTESIAN_POINT('Control Point',(10.1093921704,3.97656905522,-86.9702492833)) ;
#4684=CARTESIAN_POINT('Control Point',(9.48967546173,4.43778998348,-85.266827329)) ;
#4685=CARTESIAN_POINT('Control Point',(24.2105887376,25.8732272308,-84.4839988618)) ;
#4686=CARTESIAN_POINT('Control Point',(-2.53813506359,28.8639136005,-95.4680558172)) ;
#4687=CARTESIAN_POINT('Control Point',(-17.2590483395,7.42847635323,-96.2508842844)) ;
#4688=CARTESIAN_POINT('Control Point',(-5.23123781408,-16.9976472638,-86.0496557962)) ;
#4689=CARTESIAN_POINT('Control Point',(9.48967546173,4.43778998348,-85.266827329)) ;
#4690=CARTESIAN_POINT('Control Point',(8.83113073553,4.82292760399,-83.5566405894)) ;
#4691=CARTESIAN_POINT('Control Point',(23.1959536483,26.4646721826,-81.9714796521)) ;
#4692=CARTESIAN_POINT('Control Point',(-3.45751768647,29.3431370056,-93.2160741176)) ;
#4693=CARTESIAN_POINT('Control Point',(-17.8223405669,7.7013924442,-94.8012350548)) ;
#4694=CARTESIAN_POINT('Control Point',(-5.53369213223,-16.8188169611,-85.1418015268)) ;
#4695=CARTESIAN_POINT('Control Point',(8.83113073553,4.82292760399,-83.5566405894)) ;
#4696=CARTESIAN_POINT('Control Point',(8.13610721837,5.12826036102,-81.8494769674)) ;
#4697=CARTESIAN_POINT('Control Point',(22.1409394852,26.9297292583,-79.4535754173)) ;
#4698=CARTESIAN_POINT('Control Point',(-4.40178999152,29.7272359877,-90.9747233323)) ;
#4699=CARTESIAN_POINT('Control Point',(-18.406622258,7.92576709108,-93.3706248827)) ;
#4700=CARTESIAN_POINT('Control Point',(-5.86872504827,-16.673208536,-84.2453785175)) ;
#4701=CARTESIAN_POINT('Control Point',(8.13610721812,5.12826036097,-81.8494769674)) ;
#4702=CARTESIAN_POINT('Control Point',(6.69741357991,5.57622059911,-78.4808432655)) ;
#4703=CARTESIAN_POINT('Control Point',(19.9954260708,27.6009718609,-74.5019873872)) ;
#4704=CARTESIAN_POINT('Control Point',(-6.376319816,30.3210704771,-86.425648594)) ;
#4705=CARTESIAN_POINT('Control Point',(-19.6743323073,8.29631921453,-90.4045044719)) ;
#4706=CARTESIAN_POINT('Control Point',(-6.60059891119,-16.448530663,-82.4596991437)) ;
#4707=CARTESIAN_POINT('Control Point',(6.69741358016,5.57622059917,-78.4808432655)) ;
#4708=CARTESIAN_POINT('Control Point',(5.22117531204,5.69407630996,-75.2078892038)) ;
#4709=CARTESIAN_POINT('Control Point',(17.8976736559,27.7485259315,-69.7450407266)) ;
#4710=CARTESIAN_POINT('Control Point',(-8.47385928419,30.5328245312,-81.6518751675)) ;
#4711=CARTESIAN_POINT('Control Point',(-21.1503576276,8.47837491033,-87.1147236451)) ;
#4712=CARTESIAN_POINT('Control Point',(-7.45532303163,-16.3603733113,-80.6707376811)) ;
#4713=CARTESIAN_POINT('Control Point',(5.22117531179,5.69407630991,-75.2078892038)) ;
#4714=CARTESIAN_POINT('Control Point',(4.49579811575,5.66887734865,-73.6133800972)) ;
#4715=CARTESIAN_POINT('Control Point',(16.9002265872,27.6889237103,-67.4467573378)) ;
#4716=CARTESIAN_POINT('Control Point',(-9.52717799434,30.532551592,-79.2177281406)) ;
#4717=CARTESIAN_POINT('Control Point',(-21.9316064659,8.51250523026,-85.3843509008)) ;
#4718=CARTESIAN_POINT('Control Point',(-7.90863035567,-16.351169013,-79.7800028574)) ;
#4719=CARTESIAN_POINT('Control Point',(4.49579811563,5.66887734862,-73.6133800977)) ;
#4720=CARTESIAN_POINT('Control Point',(2.88163410584,5.43421614921,-70.0384886815)) ;
#4721=CARTESIAN_POINT('Control Point',(14.764584938,27.2852799771,-62.3775396468)) ;
#4722=CARTESIAN_POINT('Control Point',(-11.8547016109,30.2829933636,-73.6803628457)) ;
#4723=CARTESIAN_POINT('Control Point',(-23.7376524429,8.43192953576,-81.3413118794)) ;
#4724=CARTESIAN_POINT('Control Point',(-9.00131672629,-16.4168476787,-77.6994377152)) ;
#4725=CARTESIAN_POINT('Control Point',(2.88163410599,5.43421614924,-70.0384886809)) ;
#4726=CARTESIAN_POINT('Control Point',(1.37276616611,4.82134867678,-66.5374084736)) ;
#4727=CARTESIAN_POINT('Control Point',(12.9629745246,26.3526257753,-57.6626529812)) ;
#4728=CARTESIAN_POINT('Control Point',(-14.0093894227,29.4872869829,-68.0625937748)) ;
#4729=CARTESIAN_POINT('Control Point',(-25.5995977813,7.95600988437,-76.9373492684)) ;
#4730=CARTESIAN_POINT('Control Point',(-10.2174421923,-16.7099284217,-75.4121639672)) ;
#4731=CARTESIAN_POINT('Control Point',(1.37276616592,4.82134867674,-66.5374084744)) ;
#4732=CARTESIAN_POINT('Control Point',(0.588517414471,4.37501561293,-64.6221944619)) ;
#4733=CARTESIAN_POINT('Control Point',(12.095947106,25.7025897764,-55.1832040759)) ;
#4734=CARTESIAN_POINT('Control Point',(-15.1254742875,28.8798341058,-64.9221868114)) ;
#4735=CARTESIAN_POINT('Control Point',(-26.632903979,7.55225994212,-74.3611771967)) ;
#4736=CARTESIAN_POINT('Control Point',(-10.9189122779,-16.9525585507,-74.0611848472)) ;
#4737=CARTESIAN_POINT('Control Point',(0.588517414279,4.37501561289,-64.6221944619)) ;
#4738=CARTESIAN_POINT('Control Point',(-0.748598300202,3.36788226972,-61.0698224551)) ;
#4739=CARTESIAN_POINT('Control Point',(10.7304877567,24.3278642764,-50.8142590887)) ;
#4740=CARTESIAN_POINT('Control Point',(-16.997934871,27.4588424658,-59.0773272372)) ;
#4741=CARTESIAN_POINT('Control Point',(-28.4770209279,6.49886045935,-69.3328906043)) ;
#4742=CARTESIAN_POINT('Control Point',(-12.2276843564,-17.5920997368,-71.3253858222)) ;
#4743=CARTESIAN_POINT('Control Point',(-0.748598300036,3.36788226975,-61.0698224551)) ;
#4744=CARTESIAN_POINT('Control Point',(-1.80149578461,2.09276908106,-57.5453047359)) ;
#4745=CARTESIAN_POINT('Control Point',(9.80771071203,22.8000038495,-46.9402441715)) ;
#4746=CARTESIAN_POINT('Control Point',(-18.4205770523,25.6111662957,-53.3823213713)) ;
#4747=CARTESIAN_POINT('Control Point',(-30.0297835489,4.90393152711,-63.9873819351)) ;
#4748=CARTESIAN_POINT('Control Point',(-13.4107022818,-18.6144656875,-68.1503652997)) ;
#4749=CARTESIAN_POINT('Control Point',(-1.80149578475,2.09276908103,-57.5453047359)) ;
#4750=CARTESIAN_POINT('Control Point',(-2.22056048506,1.45403703262,-55.9123037109)) ;
#4751=CARTESIAN_POINT('Control Point',(9.46951508952,22.0851077343,-45.2495078803)) ;
#4752=CARTESIAN_POINT('Control Point',(-18.9746459962,24.6807186338,-50.7877754889)) ;
#4753=CARTESIAN_POINT('Control Point',(-30.6647215706,4.04964793207,-61.4505713207)) ;
#4754=CARTESIAN_POINT('Control Point',(-13.9106360589,-19.1770336685,-66.5750995439)) ;
#4755=CARTESIAN_POINT('Control Point',(-2.2205604849,1.45403703262,-55.9123037121)) ;
#4756=CARTESIAN_POINT('Control Point',(-2.91843668263,0.0770510293828,-52.5783189052)) ;
#4757=CARTESIAN_POINT('Control Point',(8.94082698581,20.6596749392,-42.0052159508)) ;
#4758=CARTESIAN_POINT('Control Point',(-19.8811515867,22.6781784464,-45.6127394487)) ;
#4759=CARTESIAN_POINT('Control Point',(-31.7404152553,2.09555453663,-56.1858424019)) ;
#4760=CARTESIAN_POINT('Control Point',(-14.7777003519,-20.5055728811,-63.1514218572)) ;
#4761=CARTESIAN_POINT('Control Point',(-2.91843668279,0.0770510293885,-52.578318904)) ;
#4762=CARTESIAN_POINT('Control Point',(-3.27867732219,-1.40793172893,-49.2179227056)) ;
#4763=CARTESIAN_POINT('Control Point',(8.69543407437,19.351184981,-39.1284909052)) ;
#4764=CARTESIAN_POINT('Control Point',(-20.337631675,20.5621056174,-40.7139940431)) ;
#4765=CARTESIAN_POINT('Control Point',(-32.3117430713,-0.197011092616,-50.8034258448)) ;
#4766=CARTESIAN_POINT('Control Point',(-15.2527887179,-22.1670484382,-59.3073545085)) ;
#4767=CARTESIAN_POINT('Control Point',(-3.27867732203,-1.40793172894,-49.2179227069)) ;
#4768=CARTESIAN_POINT('Control Point',(-3.36967552883,-2.18197177236,-47.4915668796)) ;
#4769=CARTESIAN_POINT('Control Point',(8.63234671727,18.7277250986,-37.7439177222)) ;
#4770=CARTESIAN_POINT('Control Point',(-20.4553009865,19.4798236907,-38.2955854572)) ;
#4771=CARTESIAN_POINT('Control Point',(-32.4573232343,-1.42987318053,-48.0432346158)) ;
#4772=CARTESIAN_POINT('Control Point',(-15.3716977748,-23.0916686426,-57.2392160382)) ;
#4773=CARTESIAN_POINT('Control Point',(-3.36967552931,-2.18197177238,-47.4915668808)) ;
#4774=CARTESIAN_POINT('Control Point',(-3.36007033071,-3.73331521168,-44.0203888561)) ;
#4775=CARTESIAN_POINT('Control Point',(8.61165092893,17.5832063784,-35.1274335603)) ;
#4776=CARTESIAN_POINT('Control Point',(-20.4716328537,17.3580505664,-33.6208080617)) ;
#4777=CARTESIAN_POINT('Control Point',(-32.4433541117,-3.95847102336,-42.5137633562)) ;
#4778=CARTESIAN_POINT('Control Point',(-15.3317915905,-25.0498368025,-52.9133441506)) ;
#4779=CARTESIAN_POINT('Control Point',(-3.36007033022,-3.73331521166,-44.0203888548)) ;
#4780=CARTESIAN_POINT('Control Point',(-2.97041961201,-5.24987585976,-40.489881922)) ;
#4781=CARTESIAN_POINT('Control Point',(8.78660725299,16.6290273581,-32.7585135761)) ;
#4782=CARTESIAN_POINT('Control Point',(-20.0791730972,15.4102999986,-29.278225257)) ;
#4783=CARTESIAN_POINT('Control Point',(-31.8361999639,-6.46860321967,-37.0095936042)) ;
#4784=CARTESIAN_POINT('Control Point',(-14.7274464768,-27.128779077,-48.2212502692)) ;
#4785=CARTESIAN_POINT('Control Point',(-2.97041961249,-5.24987585978,-40.4898819233)) ;
#4786=CARTESIAN_POINT('Control Point',(-2.68013160999,-5.99222416549,-38.6976246995)) ;
#4787=CARTESIAN_POINT('Control Point',(8.92168163196,16.1926147825,-31.6158800445)) ;
#4788=CARTESIAN_POINT('Control Point',(-19.7872802868,14.5031375643,-27.1923852073)) ;
#4789=CARTESIAN_POINT('Control Point',(-31.3890935284,-7.6817013845,-34.2741298648)) ;
#4790=CARTESIAN_POINT('Control Point',(-14.2819448523,-28.1770631133,-45.7793693532)) ;
#4791=CARTESIAN_POINT('Control Point',(-2.68013160999,-5.99222416549,-38.6976246995)) ;
#4792=CARTESIAN_POINT('Control Point',(-1.97549716091,-7.30600853127,-35.3419474225)) ;
#4793=CARTESIAN_POINT('Control Point',(9.25706739645,15.4609581561,-29.5871606519)) ;
#4794=CARTESIAN_POINT('Control Point',(-19.088203277,12.9742237507,-23.4716583915)) ;
#4795=CARTESIAN_POINT('Control Point',(-30.3207678346,-9.79274293604,-29.2264451598)) ;
#4796=CARTESIAN_POINT('Control Point',(-13.2080617179,-30.0729752188,-41.0967341941)) ;
#4797=CARTESIAN_POINT('Control Point',(-1.97549716091,-7.30600853127,-35.3419474225)) ;
#4798=CARTESIAN_POINT('Control Point',(-0.982824193922,-8.46671529275,-31.9279690187)) ;
#4799=CARTESIAN_POINT('Control Point',(9.76457156755,14.8478488189,-27.7005180956)) ;
#4800=CARTESIAN_POINT('Control Point',(-18.1211736713,11.7738057738,-20.0288996543)) ;
#4801=CARTESIAN_POINT('Control Point',(-28.8685694326,-11.5407583384,-24.2563505793)) ;
#4802=CARTESIAN_POINT('Control Point',(-11.7302199557,-31.7812794042,-36.1554199408)) ;
#4803=CARTESIAN_POINT('Control Point',(-0.982824193922,-8.46671529275,-31.9279690187)) ;
#4804=CARTESIAN_POINT('Control Point',(-0.464176245298,-8.9666631648,-30.3313826539)) ;
#4805=CARTESIAN_POINT('Control Point',(10.0388517778,14.5834512995,-26.8482700926)) ;
#4806=CARTESIAN_POINT('Control Point',(-17.6198769307,11.295040079,-18.4918929297)) ;
#4807=CARTESIAN_POINT('Control Point',(-28.1229049536,-12.2550743855,-21.9750054892)) ;
#4808=CARTESIAN_POINT('Control Point',(-10.9672042672,-32.5167776288,-33.8144952143)) ;
#4809=CARTESIAN_POINT('Control Point',(-0.464176245181,-8.96666316478,-30.3313826539)) ;
#4810=CARTESIAN_POINT('Control Point',(0.612894728872,-9.83785299907,-27.268708993)) ;
#4811=CARTESIAN_POINT('Control Point',(10.6843929346,14.0834449673,-25.2687340328)) ;
#4812=CARTESIAN_POINT('Control Point',(-16.587002375,10.5988311361,-15.7903122699)) ;
#4813=CARTESIAN_POINT('Control Point',(-26.6585005809,-13.3224668301,-17.7902872318)) ;
#4814=CARTESIAN_POINT('Control Point',(-9.4586034779,-33.7591509656,-29.268683954)) ;
#4815=CARTESIAN_POINT('Control Point',(0.61289472877,-9.83785299909,-27.268708993)) ;
#4816=CARTESIAN_POINT('Control Point',(1.83603106977,-10.5361444381,-24.1316793267)) ;
#4817=CARTESIAN_POINT('Control Point',(11.5386689456,13.6014721439,-23.7401264186)) ;
#4818=CARTESIAN_POINT('Control Point',(-15.4104625086,10.2427140634,-13.3603928943)) ;
#4819=CARTESIAN_POINT('Control Point',(-25.1131003843,-13.8949025187,-13.7519458009)) ;
#4820=CARTESIAN_POINT('Control Point',(-7.8666068052,-34.6737610199,-24.523232234)) ;
#4821=CARTESIAN_POINT('Control Point',(1.83603106986,-10.5361444381,-24.1316793267)) ;
#4822=CARTESIAN_POINT('Control Point',(2.43609690693,-10.8182933061,-22.645026004)) ;
#4823=CARTESIAN_POINT('Control Point',(11.9787197117,13.3836326861,-23.0309405524)) ;
#4824=CARTESIAN_POINT('Control Point',(-14.8291676669,10.1400015615,-12.2559819817)) ;
#4825=CARTESIAN_POINT('Control Point',(-24.3717904511,-14.0619244355,-11.8700674446)) ;
#4826=CARTESIAN_POINT('Control Point',(-7.10652589874,-35.0202193015,-22.2591114409)) ;
#4827=CARTESIAN_POINT('Control Point',(2.43609690691,-10.8182933062,-22.645026004)) ;
#4828=CARTESIAN_POINT('Control Point',(3.05473948117,-11.046291258,-21.1650382856)) ;
#4829=CARTESIAN_POINT('Control Point',(12.4408195291,13.1853701926,-22.3274039543)) ;
#4830=CARTESIAN_POINT('Control Point',(-14.2248774224,10.0881751623,-11.1678198141)) ;
#4831=CARTESIAN_POINT('Control Point',(-23.6109574704,-14.1434862884,-10.0054541451)) ;
#4832=CARTESIAN_POINT('Control Point',(-6.33134056675,-35.2779527085,-20.0026726168)) ;
#4833=CARTESIAN_POINT('Control Point',(3.05473948116,-11.046291258,-21.1650382856)) ;
#4834=CARTESIAN_POINT('Control Point',(3.69386068845,-11.222549188,-19.6856965195)) ;
#4835=CARTESIAN_POINT('Control Point',(12.9296439267,13.004449982,-21.6229159689)) ;
#4836=CARTESIAN_POINT('Control Point',(-13.5953267224,10.0867410356,-10.0941299718)) ;
#4837=CARTESIAN_POINT('Control Point',(-22.8311099607,-14.1402581344,-8.15691052233)) ;
#4838=CARTESIAN_POINT('Control Point',(-5.54192254977,-35.4495483579,-17.74847707)) ;
#4839=CARTESIAN_POINT('Control Point',(3.69386068845,-11.222549188,-19.6856965195)) ;
#4841=CARTESIAN_POINT('Control Point',(2.65466562214,8.86088316335,-66.8898347881)) ;
#4842=CARTESIAN_POINT('Control Point',(3.67100000063,8.55639568898,-69.2266950609)) ;
#4843=CARTESIAN_POINT('Control Point',(4.64245421875,8.10561125312,-71.5643807683)) ;
#4844=CARTESIAN_POINT('Control Point',(5.53501435083,7.52539990556,-73.8813425831)) ;
#4845=CARTESIAN_POINT('Control Point',(6.34117773036,6.81662383007,-76.2098403079)) ;
#4846=CARTESIAN_POINT('Control Point',(7.02759005314,6.01460539395,-78.5345308195)) ;
#4847=CARTESIAN_POINT('Vertex',(2.65466562214,8.86088316335,-66.8898347881)) ;
#4849=CARTESIAN_POINT('Vertex',(7.02759005314,6.01460539395,-78.5345308195)) ;
#4853=CARTESIAN_POINT('Control Point',(7.02759005314,6.01460539395,-78.5345308195)) ;
#4854=CARTESIAN_POINT('Control Point',(6.98877651942,5.82377017591,-78.6725855387)) ;
#4855=CARTESIAN_POINT('Control Point',(6.93799240912,5.63664808867,-78.8058461356)) ;
#4856=CARTESIAN_POINT('Control Point',(6.87537853914,5.45505301358,-78.9329044668)) ;
#4859=CARTESIAN_POINT('Control Point',(-8.37215454973,-3.93313211009,-20.0115222125)) ;
#4860=CARTESIAN_POINT('Control Point',(-8.43393723734,-3.80162007472,-20.3329711846)) ;
#4861=CARTESIAN_POINT('Control Point',(-8.4931277051,-3.66891606601,-20.6542246266)) ;
#4862=CARTESIAN_POINT('Control Point',(-8.54971336091,-3.53505119233,-20.9753118152)) ;
#4863=CARTESIAN_POINT('Control Point',(-8.65755088972,-3.26528912294,-21.6167280468)) ;
#4864=CARTESIAN_POINT('Control Point',(-8.75482904989,-2.99117861281,-22.2580070331)) ;
#4865=CARTESIAN_POINT('Control Point',(-8.80113980653,-2.85204929559,-22.5810715672)) ;
#4866=CARTESIAN_POINT('Control Point',(-8.93095180028,-2.43475384629,-23.5434569084)) ;
#4867=CARTESIAN_POINT('Control Point',(-9.03613855522,-2.00965349825,-24.5060149344)) ;
#4868=CARTESIAN_POINT('Control Point',(-9.09509164891,-1.72332732222,-25.1481141447)) ;
#4869=CARTESIAN_POINT('Control Point',(-9.23741876567,-0.860823754762,-27.0687837773)) ;
#4870=CARTESIAN_POINT('Control Point',(-9.27736175361,0.0128705074912,-28.9875499805)) ;
#4871=CARTESIAN_POINT('Control Point',(-9.25822847129,0.593664748462,-30.2633267314)) ;
#4872=CARTESIAN_POINT('Control Point',(-9.12915747344,1.75070919391,-32.8209383631)) ;
#4873=CARTESIAN_POINT('Control Point',(-8.82131025366,2.87344904844,-35.377059871)) ;
#4874=CARTESIAN_POINT('Control Point',(-8.62400376163,3.42019314588,-36.6516180466)) ;
#4875=CARTESIAN_POINT('Control Point',(-8.26355238916,4.21693971468,-38.5715052201)) ;
#4876=CARTESIAN_POINT('Control Point',(-7.8136404652,4.96348909629,-40.4896835386)) ;
#4877=CARTESIAN_POINT('Control Point',(-7.65389628099,5.20644173422,-41.1294122647)) ;
#4878=CARTESIAN_POINT('Control Point',(-6.97692008811,6.15289109624,-43.6902330928)) ;
#4879=CARTESIAN_POINT('Control Point',(-6.15614818981,6.98673220957,-46.2492497329)) ;
#4880=CARTESIAN_POINT('Control Point',(-5.46987621327,7.53583694789,-48.1669959343)) ;
#4881=CARTESIAN_POINT('Control Point',(-4.10414236454,8.38597902669,-51.6859478643)) ;
#4882=CARTESIAN_POINT('Control Point',(-2.59509940077,8.92323065995,-55.196684367)) ;
#4883=CARTESIAN_POINT('Control Point',(-1.88650799089,9.09926556478,-56.7942952315)) ;
#4884=CARTESIAN_POINT('Control Point',(-0.540783713476,9.29617880849,-59.7760054161)) ;
#4885=CARTESIAN_POINT('Control Point',(0.813150267785,9.24630689045,-62.7488607194)) ;
#4886=CARTESIAN_POINT('Control Point',(1.44022885771,9.16950057619,-64.1329622542)) ;
#4887=CARTESIAN_POINT('Control Point',(2.05533260561,9.0404396168,-65.5117868286)) ;
#4888=CARTESIAN_POINT('Control Point',(2.65466562214,8.86088316335,-66.8898347881)) ;
#4905=CARTESIAN_POINT('Control Point',(2.65466562214,8.86088316335,-35.3162666865)) ;
#4906=CARTESIAN_POINT('Control Point',(2.37593005127,8.94439061109,-34.675416838)) ;
#4907=CARTESIAN_POINT('Control Point',(2.09406179207,9.01689266314,-34.0357127501)) ;
#4908=CARTESIAN_POINT('Control Point',(1.81147348858,9.07786736639,-33.4011105726)) ;
#4909=CARTESIAN_POINT('Control Point',(1.23880848535,9.17824222365,-32.1239658488)) ;
#4910=CARTESIAN_POINT('Control Point',(0.656717182302,9.23360405541,-30.8371911523)) ;
#4911=CARTESIAN_POINT('Control Point',(0.364992408801,9.24971292695,-30.1941942304)) ;
#4912=CARTESIAN_POINT('Control Point',(-0.0889534137074,9.256850449,-29.1963485555)) ;
#4913=CARTESIAN_POINT('Control Point',(-0.541567850241,9.23625429441,-28.2002063358)) ;
#4914=CARTESIAN_POINT('Control Point',(-0.702279484932,9.22540363983,-27.8460249203)) ;
#4915=CARTESIAN_POINT('Control Point',(-0.99062322189,9.19966934393,-27.2090337592)) ;
#4916=CARTESIAN_POINT('Control Point',(-1.27773427293,9.16268197539,-26.5708410986)) ;
#4917=CARTESIAN_POINT('Control Point',(-1.40523811262,9.14400384074,-26.2864641237)) ;
#4918=CARTESIAN_POINT('Control Point',(-1.56442419051,9.11783418928,-25.9299964596)) ;
#4919=CARTESIAN_POINT('Control Point',(-1.72314177715,9.08817026301,-25.5725703331)) ;
#4920=CARTESIAN_POINT('Control Point',(-1.77465373034,9.07825190751,-25.4564036958)) ;
#4921=CARTESIAN_POINT('Control Point',(-2.28178940416,8.97773977331,-24.3111395738)) ;
#4922=CARTESIAN_POINT('Control Point',(-2.77963277163,8.84227637038,-23.1663525646)) ;
#4923=CARTESIAN_POINT('Control Point',(-3.23353842723,8.68608145552,-22.1054064566)) ;
#4924=CARTESIAN_POINT('Control Point',(-3.67554672712,8.50207087295,-21.0568214544)) ;
#4925=CARTESIAN_POINT('Control Point',(-4.10744693134,8.28802628533,-20.0115222125)) ;
#4926=CARTESIAN_POINT('Vertex',(2.65466562214,8.86088316335,-35.3162666865)) ;
#4929=CARTESIAN_POINT('Line Origine',(2.65466562214,8.86088316335,-53.5057611062)) ;
#4942=CARTESIAN_POINT('Control Point',(6.19607766057,-5.14078187665,-76.0000345463)) ;
#4943=CARTESIAN_POINT('Control Point',(6.33410082626,-5.34871921105,-76.0637167966)) ;
#4944=CARTESIAN_POINT('Control Point',(6.47167469568,-5.55702369687,-76.1264146602)) ;
#4945=CARTESIAN_POINT('Control Point',(6.60883520592,-5.76566597238,-76.1881113473)) ;
#4946=CARTESIAN_POINT('Control Point',(6.74561780927,-5.97461707169,-76.2487954928)) ;
#4947=CARTESIAN_POINT('Control Point',(6.88205675913,-6.18384900824,-76.3084604328)) ;
#4948=CARTESIAN_POINT('Control Point',(6.3036394416,-5.01261239637,-75.575960019)) ;
#4949=CARTESIAN_POINT('Control Point',(6.44612167313,-5.21758770462,-75.639120237)) ;
#4950=CARTESIAN_POINT('Control Point',(6.58816834908,-5.4229342734,-75.7013135264)) ;
#4951=CARTESIAN_POINT('Control Point',(6.7298139029,-5.62862272706,-75.7625233422)) ;
#4952=CARTESIAN_POINT('Control Point',(6.8710923229,-5.83462407095,-75.8227383899)) ;
#4953=CARTESIAN_POINT('Control Point',(7.01203647533,-6.04091026916,-75.8819519373)) ;
#4954=CARTESIAN_POINT('Control Point',(6.40914323872,-4.88188162375,-75.1497530188)) ;
#4955=CARTESIAN_POINT('Control Point',(6.55596484645,-5.08380395282,-75.2124563745)) ;
#4956=CARTESIAN_POINT('Control Point',(6.70236306359,-5.28610237311,-75.2742105966)) ;
#4957=CARTESIAN_POINT('Control Point',(6.84837089194,-5.48874752159,-75.3349991938)) ;
#4958=CARTESIAN_POINT('Control Point',(6.99402093949,-5.69171038876,-75.3948107682)) ;
#4959=CARTESIAN_POINT('Control Point',(7.13934477448,-5.89496289325,-75.4536383651)) ;
#4960=CARTESIAN_POINT('Control Point',(6.51206038309,-4.74886832095,-74.7228542062)) ;
#4961=CARTESIAN_POINT('Control Point',(6.66314079912,-4.9475938551,-74.7849625836)) ;
#4962=CARTESIAN_POINT('Control Point',(6.81381181056,-5.14669767204,-74.8461438718)) ;
#4963=CARTESIAN_POINT('Control Point',(6.96410483333,-5.34615070577,-74.9063817792)) ;
#4964=CARTESIAN_POINT('Control Point',(7.11405093688,-5.54592421497,-74.9656649083)) ;
#4965=CARTESIAN_POINT('Control Point',(7.26368023484,-5.74599034575,-75.0239861473)) ;
#4966=CARTESIAN_POINT('Control Point',(6.68324454482,-4.51568419642,-73.9892788065)) ;
#4967=CARTESIAN_POINT('Control Point',(6.84096283905,-4.70922525981,-74.0522110582)) ;
#4968=CARTESIAN_POINT('Control Point',(6.99827157457,-4.90317209944,-74.1142055528)) ;
#4969=CARTESIAN_POINT('Control Point',(7.15520198507,-5.0974937824,-74.1752446016)) ;
#4970=CARTESIAN_POINT('Control Point',(7.3117850286,-5.29215964997,-74.2353156152)) ;
#4971=CARTESIAN_POINT('Control Point',(7.46805075509,-5.48713994263,-74.2944104944)) ;
#4972=CARTESIAN_POINT('Control Point',(6.83681036667,-4.27689521388,-73.2718543416)) ;
#4973=CARTESIAN_POINT('Control Point',(7.00073211198,-4.46518090906,-73.3364163291)) ;
#4974=CARTESIAN_POINT('Control Point',(7.16423966004,-4.65390757876,-73.3999920258)) ;
#4975=CARTESIAN_POINT('Control Point',(7.32736546212,-4.84304072016,-73.4625624544)) ;
#4976=CARTESIAN_POINT('Control Point',(7.4901416669,-5.03254615011,-73.5241142715)) ;
#4977=CARTESIAN_POINT('Control Point',(7.65259943425,-5.22239073453,-73.5846390715)) ;
#4978=CARTESIAN_POINT('Control Point',(6.8984904932,-4.17557078101,-72.9725166086)) ;
#4979=CARTESIAN_POINT('Control Point',(7.06511010445,-4.36147040467,-73.0373028468)) ;
#4980=CARTESIAN_POINT('Control Point',(7.23132067143,-4.54781900205,-73.1010925005)) ;
#4981=CARTESIAN_POINT('Control Point',(7.39715453898,-4.73458112877,-73.1638666438)) ;
#4982=CARTESIAN_POINT('Control Point',(7.56264372576,-4.92172169432,-73.2256120747)) ;
#4983=CARTESIAN_POINT('Control Point',(7.72781923994,-5.10920671234,-73.2863205944)) ;
#4984=CARTESIAN_POINT('Control Point',(7.01713195872,-3.97045039241,-72.3749237382)) ;
#4985=CARTESIAN_POINT('Control Point',(7.18904961274,-4.15149823642,-72.4402900515)) ;
#4986=CARTESIAN_POINT('Control Point',(7.3605669375,-4.33301275706,-72.5046347702)) ;
#4987=CARTESIAN_POINT('Control Point',(7.53171622317,-4.51495639446,-72.5679389674)) ;
#4988=CARTESIAN_POINT('Control Point',(7.70252938514,-4.69729201932,-72.6301896667)) ;
#4989=CARTESIAN_POINT('Control Point',(7.87303727856,-4.87998373102,-72.6913790635)) ;
#4990=CARTESIAN_POINT('Control Point',(7.1273699737,-3.76042649182,-71.7770697838)) ;
#4991=CARTESIAN_POINT('Control Point',(7.30457319584,-3.93626183428,-71.8425297733)) ;
#4992=CARTESIAN_POINT('Control Point',(7.48139088755,-4.11257483302,-71.9069572736)) ;
#4993=CARTESIAN_POINT('Control Point',(7.65785451804,-4.28932656475,-71.9703337509)) ;
#4994=CARTESIAN_POINT('Control Point',(7.83399514825,-4.46647860677,-72.0326466861)) ;
#4995=CARTESIAN_POINT('Control Point',(8.00984276892,-4.64399385659,-72.0938887645)) ;
#4996=CARTESIAN_POINT('Control Point',(7.18067278665,-3.65416935648,-71.477367987)) ;
#4997=CARTESIAN_POINT('Control Point',(7.36051205698,-3.82730735363,-71.5427490132)) ;
#4998=CARTESIAN_POINT('Control Point',(7.53997444969,-4.00092686479,-71.60709668)) ;
#4999=CARTESIAN_POINT('Control Point',(7.71909081256,-4.17498852668,-71.6703926988)) ;
#5000=CARTESIAN_POINT('Control Point',(7.89789157789,-4.34945350285,-71.7326247809)) ;
#5001=CARTESIAN_POINT('Control Point',(8.07640611802,-4.52428430697,-71.793785821)) ;
#5002=CARTESIAN_POINT('Control Point',(7.33580595294,-3.33178487366,-70.5746940509)) ;
#5003=CARTESIAN_POINT('Control Point',(7.52349071402,-3.49658346081,-70.6395253653)) ;
#5004=CARTESIAN_POINT('Control Point',(7.71082702433,-3.66187123982,-70.7033336133)) ;
#5005=CARTESIAN_POINT('Control Point',(7.89784336829,-3.82760821194,-70.7661012533)) ;
#5006=CARTESIAN_POINT('Control Point',(8.08456782396,-3.99375494783,-70.8278165803)) ;
#5007=CARTESIAN_POINT('Control Point',(8.27102748155,-4.1602734054,-70.8884729235)) ;
#5008=CARTESIAN_POINT('Control Point',(7.47759745073,-2.99915360022,-69.6604011014)) ;
#5009=CARTESIAN_POINT('Control Point',(7.67280027434,-3.15499034565,-69.7240344427)) ;
#5010=CARTESIAN_POINT('Control Point',(7.86768702648,-3.31131589515,-69.7866861254)) ;
#5011=CARTESIAN_POINT('Control Point',(8.062282808,-3.46809130065,-69.8483391449)) ;
#5012=CARTESIAN_POINT('Control Point',(8.25661240053,-3.62527811688,-69.9089819101)) ;
#5013=CARTESIAN_POINT('Control Point',(8.45069976562,-3.78283917938,-69.9686075311)) ;
#5014=CARTESIAN_POINT('Control Point',(7.56703982587,-2.7735003512,-69.0450244268)) ;
#5015=CARTESIAN_POINT('Control Point',(7.7670638774,-2.92304146687,-69.1073922201)) ;
#5016=CARTESIAN_POINT('Control Point',(7.96679581735,-3.07306390894,-69.1688243634)) ;
#5017=CARTESIAN_POINT('Control Point',(8.16625811665,-3.2235305201,-69.2293043031)) ;
#5018=CARTESIAN_POINT('Control Point',(8.36547300243,-3.37440455716,-69.2888204752)) ;
#5019=CARTESIAN_POINT('Control Point',(8.56446201729,-3.52565041824,-69.3473656831)) ;
#5020=CARTESIAN_POINT('Control Point',(7.73384227816,-2.31599255963,-67.8102873441)) ;
#5021=CARTESIAN_POINT('Control Point',(7.94233235155,-2.45362261815,-67.8728694528)) ;
#5022=CARTESIAN_POINT('Control Point',(8.15055418015,-2.59175852788,-67.9345306726)) ;
#5023=CARTESIAN_POINT('Control Point',(8.35852793972,-2.73036231337,-67.9952532596)) ;
#5024=CARTESIAN_POINT('Control Point',(8.56627365203,-2.86939628865,-68.0550244302)) ;
#5025=CARTESIAN_POINT('Control Point',(8.77381077617,-3.00882382381,-68.1138357875)) ;
#5026=CARTESIAN_POINT('Control Point',(7.85353842504,-1.85622005408,-66.6113314434)) ;
#5027=CARTESIAN_POINT('Control Point',(8.06914539796,-1.98225625332,-66.676681965)) ;
#5028=CARTESIAN_POINT('Control Point',(8.28449695023,-2.10885165411,-66.7410126173)) ;
#5029=CARTESIAN_POINT('Control Point',(8.49961370741,-2.23596138409,-66.8043044445)) ;
#5030=CARTESIAN_POINT('Control Point',(8.7145160575,-2.36354107182,-66.8665444091)) ;
#5031=CARTESIAN_POINT('Control Point',(8.92922371314,-2.49154779773,-66.9277246253)) ;
#5032=CARTESIAN_POINT('Control Point',(7.9021151466,-1.62380766864,-66.0137586649)) ;
#5033=CARTESIAN_POINT('Control Point',(8.12137992655,-1.74337973829,-66.0791640048)) ;
#5034=CARTESIAN_POINT('Control Point',(8.34040771899,-1.86351708523,-66.1435372468)) ;
#5035=CARTESIAN_POINT('Control Point',(8.55921791447,-1.98417359818,-66.206859948)) ;
#5036=CARTESIAN_POINT('Control Point',(8.77782964652,-2.10530376624,-66.2691196685)) ;
#5037=CARTESIAN_POINT('Control Point',(8.99626138495,-2.22686364726,-66.33030916)) ;
#5038=CARTESIAN_POINT('Control Point',(7.98126744024,-1.15371684966,-64.8127170519)) ;
#5039=CARTESIAN_POINT('Control Point',(8.2074404129,-1.25994274024,-64.8780862376)) ;
#5040=CARTESIAN_POINT('Control Point',(8.4334115982,-1.36674530928,-64.9424142835)) ;
#5041=CARTESIAN_POINT('Control Point',(8.65919762157,-1.47407696366,-65.0056832206)) ;
#5042=CARTESIAN_POINT('Control Point',(8.88481486922,-1.58189079811,-65.06788112)) ;
#5043=CARTESIAN_POINT('Control Point',(9.11027914386,-1.69014158263,-65.1290012542)) ;
#5044=CARTESIAN_POINT('Control Point',(8.02997207344,-0.674705337749,-63.5966943113)) ;
#5045=CARTESIAN_POINT('Control Point',(8.26222646789,-0.766611951688,-63.660655382)) ;
#5046=CARTESIAN_POINT('Control Point',(8.49431972586,-0.859085864115,-63.7236272167)) ;
#5047=CARTESIAN_POINT('Control Point',(8.72626461343,-0.9520818504,-63.7855923244)) ;
#5048=CARTESIAN_POINT('Control Point',(8.95807374338,-1.04555524561,-63.8465387396)) ;
#5049=CARTESIAN_POINT('Control Point',(9.18975931638,-1.13946286211,-63.9064592994)) ;
#5050=CARTESIAN_POINT('Control Point',(8.04806656262,-0.433476294755,-62.9840269266)) ;
#5051=CARTESIAN_POINT('Control Point',(8.28309291165,-0.517979466009,-63.0468177236)) ;
#5052=CARTESIAN_POINT('Control Point',(8.51797903701,-0.603037711552,-63.1086646971)) ;
#5053=CARTESIAN_POINT('Control Point',(8.75273568289,-0.688608217441,-63.1695506757)) ;
#5054=CARTESIAN_POINT('Control Point',(8.98737348759,-0.774648611182,-63.2294635983)) ;
#5055=CARTESIAN_POINT('Control Point',(9.22190276861,-0.861117816713,-63.2883958843)) ;
#5056=CARTESIAN_POINT('Control Point',(8.07221218874,0.050793134818,-61.7550048742)) ;
#5057=CARTESIAN_POINT('Control Point',(8.31189496167,-0.0196471251832,-61.8174246277)) ;
#5058=CARTESIAN_POINT('Control Point',(8.55147056378,-0.090646049635,-61.878926762)) ;
#5059=CARTESIAN_POINT('Control Point',(8.79094708141,-0.1621616838,-61.9394937673)) ;
#5060=CARTESIAN_POINT('Control Point',(9.03033253538,-0.234152404216,-61.999113049)) ;
#5061=CARTESIAN_POINT('Control Point',(9.26963471814,-0.306577760564,-62.0577763579)) ;
#5062=CARTESIAN_POINT('Control Point',(8.05381188489,0.527587676174,-60.5498960635)) ;
#5063=CARTESIAN_POINT('Control Point',(8.2969187587,0.470426524838,-60.6147735727)) ;
#5064=CARTESIAN_POINT('Control Point',(8.5399466643,0.412666124224,-60.6786404498)) ;
#5065=CARTESIAN_POINT('Control Point',(8.7829020544,0.354354602423,-60.7414784198)) ;
#5066=CARTESIAN_POINT('Control Point',(9.02579129796,0.295539511657,-60.8032749833)) ;
#5067=CARTESIAN_POINT('Control Point',(9.26862054549,0.236266827735,-60.8640226605)) ;
#5068=CARTESIAN_POINT('Control Point',(8.0326604842,0.765251196105,-59.9492083056)) ;
#5069=CARTESIAN_POINT('Control Point',(8.27734914937,0.715251724888,-60.0144010655)) ;
#5070=CARTESIAN_POINT('Control Point',(8.5219770317,0.664646523994,-60.0785658727)) ;
#5071=CARTESIAN_POINT('Control Point',(8.76654913286,0.613484999826,-60.1416845501)) ;
#5072=CARTESIAN_POINT('Control Point',(9.01107038494,0.561815901424,-60.20374486)) ;
#5073=CARTESIAN_POINT('Control Point',(9.25554554632,0.509686291409,-60.2647396995)) ;
#5074=CARTESIAN_POINT('Control Point',(7.97058317403,1.23906888277,-58.7453981026)) ;
#5075=CARTESIAN_POINT('Control Point',(8.21794737151,1.20376312647,-58.8108421988)) ;
#5076=CARTESIAN_POINT('Control Point',(8.46528728746,1.16784450282,-58.8752428107)) ;
#5077=CARTESIAN_POINT('Control Point',(8.7126048885,1.13136359848,-58.93858181)) ;
#5078=CARTESIAN_POINT('Control Point',(8.95990211537,1.09437027748,-59.0008471459)) ;
#5079=CARTESIAN_POINT('Control Point',(9.20718084208,1.05691262674,-59.0620320022)) ;
#5080=CARTESIAN_POINT('Control Point',(7.87574344609,1.71020136264,-57.5325151927)) ;
#5081=CARTESIAN_POINT('Control Point',(8.12472247861,1.69031588759,-57.596709786)) ;
#5082=CARTESIAN_POINT('Control Point',(8.3737137513,1.66983531872,-57.6599097163)) ;
#5083=CARTESIAN_POINT('Control Point',(8.62271620541,1.64880710542,-57.7220971429)) ;
#5084=CARTESIAN_POINT('Control Point',(8.8717288,1.62727812838,-57.7832598307)) ;
#5085=CARTESIAN_POINT('Control Point',(9.12075053366,1.60529372615,-57.8433904198)) ;
#5086=CARTESIAN_POINT('Control Point',(7.82180877749,1.94500201602,-56.922756133)) ;
#5087=CARTESIAN_POINT('Control Point',(8.0712754308,1.93298207861,-56.9858372943)) ;
#5088=CARTESIAN_POINT('Control Point',(8.32077119719,1.92038394037,-57.047968641)) ;
#5089=CARTESIAN_POINT('Control Point',(8.57029375888,1.90725219268,-57.1091325939)) ;
#5090=CARTESIAN_POINT('Control Point',(8.81984082528,1.89363098932,-57.1693167694)) ;
#5091=CARTESIAN_POINT('Control Point',(9.06941017981,1.87956314453,-57.2285133429)) ;
#5092=CARTESIAN_POINT('Control Point',(7.71101264209,2.38068699483,-55.7834306732)) ;
#5093=CARTESIAN_POINT('Control Point',(7.96079309508,2.38254995538,-55.8458603792)) ;
#5094=CARTESIAN_POINT('Control Point',(8.21063267418,2.38384740728,-55.9073709836)) ;
#5095=CARTESIAN_POINT('Control Point',(8.46052696617,2.38462191531,-55.9679450305)) ;
#5096=CARTESIAN_POINT('Control Point',(8.71047159131,2.38491569835,-56.0275699886)) ;
#5097=CARTESIAN_POINT('Control Point',(8.96046229152,2.38476977593,-56.0862376775)) ;
#5098=CARTESIAN_POINT('Control Point',(7.56740728354,2.8031658266,-54.6553377496)) ;
#5099=CARTESIAN_POINT('Control Point',(7.81667224112,2.8179654052,-54.7196368641)) ;
#5100=CARTESIAN_POINT('Control Point',(8.06603117726,2.83217843699,-54.7829424413)) ;
#5101=CARTESIAN_POINT('Control Point',(8.31547667585,2.84585168409,-54.8452366756)) ;
#5102=CARTESIAN_POINT('Control Point',(8.56500140466,2.85903134967,-54.9065073489)) ;
#5103=CARTESIAN_POINT('Control Point',(8.81459826709,2.87176212011,-54.9667471048)) ;
#5104=CARTESIAN_POINT('Control Point',(7.49245228889,2.99610699944,-54.1335416568)) ;
#5105=CARTESIAN_POINT('Control Point',(7.741272319,3.01715064592,-54.1982591472)) ;
#5106=CARTESIAN_POINT('Control Point',(7.99020279582,3.03760419932,-54.2619644326)) ;
#5107=CARTESIAN_POINT('Control Point',(8.2392348284,3.0575153852,-54.3246396569)) ;
#5108=CARTESIAN_POINT('Control Point',(8.48835963888,3.07693130784,-54.3862727298)) ;
#5109=CARTESIAN_POINT('Control Point',(8.73756874552,3.09589746765,-54.4468565562)) ;
#5110=CARTESIAN_POINT('Control Point',(7.32770066493,3.37602549529,-53.0899817453)) ;
#5111=CARTESIAN_POINT('Control Point',(7.5752171961,3.40970987897,-53.1553458207)) ;
#5112=CARTESIAN_POINT('Control Point',(7.82287716899,3.44279998714,-53.2196688937)) ;
#5113=CARTESIAN_POINT('Control Point',(8.07066874544,3.47534483161,-53.2829329255)) ;
#5114=CARTESIAN_POINT('Control Point',(8.31858025719,3.50739272306,-53.3451259233)) ;
#5115=CARTESIAN_POINT('Control Point',(8.56660045179,3.53899025208,-53.4062411029)) ;
#5116=CARTESIAN_POINT('Control Point',(7.13807651366,3.7446536651,-52.0450400445)) ;
#5117=CARTESIAN_POINT('Control Point',(7.38339307637,3.79135973878,-52.1098972123)) ;
#5118=CARTESIAN_POINT('Control Point',(7.62888218629,3.83748532962,-52.1737340469)) ;
#5119=CARTESIAN_POINT('Control Point',(7.87452978386,3.88307752761,-52.2365324555)) ;
#5120=CARTESIAN_POINT('Control Point',(8.12032199645,3.92818280996,-52.2982802084)) ;
#5121=CARTESIAN_POINT('Control Point',(8.36624542982,3.97284606364,-52.3589701506)) ;
#5122=CARTESIAN_POINT('Control Point',(7.03824906482,3.92619924706,-51.5218941601)) ;
#5123=CARTESIAN_POINT('Control Point',(7.28224744656,3.97941835395,-51.5863163542)) ;
#5124=CARTESIAN_POINT('Control Point',(7.52643177406,4.0320673781,-51.6497367317)) ;
#5125=CARTESIAN_POINT('Control Point',(7.77078708437,4.08419188782,-51.7121372265)) ;
#5126=CARTESIAN_POINT('Control Point',(8.01529859891,4.13583690921,-51.7735054597)) ;
#5127=CARTESIAN_POINT('Control Point',(8.25995203255,4.18704598429,-51.8338339973)) ;
#5128=CARTESIAN_POINT('Control Point',(6.80863215648,4.32336855939,-50.361212385)) ;
#5129=CARTESIAN_POINT('Control Point',(7.04915030927,4.39096299194,-50.4239896848)) ;
#5130=CARTESIAN_POINT('Control Point',(7.28987811162,4.45802044904,-50.485835645)) ;
#5131=CARTESIAN_POINT('Control Point',(7.53079962581,4.52458157152,-50.5467324459)) ;
#5132=CARTESIAN_POINT('Control Point',(7.77189904757,4.59068667073,-50.6066673246)) ;
#5133=CARTESIAN_POINT('Control Point',(8.01316102984,4.65637490341,-50.6656319821)) ;
#5134=CARTESIAN_POINT('Control Point',(6.55565635403,4.70662694455,-49.1977039876)) ;
#5135=CARTESIAN_POINT('Control Point',(6.79198015262,4.78740819652,-49.2607916549)) ;
#5136=CARTESIAN_POINT('Control Point',(7.02854332828,4.86766426856,-49.3229344964)) ;
#5137=CARTESIAN_POINT('Control Point',(7.265327524,4.94743554174,-49.38411495)) ;
#5138=CARTESIAN_POINT('Control Point',(7.50231455532,5.02676200969,-49.4443206073)) ;
#5139=CARTESIAN_POINT('Control Point',(7.73948678148,5.10568246283,-49.503543586)) ;
#5140=CARTESIAN_POINT('Control Point',(6.40772293114,4.90927303842,-48.5641890754)) ;
#5141=CARTESIAN_POINT('Control Point',(6.64158639519,4.99695503732,-48.6281885304)) ;
#5142=CARTESIAN_POINT('Control Point',(6.87571013028,5.08410893363,-48.6912039299)) ;
#5143=CARTESIAN_POINT('Control Point',(7.11007356762,5.17077665567,-48.7532176997)) ;
#5144=CARTESIAN_POINT('Control Point',(7.34465637629,5.25699963263,-48.8142177504)) ;
#5145=CARTESIAN_POINT('Control Point',(7.57943888141,5.34281794231,-48.8741967694)) ;
#5146=CARTESIAN_POINT('Control Point',(6.05421584834,5.34554900446,-47.1481273183)) ;
#5147=CARTESIAN_POINT('Control Point',(6.28182917578,5.44893682798,-47.2135743351)) ;
#5148=CARTESIAN_POINT('Control Point',(6.50974971876,5.55179718823,-47.2779699433)) ;
#5149=CARTESIAN_POINT('Control Point',(6.73795186027,5.65417411599,-47.3412965236)) ;
#5150=CARTESIAN_POINT('Control Point',(6.96641038343,5.75611095155,-47.4035425592)) ;
#5151=CARTESIAN_POINT('Control Point',(7.19510099789,5.8576494384,-47.4647017659)) ;
#5152=CARTESIAN_POINT('Control Point',(5.65755221823,5.74967478794,-45.7224843082)) ;
#5153=CARTESIAN_POINT('Control Point',(5.87702428985,5.86920995134,-45.7871503092)) ;
#5154=CARTESIAN_POINT('Control Point',(6.09683751447,5.98824561589,-45.8508037341)) ;
#5155=CARTESIAN_POINT('Control Point',(6.31696427793,6.10682194894,-45.9134263653)) ;
#5156=CARTESIAN_POINT('Control Point',(6.53737731589,6.22497862945,-45.9750057876)) ;
#5157=CARTESIAN_POINT('Control Point',(6.75805028759,6.34275401158,-46.0355346217)) ;
#5158=CARTESIAN_POINT('Control Point',(5.42759731285,5.96495972405,-44.9267590834)) ;
#5159=CARTESIAN_POINT('Control Point',(5.64195952481,6.09338538783,-44.9903493062)) ;
#5160=CARTESIAN_POINT('Control Point',(5.85667548668,6.22133552822,-45.0529817714)) ;
#5161=CARTESIAN_POINT('Control Point',(6.07171794639,6.34884660156,-45.1146379198)) ;
#5162=CARTESIAN_POINT('Control Point',(6.28705988352,6.47595476355,-45.1753045396)) ;
#5163=CARTESIAN_POINT('Control Point',(6.50267507693,6.6026951107,-45.2349731273)) ;
#5164=CARTESIAN_POINT('Control Point',(5.02070542479,6.3235973494,-43.5543033808)) ;
#5165=CARTESIAN_POINT('Control Point',(5.22592826401,6.46621068521,-43.6169820339)) ;
#5166=CARTESIAN_POINT('Control Point',(5.43152278765,6.60838720722,-43.6787377094)) ;
#5167=CARTESIAN_POINT('Control Point',(5.63746109227,6.75015985338,-43.7395526237)) ;
#5168=CARTESIAN_POINT('Control Point',(5.84371548251,6.89156130322,-43.7994139794)) ;
#5169=CARTESIAN_POINT('Control Point',(6.05025903705,7.03262331069,-43.8583133872)) ;
#5170=CARTESIAN_POINT('Control Point',(4.57927745015,6.64648613629,-42.1727363416)) ;
#5171=CARTESIAN_POINT('Control Point',(4.77472007144,6.80197491726,-42.2369898901)) ;
#5172=CARTESIAN_POINT('Control Point',(4.97057365111,6.95704143788,-42.3002401641)) ;
#5173=CARTESIAN_POINT('Control Point',(5.16680499504,7.11171992983,-42.3624700411)) ;
#5174=CARTESIAN_POINT('Control Point',(5.3633813629,7.26604414741,-42.4236680119)) ;
#5175=CARTESIAN_POINT('Control Point',(5.56027113667,7.4200466785,-42.4838274228)) ;
#5176=CARTESIAN_POINT('Control Point',(4.38668748703,6.77446498046,-41.5899901414)) ;
#5177=CARTESIAN_POINT('Control Point',(4.57767223598,6.93541854294,-41.6545430279)) ;
#5178=CARTESIAN_POINT('Control Point',(4.76908383799,7.09595792339,-41.7180786635)) ;
#5179=CARTESIAN_POINT('Control Point',(4.96088741277,7.25611698404,-41.7805798375)) ;
#5180=CARTESIAN_POINT('Control Point',(5.15304858678,7.41592909434,-41.8420350924)) ;
#5181=CARTESIAN_POINT('Control Point',(5.34553419855,7.57542644582,-41.9024379304)) ;
#5182=CARTESIAN_POINT('Control Point',(3.99207372496,7.01416866183,-40.4263611271)) ;
#5183=CARTESIAN_POINT('Control Point',(4.17366165067,7.18583514661,-40.4913292032)) ;
#5184=CARTESIAN_POINT('Control Point',(4.35570732561,7.3571056691,-40.555264295)) ;
#5185=CARTESIAN_POINT('Control Point',(4.53817303935,7.52801275306,-40.6181487045)) ;
#5186=CARTESIAN_POINT('Control Point',(4.72102163204,7.69858845509,-40.6799706748)) ;
#5187=CARTESIAN_POINT('Control Point',(4.90421726916,7.86886369484,-40.7407235667)) ;
#5188=CARTESIAN_POINT('Control Point',(3.58287968316,7.22424535633,-39.2663074104)) ;
#5189=CARTESIAN_POINT('Control Point',(3.75409334543,7.40612758067,-39.3307995874)) ;
#5190=CARTESIAN_POINT('Control Point',(3.92578583291,7.58764166902,-39.3942912525)) ;
#5191=CARTESIAN_POINT('Control Point',(4.09791896722,7.76881684439,-39.4567639177)) ;
#5192=CARTESIAN_POINT('Control Point',(4.27045499856,7.94968201129,-39.5182048146)) ;
#5193=CARTESIAN_POINT('Control Point',(4.44335740403,8.13026514338,-39.5786061596)) ;
#5194=CARTESIAN_POINT('Control Point',(3.37572944231,7.32255909199,-38.6870078734)) ;
#5195=CARTESIAN_POINT('Control Point',(3.54156932359,7.50935137613,-38.7511368908)) ;
#5196=CARTESIAN_POINT('Control Point',(3.70789819913,7.69579017186,-38.8142952668)) ;
#5197=CARTESIAN_POINT('Control Point',(3.87467832344,7.88190266874,-38.8764638004)) ;
#5198=CARTESIAN_POINT('Control Point',(4.04187225076,8.06771584527,-38.9376288062)) ;
#5199=CARTESIAN_POINT('Control Point',(4.20944363628,8.25325589185,-38.9977814565)) ;
#5200=CARTESIAN_POINT('Control Point',(2.94835655746,7.51193895628,-37.5038646393)) ;
#5201=CARTESIAN_POINT('Control Point',(3.10286689572,7.70826142152,-37.5668966576)) ;
#5202=CARTESIAN_POINT('Control Point',(3.2578667754,7.90427180386,-37.628996696)) ;
#5203=CARTESIAN_POINT('Control Point',(3.41331926017,8.09999370789,-37.6901466016)) ;
#5204=CARTESIAN_POINT('Control Point',(3.56918768924,8.29545055498,-37.750333317)) ;
#5205=CARTESIAN_POINT('Control Point',(3.72543643562,8.49066510026,-37.8095482885)) ;
#5206=CARTESIAN_POINT('Control Point',(2.50554687011,7.67350053165,-36.3100776137)) ;
#5207=CARTESIAN_POINT('Control Point',(2.64859889654,7.87821664087,-36.3736174087)) ;
#5208=CARTESIAN_POINT('Control Point',(2.79215245611,8.08265180124,-36.4361716394)) ;
#5209=CARTESIAN_POINT('Control Point',(2.93616720084,8.28682872509,-36.4977240097)) ;
#5210=CARTESIAN_POINT('Control Point',(3.08060336213,8.49076978838,-36.5582636128)) ;
#5211=CARTESIAN_POINT('Control Point',(3.22542254241,8.69449658632,-36.6177841998)) ;
#5212=CARTESIAN_POINT('Control Point',(2.27547007668,7.74576871485,-35.700932491)) ;
#5213=CARTESIAN_POINT('Control Point',(2.41255691847,7.95455701006,-35.7650062759)) ;
#5214=CARTESIAN_POINT('Control Point',(2.55016243555,8.16307398908,-35.8280745811)) ;
#5215=CARTESIAN_POINT('Control Point',(2.68824439065,8.37134175688,-35.8901207479)) ;
#5216=CARTESIAN_POINT('Control Point',(2.82676117735,8.57938208796,-35.9511337138)) ;
#5217=CARTESIAN_POINT('Control Point',(2.96567265859,8.78721598684,-36.0111072402)) ;
#5218=CARTESIAN_POINT('Control Point',(1.81063039095,7.86944576844,-34.4869901115)) ;
#5219=CARTESIAN_POINT('Control Point',(1.93528874132,8.08606993907,-34.5517226282)) ;
#5220=CARTESIAN_POINT('Control Point',(2.06049494239,8.30244746755,-34.6154249803)) ;
#5221=CARTESIAN_POINT('Control Point',(2.18620382512,8.51859859032,-34.678079808)) ;
#5222=CARTESIAN_POINT('Control Point',(2.31237090055,8.73454324748,-34.7396756359)) ;
#5223=CARTESIAN_POINT('Control Point',(2.43895327846,8.95030066894,-34.8002060508)) ;
#5224=CARTESIAN_POINT('Control Point',(1.33956684027,7.95514670668,-33.2807743729)) ;
#5225=CARTESIAN_POINT('Control Point',(1.450976736,8.17877822914,-33.3454652341)) ;
#5226=CARTESIAN_POINT('Control Point',(1.56295621068,8.40219359145,-33.4091486873)) ;
#5227=CARTESIAN_POINT('Control Point',(1.67545975369,8.62540992864,-33.4718059373)) ;
#5228=CARTESIAN_POINT('Control Point',(1.78844235575,8.84844419772,-33.5334239995)) ;
#5229=CARTESIAN_POINT('Control Point',(1.90186046999,9.0713128139,-33.5939949531)) ;
#5230=CARTESIAN_POINT('Control Point',(1.10331933229,7.98938320527,-32.6792954222)) ;
#5231=CARTESIAN_POINT('Control Point',(1.2080273058,8.21624610271,-32.744038567)) ;
#5232=CARTESIAN_POINT('Control Point',(1.313320662,8.44290787175,-32.8077996483)) ;
#5233=CARTESIAN_POINT('Control Point',(1.41915431727,8.66938390807,-32.8705583429)) ;
#5234=CARTESIAN_POINT('Control Point',(1.52548347831,8.89568951192,-32.9323000397)) ;
#5235=CARTESIAN_POINT('Control Point',(1.63226462914,9.12183955154,-32.9930151751)) ;
#5236=CARTESIAN_POINT('Control Point',(0.629962911309,8.04402749717,-31.4771828102)) ;
#5237=CARTESIAN_POINT('Control Point',(0.720587816639,8.27687387563,-31.5404771139)) ;
#5238=CARTESIAN_POINT('Control Point',(0.811776208414,8.50956415006,-31.6028315203)) ;
#5239=CARTESIAN_POINT('Control Point',(0.903485325366,8.74211023632,-31.6642276723)) ;
#5240=CARTESIAN_POINT('Control Point',(0.995672731248,8.97452394981,-31.7246523924)) ;
#5241=CARTESIAN_POINT('Control Point',(1.08829719842,9.20681676206,-31.7840970773)) ;
#5242=CARTESIAN_POINT('Control Point',(0.148648934805,8.07035045968,-30.2595121727)) ;
#5243=CARTESIAN_POINT('Control Point',(0.225315921667,8.30801794845,-30.3225294616)) ;
#5244=CARTESIAN_POINT('Control Point',(0.302531911232,8.54556696233,-30.3845671143)) ;
#5245=CARTESIAN_POINT('Control Point',(0.380252368676,8.78300720738,-30.4456097885)) ;
#5246=CARTESIAN_POINT('Control Point',(0.458433472361,9.02034822393,-30.5056473958)) ;
#5247=CARTESIAN_POINT('Control Point',(0.537032961595,9.25759920378,-30.5646743699)) ;
#5248=CARTESIAN_POINT('Control Point',(-0.0933994974622,8.07315172333,-29.6495773139)) ;
#5249=CARTESIAN_POINT('Control Point',(-0.0235428570005,8.31293807859,-29.713297076)) ;
#5250=CARTESIAN_POINT('Control Point',(0.0468816892072,8.55261821811,-29.7760189768)) ;
#5251=CARTESIAN_POINT('Control Point',(0.117827901129,8.79220078868,-29.8377267719)) ;
#5252=CARTESIAN_POINT('Control Point',(0.189250246847,9.03169430565,-29.8984097068)) ;
#5253=CARTESIAN_POINT('Control Point',(0.26110480813,9.27110698274,-29.9580617561)) ;
#5254=CARTESIAN_POINT('Control Point',(-0.576618088926,8.05714196919,-28.431720564)) ;
#5255=CARTESIAN_POINT('Control Point',(-0.520872045737,8.30076801293,-28.4962542038)) ;
#5256=CARTESIAN_POINT('Control Point',(-0.464532959846,8.54431876642,-28.5597663223)) ;
#5257=CARTESIAN_POINT('Control Point',(-0.407649411843,8.787800307,-28.6222395612)) ;
#5258=CARTESIAN_POINT('Control Point',(-0.350269276653,9.03121863215,-28.6836623667)) ;
#5259=CARTESIAN_POINT('Control Point',(-0.292438736387,9.27457953351,-28.7440281896)) ;
#5260=CARTESIAN_POINT('Control Point',(-1.05481895292,8.0011353621,-27.2185070101)) ;
#5261=CARTESIAN_POINT('Control Point',(-1.013724684,8.24757886421,-27.2834013928)) ;
#5262=CARTESIAN_POINT('Control Point',(-0.972017546574,8.49398204479,-27.3472878179)) ;
#5263=CARTESIAN_POINT('Control Point',(-0.929746264872,8.74034799866,-27.4101470855)) ;
#5264=CARTESIAN_POINT('Control Point',(-0.886959064594,8.9866797984,-27.4719658492)) ;
#5265=CARTESIAN_POINT('Control Point',(-0.843702632236,9.23298042637,-27.5327358731)) ;
#5266=CARTESIAN_POINT('Control Point',(-1.29177439403,7.96390514874,-26.6132346647)) ;
#5267=CARTESIAN_POINT('Control Point',(-1.25801805033,8.21148049549,-26.6784096852)) ;
#5268=CARTESIAN_POINT('Control Point',(-1.22363294638,8.45903477917,-26.7425978987)) ;
#5269=CARTESIAN_POINT('Control Point',(-1.18866727105,8.7065695621,-26.805778253)) ;
#5270=CARTESIAN_POINT('Control Point',(-1.15316895517,8.9540863983,-26.8679355188)) ;
#5271=CARTESIAN_POINT('Control Point',(-1.11718459583,9.20158679971,-26.9290596238)) ;
#5272=CARTESIAN_POINT('Control Point',(-1.76157373568,7.87451534518,-25.4022812053)) ;
#5273=CARTESIAN_POINT('Control Point',(-1.74319941016,8.12370674447,-25.4660692435)) ;
#5274=CARTESIAN_POINT('Control Point',(-1.72423373126,8.37291482481,-25.528899324)) ;
#5275=CARTESIAN_POINT('Control Point',(-1.70472216483,8.62213838971,-25.5907530785)) ;
#5276=CARTESIAN_POINT('Control Point',(-1.68470977338,8.87137624051,-25.6516174789)) ;
#5277=CARTESIAN_POINT('Control Point',(-1.66424027549,9.12062720489,-25.7114841899)) ;
#5278=CARTESIAN_POINT('Control Point',(-2.22655946628,7.75855701614,-24.1825067839)) ;
#5279=CARTESIAN_POINT('Control Point',(-2.22331343874,8.00824841869,-24.2449840303)) ;
#5280=CARTESIAN_POINT('Control Point',(-2.21951937015,8.25798662964,-24.3064858807)) ;
#5281=CARTESIAN_POINT('Control Point',(-2.21522200978,8.50776787368,-24.3669980752)) ;
#5282=CARTESIAN_POINT('Control Point',(-2.21046529615,8.75758843505,-24.4265114775)) ;
#5283=CARTESIAN_POINT('Control Point',(-2.20529153705,9.00744472905,-24.485021335)) ;
#5284=CARTESIAN_POINT('Control Point',(-2.45674228367,7.69199543535,-23.5730623251)) ;
#5285=CARTESIAN_POINT('Control Point',(-2.4606804121,7.94168734508,-23.6358368542)) ;
#5286=CARTESIAN_POINT('Control Point',(-2.46406087883,8.19144183627,-23.6976320086)) ;
#5287=CARTESIAN_POINT('Control Point',(-2.46692887012,8.44125377614,-23.7584326571)) ;
#5288=CARTESIAN_POINT('Control Point',(-2.46932882695,8.69111812007,-23.8182288989)) ;
#5289=CARTESIAN_POINT('Control Point',(-2.47130359297,8.94103000735,-23.8770153287)) ;
#5290=CARTESIAN_POINT('Control Point',(-2.90950562761,7.54046015493,-22.3611430399)) ;
#5291=CARTESIAN_POINT('Control Point',(-2.92788893796,7.78964777125,-22.4242862145)) ;
#5292=CARTESIAN_POINT('Control Point',(-2.94570647671,8.03893136488,-22.4864351983)) ;
#5293=CARTESIAN_POINT('Control Point',(-2.96300424995,8.28830294846,-22.5475741194)) ;
#5294=CARTESIAN_POINT('Control Point',(-2.97982753569,8.53775467491,-22.6076925325)) ;
#5295=CARTESIAN_POINT('Control Point',(-2.99621999312,8.78727898835,-22.6667846602)) ;
#5296=CARTESIAN_POINT('Control Point',(-3.34565614838,7.35139015489,-21.1632309082)) ;
#5297=CARTESIAN_POINT('Control Point',(-3.37824030875,7.59907122911,-21.2274866342)) ;
#5298=CARTESIAN_POINT('Control Point',(-3.41023458837,7.84688883139,-21.2907388381)) ;
#5299=CARTESIAN_POINT('Control Point',(-3.44168600636,8.09483185848,-21.3529689288)) ;
#5300=CARTESIAN_POINT('Control Point',(-3.47264106225,8.34288934664,-21.4141640708)) ;
#5301=CARTESIAN_POINT('Control Point',(-3.5031447486,8.59105070057,-21.4743164433)) ;
#5302=CARTESIAN_POINT('Control Point',(-3.5591742928,7.24729721482,-20.5679333141)) ;
#5303=CARTESIAN_POINT('Control Point',(-3.59882943918,7.49397356707,-20.6328877921)) ;
#5304=CARTESIAN_POINT('Control Point',(-3.63788079315,7.74080903051,-20.6968364903)) ;
#5305=CARTESIAN_POINT('Control Point',(-3.67637579724,7.98779088658,-20.7597590994)) ;
#5306=CARTESIAN_POINT('Control Point',(-3.71436152006,8.2349065357,-20.8216412404)) ;
#5307=CARTESIAN_POINT('Control Point',(-3.75188361238,8.48214377262,-20.8824737443)) ;
#5308=CARTESIAN_POINT('Control Point',(-3.76830109169,7.13398656443,-19.9749222949)) ;
#5309=CARTESIAN_POINT('Control Point',(-3.8150241365,7.37939770586,-20.040664338)) ;
#5310=CARTESIAN_POINT('Control Point',(-3.8611307298,7.62499258461,-20.1053993576)) ;
#5311=CARTESIAN_POINT('Control Point',(-3.90666860989,7.8707568538,-20.1691052732)) ;
#5312=CARTESIAN_POINT('Control Point',(-3.95168529615,8.11667624236,-20.2317660972)) ;
#5313=CARTESIAN_POINT('Control Point',(-3.9962269912,8.36273688248,-20.2933712434)) ;
#5314=CARTESIAN_POINT('Control Point',(-3.97364828371,7.01181903037,-19.382202551)) ;
#5315=CARTESIAN_POINT('Control Point',(-4.0274776413,7.25569988864,-19.4487205093)) ;
#5316=CARTESIAN_POINT('Control Point',(-4.08068300486,7.49978915402,-19.5142266834)) ;
#5317=CARTESIAN_POINT('Control Point',(-4.13331238717,7.74407079078,-19.5786976525)) ;
#5318=CARTESIAN_POINT('Control Point',(-4.1854136858,7.98852880165,-19.6421162458)) ;
#5319=CARTESIAN_POINT('Control Point',(-4.23703354297,8.23314760865,-19.7044708654)) ;
#5321=CARTESIAN_POINT('Control Point',(6.97328918927,-6.07747807234,-76.)) ;
#5322=CARTESIAN_POINT('Control Point',(6.71114349946,-5.76619881412,-76.0000000002)) ;
#5323=CARTESIAN_POINT('Control Point',(6.45197300946,-5.45394180142,-76.)) ;
#5324=CARTESIAN_POINT('Control Point',(6.19608642284,-5.1407714356,-76.)) ;
#5325=CARTESIAN_POINT('Vertex',(6.97328910651,-6.07747801617,-76.)) ;
#5329=CARTESIAN_POINT('Control Point',(2.65466562214,8.86088316335,-35.3162666865)) ;
#5330=CARTESIAN_POINT('Control Point',(2.93304174083,8.77748340526,-35.956290107)) ;
#5331=CARTESIAN_POINT('Control Point',(3.20829325456,8.68310663638,-36.5974563425)) ;
#5332=CARTESIAN_POINT('Control Point',(3.47995631505,8.57783920738,-37.240505853)) ;
#5333=CARTESIAN_POINT('Control Point',(4.01437266863,8.3462110194,-38.5256864339)) ;
#5334=CARTESIAN_POINT('Control Point',(4.52916297966,8.07320737208,-39.8078701362)) ;
#5335=CARTESIAN_POINT('Control Point',(4.77944912014,7.9276194689,-40.4437083183)) ;
#5336=CARTESIAN_POINT('Control Point',(5.14857696025,7.69297697908,-41.4045659741)) ;
#5337=CARTESIAN_POINT('Control Point',(5.50266849455,7.43739118818,-42.3656322916)) ;
#5338=CARTESIAN_POINT('Control Point',(5.61872737312,7.35010222149,-42.6853968136)) ;
#5339=CARTESIAN_POINT('Control Point',(5.79563755194,7.21153347827,-43.1805631458)) ;
#5340=CARTESIAN_POINT('Control Point',(5.96812568311,7.06777615746,-43.6757441874)) ;
#5341=CARTESIAN_POINT('Control Point',(6.00200341409,7.03902997891,-43.7737450145)) ;
#5342=CARTESIAN_POINT('Control Point',(6.28209706251,6.79706640904,-44.5901716928)) ;
#5343=CARTESIAN_POINT('Control Point',(6.5504043065,6.54079717748,-45.4076530861)) ;
#5344=CARTESIAN_POINT('Control Point',(6.75170637437,6.33279182614,-46.0439426934)) ;
#5345=CARTESIAN_POINT('Control Point',(6.99507996784,6.06063216736,-46.8459675865)) ;
#5346=CARTESIAN_POINT('Control Point',(7.22356352344,5.7784745691,-47.6444090876)) ;
#5347=CARTESIAN_POINT('Control Point',(7.26480331549,5.7265387479,-47.7902711366)) ;
#5348=CARTESIAN_POINT('Control Point',(7.44394019126,5.49647164765,-48.4317688532)) ;
#5349=CARTESIAN_POINT('Control Point',(7.61369213738,5.25977981702,-49.0731314724)) ;
#5350=CARTESIAN_POINT('Control Point',(7.73571588822,5.07868967675,-49.5545701805)) ;
#5351=CARTESIAN_POINT('Control Point',(7.87301427907,4.86128452566,-50.1220183597)) ;
#5352=CARTESIAN_POINT('Control Point',(8.00302715972,4.63855922147,-50.6910750816)) ;
#5353=CARTESIAN_POINT('Control Point',(8.01847606457,4.61180217182,-50.7592422308)) ;
#5354=CARTESIAN_POINT('Control Point',(8.05555341081,4.54687315771,-50.9241802626)) ;
#5355=CARTESIAN_POINT('Control Point',(8.09198743115,4.48154635337,-51.089126681)) ;
#5356=CARTESIAN_POINT('Control Point',(8.10969741167,4.44941872446,-51.170008684)) ;
#5357=CARTESIAN_POINT('Control Point',(8.26783708755,4.15914272407,-51.8986584568)) ;
#5358=CARTESIAN_POINT('Control Point',(8.41309933411,3.86163175899,-52.626547765)) ;
#5359=CARTESIAN_POINT('Control Point',(8.53070213781,3.59417780726,-53.2674699613)) ;
#5360=CARTESIAN_POINT('Control Point',(8.67786780363,3.22026117568,-54.1499066618)) ;
#5361=CARTESIAN_POINT('Control Point',(8.80425056215,2.83997566772,-55.0323853563)) ;
#5362=CARTESIAN_POINT('Control Point',(8.83707407101,2.73613046234,-55.2723741982)) ;
#5363=CARTESIAN_POINT('Control Point',(8.87851409677,2.597992912,-55.5904014396)) ;
#5364=CARTESIAN_POINT('Control Point',(8.91731353026,2.45883956669,-55.9092057933)) ;
#5365=CARTESIAN_POINT('Control Point',(8.92801832813,2.41968289297,-55.998803232)) ;
#5366=CARTESIAN_POINT('Control Point',(8.9748925137,2.24474623545,-56.3985929221)) ;
#5367=CARTESIAN_POINT('Control Point',(9.01767023983,2.06792946279,-56.8002090448)) ;
#5368=CARTESIAN_POINT('Control Point',(9.04931265663,1.92476242101,-57.1236711278)) ;
#5369=CARTESIAN_POINT('Control Point',(9.15022176538,1.42092922853,-58.2562975)) ;
#5370=CARTESIAN_POINT('Control Point',(9.21585655965,0.912015644588,-59.3827853334)) ;
#5371=CARTESIAN_POINT('Control Point',(9.24414569836,0.550814026964,-60.1764286221)) ;
#5372=CARTESIAN_POINT('Control Point',(9.25751335903,0.113983049573,-61.1373030013)) ;
#5373=CARTESIAN_POINT('Control Point',(9.24472570018,-0.325884832394,-62.1083952023)) ;
#5374=CARTESIAN_POINT('Control Point',(9.24237114795,-0.387033633477,-62.2434916489)) ;
#5375=CARTESIAN_POINT('Control Point',(9.23167311,-0.609660837115,-62.7355923515)) ;
#5376=CARTESIAN_POINT('Control Point',(9.21419049842,-0.832951604805,-63.2299475801)) ;
#5377=CARTESIAN_POINT('Control Point',(9.19974363393,-0.979705119041,-63.5551562682)) ;
#5378=CARTESIAN_POINT('Control Point',(9.14761097203,-1.41915957861,-64.530265752)) ;
#5379=CARTESIAN_POINT('Control Point',(9.06964538595,-1.85291656081,-65.4983194112)) ;
#5380=CARTESIAN_POINT('Control Point',(9.00703431344,-2.13581740097,-66.1337757683)) ;
#5381=CARTESIAN_POINT('Control Point',(8.92434692463,-2.45145662845,-66.8505330845)) ;
#5382=CARTESIAN_POINT('Control Point',(8.82754541967,-2.76386019018,-67.5711353108)) ;
#5383=CARTESIAN_POINT('Control Point',(8.81661413921,-2.79853520957,-67.651261143)) ;
#5384=CARTESIAN_POINT('Control Point',(8.79483547257,-2.86645327294,-67.8084910295)) ;
#5385=CARTESIAN_POINT('Control Point',(8.77236766123,-2.93426377864,-67.9660469594)) ;
#5386=CARTESIAN_POINT('Control Point',(8.75888296199,-2.97427521694,-68.0591958156)) ;
#5387=CARTESIAN_POINT('Control Point',(8.7238282572,-3.07655374343,-68.2977900924)) ;
#5388=CARTESIAN_POINT('Control Point',(8.68710559146,-3.17880381177,-68.537679396)) ;
#5389=CARTESIAN_POINT('Control Point',(8.66155108074,-3.2477950651,-68.7001507744)) ;
#5390=CARTESIAN_POINT('Control Point',(8.58269729445,-3.45433627965,-69.1883700821)) ;
#5391=CARTESIAN_POINT('Control Point',(8.49741495037,-3.65913838353,-69.6779807309)) ;
#5392=CARTESIAN_POINT('Control Point',(8.43783153084,-3.79450239459,-70.0040835623)) ;
#5393=CARTESIAN_POINT('Control Point',(8.25099744751,-4.1969503075,-70.981511571)) ;
#5394=CARTESIAN_POINT('Control Point',(8.04185186365,-4.58478700236,-71.9490215967)) ;
#5395=CARTESIAN_POINT('Control Point',(7.89527505532,-4.83243384306,-72.5798854062)) ;
#5396=CARTESIAN_POINT('Control Point',(7.71963062461,-5.10500286096,-73.2920072478)) ;
#5397=CARTESIAN_POINT('Control Point',(7.53089789605,-5.37120957378,-74.0114846698)) ;
#5398=CARTESIAN_POINT('Control Point',(7.50603027547,-5.4059069367,-74.1056393832)) ;
#5399=CARTESIAN_POINT('Control Point',(7.46420142392,-5.46364226683,-74.2629587795)) ;
#5400=CARTESIAN_POINT('Control Point',(7.42165225411,-5.52119438097,-74.4209965028)) ;
#5401=CARTESIAN_POINT('Control Point',(7.3997230209,-5.5505511042,-74.5019285113)) ;
#5402=CARTESIAN_POINT('Control Point',(7.30524723541,-5.67572602256,-74.8483794403)) ;
#5403=CARTESIAN_POINT('Control Point',(7.20757606854,-5.79959553379,-75.1970487252)) ;
#5404=CARTESIAN_POINT('Control Point',(7.13103327988,-5.89346295297,-75.4647273434)) ;
#5405=CARTESIAN_POINT('Control Point',(7.05289672469,-5.98613637978,-75.7325019447)) ;
#5406=CARTESIAN_POINT('Control Point',(6.9732893525,-6.07747788506,-75.9999994515)) ;
#5424=CARTESIAN_POINT('Axis2P3D Location',(0.,0.,-76.)) ;
#5428=CARTESIAN_POINT('Vertex',(4.57000145116,-2.02856765636,-76.)) ;
#5431=CARTESIAN_POINT('Line Origine',(6.79741175693,-2.02856765636,-76.)) ;
#5435=CARTESIAN_POINT('Vertex',(9.02482206271,-2.02856765636,-76.)) ;
#5438=CARTESIAN_POINT('Axis2P3D Location',(0.,0.,-76.)) ;
#5453=CARTESIAN_POINT('Axis2P3D Location',(0.,0.,-80.5)) ;
#5457=CARTESIAN_POINT('Vertex',(4.57000145116,-2.02856765636,-80.5)) ;
#5459=CARTESIAN_POINT('Vertex',(4.20578583394,2.70395368286,-80.5)) ;
#5462=CARTESIAN_POINT('Line Origine',(4.57000145116,-2.02856765636,-83.5632786512)) ;
#5468=CARTESIAN_POINT('Control Point',(4.20578583394,2.70395368286,-80.5)) ;
#5469=CARTESIAN_POINT('Control Point',(4.17565608421,2.75081812266,-80.4433194022)) ;
#5470=CARTESIAN_POINT('Control Point',(4.14476771001,2.79714224443,-80.3866965355)) ;
#5471=CARTESIAN_POINT('Control Point',(4.11308873546,2.84297398058,-80.3300158774)) ;
#5482=CARTESIAN_POINT('Control Point',(4.28556150312,2.41770054737,-80.8119509719)) ;
#5483=CARTESIAN_POINT('Control Point',(5.08863709624,2.75159501619,-80.7390972851)) ;
#5484=CARTESIAN_POINT('Control Point',(5.89222004333,3.08392841936,-80.672045422)) ;
#5485=CARTESIAN_POINT('Control Point',(6.6963898991,3.41445605035,-80.6102003825)) ;
#5486=CARTESIAN_POINT('Control Point',(7.50117960923,3.74307658461,-80.5530114657)) ;
#5487=CARTESIAN_POINT('Control Point',(8.30660086671,4.06975407407,-80.5000022729)) ;
#5488=CARTESIAN_POINT('Control Point',(4.24149181128,2.53315860784,-80.6821260732)) ;
#5489=CARTESIAN_POINT('Control Point',(5.04243957344,2.87217093879,-80.6092696534)) ;
#5490=CARTESIAN_POINT('Control Point',(5.84390476676,3.20962500752,-80.5422160268)) ;
#5491=CARTESIAN_POINT('Control Point',(6.64596850321,3.54527662562,-80.480369965)) ;
#5492=CARTESIAN_POINT('Control Point',(7.44866435971,3.8790247269,-80.4231805975)) ;
#5493=CARTESIAN_POINT('Control Point',(8.25200424353,4.21083348644,-80.3701714002)) ;
#5494=CARTESIAN_POINT('Control Point',(4.19580749803,2.64801942763,-80.5523101595)) ;
#5495=CARTESIAN_POINT('Control Point',(4.99458661399,2.99213294683,-80.4794500342)) ;
#5496=CARTESIAN_POINT('Control Point',(5.79389330184,3.33469084578,-80.4123939649)) ;
#5497=CARTESIAN_POINT('Control Point',(6.59381022142,3.67544947999,-80.350546414)) ;
#5498=CARTESIAN_POINT('Control Point',(7.39437156959,4.01430807178,-80.2933562834)) ;
#5499=CARTESIAN_POINT('Control Point',(8.19558945824,4.35123094507,-80.2403468808)) ;
#5500=CARTESIAN_POINT('Control Point',(4.1485158134,2.76226920454,-80.4224950679)) ;
#5501=CARTESIAN_POINT('Control Point',(4.94508544272,3.11146740382,-80.3496301925)) ;
#5502=CARTESIAN_POINT('Control Point',(5.74219286108,3.4591124509,-80.2825709358)) ;
#5503=CARTESIAN_POINT('Control Point',(6.53992226678,3.80496126871,-80.2207213714)) ;
#5504=CARTESIAN_POINT('Control Point',(7.33830846478,4.14891339668,-80.1635301145)) ;
#5505=CARTESIAN_POINT('Control Point',(8.13736376117,4.49093333253,-80.1105202616)) ;
#5506=CARTESIAN_POINT('Control Point',(4.05073132131,2.9895246116,-80.1628512911)) ;
#5507=CARTESIAN_POINT('Control Point',(4.84280016085,3.34885959069,-80.0899748923)) ;
#5508=CARTESIAN_POINT('Control Point',(5.63542739631,3.70664599896,-80.0229078351)) ;
#5509=CARTESIAN_POINT('Control Point',(6.42870028597,4.06264193202,-79.9610532659)) ;
#5510=CARTESIAN_POINT('Control Point',(7.22265482788,4.41674761339,-79.9038591128)) ;
#5511=CARTESIAN_POINT('Control Point',(8.01730369565,4.7689279331,-79.8508479651)) ;
#5512=CARTESIAN_POINT('Control Point',(3.94656970137,3.21425930492,-79.9031581398)) ;
#5513=CARTESIAN_POINT('Control Point',(4.73397365897,3.58366675667,-79.8302671191)) ;
#5514=CARTESIAN_POINT('Control Point',(5.52195698504,3.95152952427,-79.7631903313)) ;
#5515=CARTESIAN_POINT('Control Point',(6.31060997307,4.317606925,-79.7013297314)) ;
#5516=CARTESIAN_POINT('Control Point',(7.09996977434,4.68179994276,-79.6441323495)) ;
#5517=CARTESIAN_POINT('Control Point',(7.89004939202,5.04407393266,-79.5911201073)) ;
#5518=CARTESIAN_POINT('Control Point',(3.89279896409,3.32624507553,-79.7730034078)) ;
#5519=CARTESIAN_POINT('Control Point',(4.67786507441,3.70058285438,-79.7002193372)) ;
#5520=CARTESIAN_POINT('Control Point',(5.4634274453,4.07361378877,-79.6329724546)) ;
#5521=CARTESIAN_POINT('Control Point',(6.24977494314,4.44460134426,-79.5712527689)) ;
#5522=CARTESIAN_POINT('Control Point',(7.03680162145,4.81380880635,-79.5140732719)) ;
#5523=CARTESIAN_POINT('Control Point',(7.82456088332,5.181100406,-79.4610783869)) ;
#5524=CARTESIAN_POINT('Control Point',(3.77958142897,3.55376948946,-79.5069523022)) ;
#5525=CARTESIAN_POINT('Control Point',(4.55961659688,3.93856648484,-79.4339162456)) ;
#5526=CARTESIAN_POINT('Control Point',(5.34036229089,4.32157532118,-79.3669979067)) ;
#5527=CARTESIAN_POINT('Control Point',(6.12170593517,4.70307993817,-79.3049772863)) ;
#5528=CARTESIAN_POINT('Control Point',(6.90383767527,5.08260146661,-79.2477562986)) ;
#5529=CARTESIAN_POINT('Control Point',(7.68672860399,5.46021276775,-79.1947262801)) ;
#5530=CARTESIAN_POINT('Control Point',(3.65928699629,3.77965643565,-79.2395874148)) ;
#5531=CARTESIAN_POINT('Control Point',(4.43426680277,4.17446787311,-79.1667859106)) ;
#5532=CARTESIAN_POINT('Control Point',(5.20977692143,4.56800414318,-79.0995046208)) ;
#5533=CARTESIAN_POINT('Control Point',(5.98613386993,4.95947721542,-79.0377945453)) ;
#5534=CARTESIAN_POINT('Control Point',(6.76321839708,5.34919132054,-78.9806192018)) ;
#5535=CARTESIAN_POINT('Control Point',(7.54108888003,5.73700072338,-78.9276345681)) ;
#5536=CARTESIAN_POINT('Control Point',(3.59591071426,3.89596854811,-79.1014037845)) ;
#5537=CARTESIAN_POINT('Control Point',(4.36861678057,4.29568045932,-79.0290957469)) ;
#5538=CARTESIAN_POINT('Control Point',(5.14111123784,4.69510796916,-78.9610799444)) ;
#5539=CARTESIAN_POINT('Control Point',(5.91500898949,5.09122267444,-78.9000405605)) ;
#5540=CARTESIAN_POINT('Control Point',(6.68949501605,5.486101831,-78.842962455)) ;
#5541=CARTESIAN_POINT('Control Point',(7.46478050686,5.87907977202,-78.7900683163)) ;
#5542=CARTESIAN_POINT('Control Point',(3.53158738986,4.011905535,-78.963312266)) ;
#5543=CARTESIAN_POINT('Control Point',(4.30227156177,4.41669132387,-78.8913978417)) ;
#5544=CARTESIAN_POINT('Control Point',(5.07164058651,4.82190378474,-78.822784775)) ;
#5545=CARTESIAN_POINT('Control Point',(5.84299406107,5.22263154421,-78.7623457434)) ;
#5546=CARTESIAN_POINT('Control Point',(6.61486336536,5.6226647916,-78.70536432)) ;
#5547=CARTESIAN_POINT('Control Point',(7.38754553897,6.0208006302,-78.6525600197)) ;
#5548=CARTESIAN_POINT('Control Point',(3.46648776656,4.12777697686,-78.8251065563)) ;
#5549=CARTESIAN_POINT('Control Point',(4.23542701944,4.53775684502,-78.7535667275)) ;
#5550=CARTESIAN_POINT('Control Point',(5.00153743177,4.94873792591,-78.6843930035)) ;
#5551=CARTESIAN_POINT('Control Point',(5.7702968368,5.35397815006,-78.624573983)) ;
#5552=CARTESIAN_POINT('Control Point',(6.53954247379,5.75914662113,-78.567703107)) ;
#5553=CARTESIAN_POINT('Control Point',(7.30961418942,6.16242199672,-78.5150010345)) ;
#5555=CARTESIAN_POINT('Control Point',(8.30660005413,4.06975374449,-80.5000023264)) ;
#5556=CARTESIAN_POINT('Control Point',(7.96604143776,4.76485334971,-79.8413083433)) ;
#5557=CARTESIAN_POINT('Control Point',(7.53811533909,5.41809703033,-79.1849149123)) ;
#5558=CARTESIAN_POINT('Control Point',(7.02759005314,6.01460539395,-78.5345308195)) ;
#5559=CARTESIAN_POINT('Vertex',(8.30659991089,4.06975654391,-80.5)) ;
#5563=CARTESIAN_POINT('Control Point',(8.30659991089,4.06975654391,-80.5)) ;
#5564=CARTESIAN_POINT('Control Point',(6.93524742677,3.6239525945,-80.5)) ;
#5565=CARTESIAN_POINT('Control Point',(5.56752525084,3.16960730471,-80.5)) ;
#5566=CARTESIAN_POINT('Control Point',(4.20578583394,2.70395368286,-80.5)) ;
#5576=CARTESIAN_POINT('Axis2P3D Location',(0.,0.,-80.5)) ;
#5580=CARTESIAN_POINT('Vertex',(9.02482206271,-2.02856765636,-80.5)) ;
#5583=CARTESIAN_POINT('Line Origine',(9.02482206271,-2.02856765636,-53.5057611062)) ;
#5598=CARTESIAN_POINT('Axis2P3D Location',(8.96913848032,-2.02856765636,-84.0773923242)) ;
#5603=CARTESIAN_POINT('Line Origine',(6.79741175693,-2.02856765636,-80.5)) ;
#5622=CARTESIAN_POINT('Control Point',(6.16829151935,0.8791974599,-80.5)) ;
#5623=CARTESIAN_POINT('Control Point',(6.13341255789,1.03506730804,-80.5)) ;
#5624=CARTESIAN_POINT('Control Point',(6.12341199545,1.19650345167,-80.5)) ;
#5625=CARTESIAN_POINT('Control Point',(6.13943063374,1.35822269536,-80.5)) ;
#5626=CARTESIAN_POINT('Control Point',(6.22255909291,1.67214322324,-80.5)) ;
#5627=CARTESIAN_POINT('Control Point',(6.39913967284,1.94475194201,-80.5)) ;
#5628=CARTESIAN_POINT('Control Point',(6.50911510801,2.06619858596,-80.5)) ;
#5629=CARTESIAN_POINT('Control Point',(6.76385814534,2.26958512625,-80.5)) ;
#5630=CARTESIAN_POINT('Control Point',(7.06933547704,2.3833285245,-80.5)) ;
#5631=CARTESIAN_POINT('Control Point',(7.22996464313,2.4150389688,-80.5)) ;
#5632=CARTESIAN_POINT('Control Point',(7.55538769023,2.42573078484,-80.5)) ;
#5633=CARTESIAN_POINT('Control Point',(7.86773145871,2.33383770261,-80.5)) ;
#5634=CARTESIAN_POINT('Control Point',(8.01501800223,2.26295526011,-80.5)) ;
#5635=CARTESIAN_POINT('Control Point',(8.2682233246,2.08553997973,-80.5)) ;
#5636=CARTESIAN_POINT('Control Point',(8.45627084694,1.84106248838,-80.5)) ;
#5637=CARTESIAN_POINT('Control Point',(8.52784235944,1.7129697195,-80.5)) ;
#5638=CARTESIAN_POINT('Control Point',(8.57983364855,1.57637630414,-80.5)) ;
#5639=CARTESIAN_POINT('Control Point',(8.61142094955,1.4352164873,-80.5)) ;
#5640=CARTESIAN_POINT('Vertex',(6.16829151935,0.87919745991,-80.5)) ;
#5642=CARTESIAN_POINT('Vertex',(8.61142094955,1.43521648731,-80.5)) ;
#5646=CARTESIAN_POINT('Control Point',(8.61142094955,1.43521648731,-80.5)) ;
#5647=CARTESIAN_POINT('Control Point',(8.64629991101,1.27934663917,-80.5)) ;
#5648=CARTESIAN_POINT('Control Point',(8.65630047345,1.11791049555,-80.5)) ;
#5649=CARTESIAN_POINT('Control Point',(8.64028183516,0.956191251844,-80.5)) ;
#5650=CARTESIAN_POINT('Control Point',(8.55715337598,0.642270723972,-80.5)) ;
#5651=CARTESIAN_POINT('Control Point',(8.38057279605,0.369662005202,-80.5)) ;
#5652=CARTESIAN_POINT('Control Point',(8.27059736089,0.248215361255,-80.5)) ;
#5653=CARTESIAN_POINT('Control Point',(8.01585432356,0.0448288209712,-80.5)) ;
#5654=CARTESIAN_POINT('Control Point',(7.71037699185,-0.0689145772784,-80.5)) ;
#5655=CARTESIAN_POINT('Control Point',(7.54974782576,-0.100625021579,-80.5)) ;
#5656=CARTESIAN_POINT('Control Point',(7.22432477867,-0.111316837623,-80.5)) ;
#5657=CARTESIAN_POINT('Control Point',(6.91198101019,-0.0194237553854,-80.5)) ;
#5658=CARTESIAN_POINT('Control Point',(6.76469446666,0.0514586871076,-80.5)) ;
#5659=CARTESIAN_POINT('Control Point',(6.5114891443,0.228873967494,-80.5)) ;
#5660=CARTESIAN_POINT('Control Point',(6.32344162196,0.473351458845,-80.5)) ;
#5661=CARTESIAN_POINT('Control Point',(6.25187010946,0.601444227715,-80.5)) ;
#5662=CARTESIAN_POINT('Control Point',(6.19987882035,0.738037643076,-80.5)) ;
#5663=CARTESIAN_POINT('Control Point',(6.16829151934,0.879197459919,-80.5)) ;
#5670=CARTESIAN_POINT('Axis2P3D Location',(7.21914289409,0.940266680558,-77.3007404131)) ;
#5676=CARTESIAN_POINT('Control Point',(8.10449842909,0.791025940096,-71.)) ;
#5677=CARTESIAN_POINT('Control Point',(8.1745355459,0.478038560148,-71.)) ;
#5678=CARTESIAN_POINT('Control Point',(8.14426152231,0.142604591746,-71.0000001584)) ;
#5679=CARTESIAN_POINT('Control Point',(8.00400126718,-0.172049847948,-71.0000002296)) ;
#5680=CARTESIAN_POINT('Control Point',(7.6605198552,-0.542918207281,-70.9999998848)) ;
#5681=CARTESIAN_POINT('Control Point',(7.2034538433,-0.713105482142,-71.0000000578)) ;
#5682=CARTESIAN_POINT('Control Point',(7.0428245817,-0.744815478947,-71.0000000325)) ;
#5683=CARTESIAN_POINT('Control Point',(6.57096848541,-0.760318700852,-70.9999999383)) ;
#5684=CARTESIAN_POINT('Control Point',(6.12660488899,-0.56014119688,-71.0000001171)) ;
#5685=CARTESIAN_POINT('Control Point',(5.88553108383,-0.340399672801,-71.0000001435)) ;
#5686=CARTESIAN_POINT('Control Point',(5.72802296835,-0.0628615921338,-71.)) ;
#5687=CARTESIAN_POINT('Control Point',(5.66136899888,0.235006912707,-71.)) ;
#5688=CARTESIAN_POINT('Vertex',(8.10449842909,0.791025940096,-71.)) ;
#5690=CARTESIAN_POINT('Vertex',(5.66136899889,0.235006912679,-71.)) ;
#5693=CARTESIAN_POINT('Line Origine',(8.43625663417,1.21261995308,-77.2173267532)) ;
#5698=CARTESIAN_POINT('Line Origine',(6.00202915401,0.667913408034,-77.3841540729)) ;
#5710=CARTESIAN_POINT('Axis2P3D Location',(7.21914289409,0.940266680558,-77.3007404131)) ;
#5716=CARTESIAN_POINT('Control Point',(5.66136899889,0.235006912679,-71.)) ;
#5717=CARTESIAN_POINT('Control Point',(5.59133188207,0.547994292628,-71.)) ;
#5718=CARTESIAN_POINT('Control Point',(5.62160590566,0.883428261031,-70.9999998416)) ;
#5719=CARTESIAN_POINT('Control Point',(5.76186616078,1.19808270073,-70.9999997704)) ;
#5720=CARTESIAN_POINT('Control Point',(6.10534757276,1.56895106006,-71.0000001152)) ;
#5721=CARTESIAN_POINT('Control Point',(6.56241358466,1.73913833493,-70.9999999422)) ;
#5722=CARTESIAN_POINT('Control Point',(6.72304284626,1.77084833173,-70.9999999675)) ;
#5723=CARTESIAN_POINT('Control Point',(7.19489894256,1.78635155364,-71.0000000617)) ;
#5724=CARTESIAN_POINT('Control Point',(7.63926253898,1.58617404967,-70.9999998829)) ;
#5725=CARTESIAN_POINT('Control Point',(7.88033634414,1.36643252558,-70.9999998565)) ;
#5726=CARTESIAN_POINT('Control Point',(8.03784445962,1.08889444492,-71.)) ;
#5727=CARTESIAN_POINT('Control Point',(8.10449842909,0.791025940077,-71.)) ;
#5743=CARTESIAN_POINT('Axis2P3D Location',(0.,0.,0.)) ;
#5749=CARTESIAN_POINT('Axis2P3D Location',(0.,0.,0.)) ;
#5753=CARTESIAN_POINT('Axis2P3D Location',(0.,0.,-87.)) ;
#5757=CARTESIAN_POINT('Axis2P3D Location',(0.,0.,-76.)) ;
#33=DIRECTION('Axis2P3D Direction',(0.,-0.,1.)) ;
#34=DIRECTION('Axis2P3D XDirection',(0.978256328953,0.207399505455,0.)) ;
#38=DIRECTION('Axis2P3D Direction',(0.,-0.,1.)) ;
#47=DIRECTION('Axis2P3D Direction',(0.,-0.,1.)) ;
#57=DIRECTION('Axis2P3D Direction',(0.,-0.,1.)) ;
#58=DIRECTION('Axis2P3D XDirection',(0.0876776206876,0.996148901937,0.)) ;
#113=DIRECTION('Vector Direction',(0.,0.,1.)) ;
#118=DIRECTION('Vector Direction',(0.,0.,1.)) ;
#175=DIRECTION('Axis2P3D Direction',(0.,0.,1.)) ;
#176=DIRECTION('Axis2P3D XDirection',(0.957933314957,-0.286990878069,0.)) ;
#180=DIRECTION('Vector Direction',(-0.90016286727,0.269683210355,0.342020143326)) ;
#189=DIRECTION('Vector Direction',(0.90016286727,-0.269683210355,0.342020143326)) ;
#196=DIRECTION('Axis2P3D Direction',(0.,-0.,1.)) ;
#211=DIRECTION('Axis2P3D Direction',(0.,-0.,1.)) ;
#315=DIRECTION('Axis2P3D Direction',(0.,-0.,1.)) ;
#316=DIRECTION('Axis2P3D XDirection',(-0.0876776206877,-0.996148901937,-0.)) ;
#320=DIRECTION('Vector Direction',(0.,0.,1.)) ;
#327=DIRECTION('Axis2P3D Direction',(0.,-0.,1.)) ;
#334=DIRECTION('Vector Direction',(0.,0.,1.)) ;
#346=DIRECTION('Axis2P3D Direction',(0.,-0.,1.)) ;
#363=DIRECTION('Axis2P3D Direction',(0.,0.,-1.)) ;
#364=DIRECTION('Axis2P3D XDirection',(0.957933314957,-0.286990878069,0.)) ;
#368=DIRECTION('Axis2P3D Direction',(0.,0.,-1.)) ;
#377=DIRECTION('Vector Direction',(0.,0.,-1.)) ;
#382=DIRECTION('Vector Direction',(0.,0.,-1.)) ;
#394=DIRECTION('Axis2P3D Direction',(0.,0.,-1.)) ;
#406=DIRECTION('Axis2P3D Direction',(-3.21139444064E-015,6.58251375249E-015,1.)) ;
#407=DIRECTION('Axis2P3D XDirection',(-0.9878139451,-0.155639358342,-2.23517417908E-015)) ;
#411=DIRECTION('Vector Direction',(-0.478966657479,0.143495439035,0.866025403784)) ;
#418=DIRECTION('Vector Direction',(0.478966657479,-0.143495439035,0.866025403784)) ;
#425=DIRECTION('Axis2P3D Direction',(1.08980519125E-015,-6.91679005125E-015,-1.)) ;
#437=DIRECTION('Axis2P3D Direction',(2.87066868154E-015,7.8719681075E-015,1.)) ;
#438=DIRECTION('Axis2P3D XDirection',(0.957933314957,-0.286990878069,-3.72529029846E-016)) ;
#442=DIRECTION('Axis2P3D Direction',(-2.40058577602E-015,-8.01280202956E-015,-1.)) ;
#454=DIRECTION('Axis2P3D Direction',(0.,0.,-1.)) ;
#455=DIRECTION('Axis2P3D XDirection',(0.978256328953,0.207399505455,0.)) ;
#459=DIRECTION('Vector Direction',(-1.,0.,0.)) ;
#468=DIRECTION('Axis2P3D Direction',(0.,0.,-1.)) ;
#475=DIRECTION('Axis2P3D Direction',(0.,0.,-1.)) ;
#490=DIRECTION('Axis2P3D Direction',(0.,0.,-1.)) ;
#491=DIRECTION('Axis2P3D XDirection',(0.286990878069,0.957933314957,0.)) ;
#495=DIRECTION('Vector Direction',(-0.202933196022,-0.677361142931,-0.707106781187)) ;
#502=DIRECTION('Axis2P3D Direction',(0.,0.,-1.)) ;
#522=DIRECTION('Axis2P3D Direction',(-0.,-0.,-1.)) ;
#523=DIRECTION('Axis2P3D XDirection',(0.,-1.,0.)) ;
#527=DIRECTION('Axis2P3D Direction',(-0.,-0.,-1.)) ;
#536=DIRECTION('Axis2P3D Direction',(-0.,-0.,-1.)) ;
#543=DIRECTION('Vector Direction',(-1.,0.,0.)) ;
#554=DIRECTION('Axis2P3D Direction',(-1.,0.,0.)) ;
#555=DIRECTION('Axis2P3D XDirection',(-0.,-2.09798136934E-015,-1.)) ;
#578=DIRECTION('Vector Direction',(-1.,0.,0.)) ;
#609=DIRECTION('Axis2P3D Direction',(0.,-1.,0.)) ;
#610=DIRECTION('Axis2P3D XDirection',(0.,0.,1.)) ;
#614=DIRECTION('Vector Direction',(0.,0.,-1.)) ;
#629=DIRECTION('Vector Direction',(0.,0.,-1.)) ;
#643=DIRECTION('Axis2P3D Direction',(0.,0.,-1.)) ;
#655=DIRECTION('Axis2P3D Direction',(0.,0.,-1.)) ;
#656=DIRECTION('Axis2P3D XDirection',(0.286990878069,0.957933314957,0.)) ;
#660=DIRECTION('Vector Direction',(0.,0.,-1.)) ;
#667=DIRECTION('Axis2P3D Direction',(0.,0.,-1.)) ;
#674=DIRECTION('Vector Direction',(0.,0.,-1.)) ;
#689=DIRECTION('Axis2P3D Direction',(0.,0.,-1.)) ;
#704=DIRECTION('Axis2P3D Direction',(0.,0.,1.)) ;
#705=DIRECTION('Axis2P3D XDirection',(0.286990878069,0.957933314957,0.)) ;
#709=DIRECTION('Vector Direction',(-0.0981566612505,-0.327632489678,0.939692620786)) ;
#716=DIRECTION('Axis2P3D Direction',(0.,-0.,1.)) ;
#723=DIRECTION('Vector Direction',(0.0981566612505,0.327632489678,0.939692620786)) ;
#735=DIRECTION('Axis2P3D Direction',(0.,-0.,1.)) ;
#747=DIRECTION('Axis2P3D Direction',(0.,0.,-1.)) ;
#748=DIRECTION('Axis2P3D XDirection',(0.286990878069,0.957933314957,0.)) ;
#752=DIRECTION('Vector Direction',(0.,0.,-1.)) ;
#759=DIRECTION('Axis2P3D Direction',(0.,0.,-1.)) ;
#766=DIRECTION('Vector Direction',(0.,0.,-1.)) ;
#778=DIRECTION('Axis2P3D Direction',(0.,0.,-1.)) ;
#790=DIRECTION('Axis2P3D Direction',(0.,0.,-1.)) ;
#791=DIRECTION('Axis2P3D XDirection',(0.286990878069,0.957933314957,0.)) ;
#795=DIRECTION('Axis2P3D Direction',(0.957933314957,-0.286990878069,0.)) ;
#802=DIRECTION('Axis2P3D Direction',(0.,0.,-1.)) ;
#809=DIRECTION('Axis2P3D Direction',(-0.957933314957,0.286990878069,0.)) ;
#821=DIRECTION('Axis2P3D Direction',(0.,0.,-1.)) ;
#833=DIRECTION('Axis2P3D Direction',(0.,0.,1.)) ;
#834=DIRECTION('Axis2P3D XDirection',(0.286990878069,0.957933314957,0.)) ;
#838=DIRECTION('Vector Direction',(-0.269683210355,-0.90016286727,0.342020143326)) ;
#845=DIRECTION('Axis2P3D Direction',(0.,-0.,1.)) ;
#852=DIRECTION('Vector Direction',(0.269683210355,0.90016286727,0.342020143326)) ;
#864=DIRECTION('Axis2P3D Direction',(0.,-0.,1.)) ;
#876=DIRECTION('Axis2P3D Direction',(0.,-0.,1.)) ;
#877=DIRECTION('Axis2P3D XDirection',(0.978256328953,0.207399505455,0.)) ;
#930=DIRECTION('Axis2P3D Direction',(0.,0.,-1.)) ;
#931=DIRECTION('Axis2P3D XDirection',(0.286990878069,0.957933314957,0.)) ;
#935=DIRECTION('Axis2P3D Direction',(0.,0.,-1.)) ;
#944=DIRECTION('Vector Direction',(-0.202933196022,-0.677361142931,-0.707106781187)) ;
#951=DIRECTION('Axis2P3D Direction',(0.,0.,-1.)) ;
#971=DIRECTION('Axis2P3D Direction',(0.,0.,-1.)) ;
#972=DIRECTION('Axis2P3D XDirection',(0.978256328953,0.207399505455,0.)) ;
#976=DIRECTION('Vector Direction',(1.,1.91594046129E-016,0.)) ;
#983=DIRECTION('Axis2P3D Direction',(0.,0.,-1.)) ;
#998=DIRECTION('Axis2P3D Direction',(-0.053162722123,-0.0675584959702,-0.996297934655)) ;
#999=DIRECTION('Axis2P3D XDirection',(0.973690992066,0.217882618019,-0.0667309278718)) ;
#1003=DIRECTION('Vector Direction',(-0.053162722123,-0.0675584959702,-0.996297934655)) ;
#1026=DIRECTION('Vector Direction',(-0.053162722123,-0.0675584959702,-0.996297934655)) ;
#1038=DIRECTION('Axis2P3D Direction',(-0.053162722123,-0.0675584959702,-0.996297934655)) ;
#1039=DIRECTION('Axis2P3D XDirection',(-0.973690992066,-0.217882618019,0.0667309278718)) ;
#1064=DIRECTION('Axis2P3D Direction',(0.,0.,1.)) ;
#1065=DIRECTION('Axis2P3D XDirection',(0.286990878069,0.957933314957,0.)) ;
#1079=DIRECTION('Axis2P3D Direction',(0.,-0.,1.)) ;
#1098=DIRECTION('Axis2P3D Direction',(0.,0.,-1.)) ;
#1118=DIRECTION('Axis2P3D Direction',(-0.316787378918,0.948496576988,0.)) ;
#1119=DIRECTION('Axis2P3D XDirection',(0.454733482287,0.151875959761,0.87758256189)) ;
#1133=DIRECTION('Axis2P3D Direction',(-0.316787378918,0.948496576988,0.)) ;
#1400=DIRECTION('Axis2P3D Direction',(0.,0.,-1.)) ;
#1401=DIRECTION('Axis2P3D XDirection',(0.286990878069,0.957933314957,0.)) ;
#1405=DIRECTION('Vector Direction',(0.,0.,-1.)) ;
#1412=DIRECTION('Axis2P3D Direction',(0.,0.,-1.)) ;
#1436=DIRECTION('Axis2P3D Direction',(0.,0.,-1.)) ;
#1443=DIRECTION('Vector Direction',(0.,0.,-1.)) ;
#1458=DIRECTION('Vector Direction',(0.111553499352,0.372349163667,0.921364160958)) ;
#1478=DIRECTION('Axis2P3D Direction',(0.,1.,0.)) ;
#1479=DIRECTION('Axis2P3D XDirection',(0.,0.,-1.)) ;
#1491=DIRECTION('Vector Direction',(0.,0.,-1.)) ;
#1508=DIRECTION('Axis2P3D Direction',(0.,0.,-1.)) ;
#1509=DIRECTION('Axis2P3D XDirection',(0.978256328953,0.207399505455,0.)) ;
#1513=DIRECTION('Axis2P3D Direction',(0.,0.,-1.)) ;
#1535=DIRECTION('Axis2P3D Direction',(0.,0.,-1.)) ;
#1542=DIRECTION('Vector Direction',(1.,1.09656072249E-015,0.)) ;
#1558=DIRECTION('Axis2P3D Direction',(2.77555756156E-017,1.,2.140643171E-016)) ;
#1559=DIRECTION('Axis2P3D XDirection',(-6.16297582204E-033,-2.140643171E-016,1.)) ;
#1563=DIRECTION('Vector Direction',(3.94745964311E-016,1.97372982156E-016,-1.)) ;
#1570=DIRECTION('Vector Direction',(-1.,0.,0.)) ;
#1577=DIRECTION('Vector Direction',(0.,-1.97372982156E-016,1.)) ;
#1589=DIRECTION('Axis2P3D Direction',(0.316787378918,-0.948496576988,0.)) ;
#1590=DIRECTION('Axis2P3D XDirection',(-0.454733482287,-0.151875959761,0.87758256189)) ;
#1602=DIRECTION('Axis2P3D Direction',(0.316787378918,-0.948496576988,0.)) ;
#1630=DIRECTION('Axis2P3D Direction',(0.316787378918,-0.948496576988,0.)) ;
#2012=DIRECTION('Vector Direction',(-0.111553499352,-0.372349163667,0.921364160958)) ;
#2032=DIRECTION('Axis2P3D Direction',(0.,0.,-1.)) ;
#2340=DIRECTION('Axis2P3D Direction',(-0.316787378918,0.948496576988,0.)) ;
#2341=DIRECTION('Axis2P3D XDirection',(0.454733482287,0.151875959761,0.87758256189)) ;
#2375=DIRECTION('Axis2P3D Direction',(-0.316787378918,0.948496576988,0.)) ;
#2382=DIRECTION('Axis2P3D Direction',(-0.316787378918,0.948496576988,0.)) ;
#2387=DIRECTION('Axis2P3D Direction',(-0.832384055978,-0.278007079565,0.479425538604)) ;
#2402=DIRECTION('Axis2P3D Direction',(0.,0.,-1.)) ;
#2403=DIRECTION('Axis2P3D XDirection',(0.286990878069,0.957933314957,0.)) ;
#2407=DIRECTION('Vector Direction',(0.,0.,-1.)) ;
#2450=DIRECTION('Axis2P3D Direction',(0.,0.,-1.)) ;
#2585=DIRECTION('Axis2P3D Direction',(0.,0.,-1.)) ;
#2600=DIRECTION('Axis2P3D Direction',(0.,0.,-1.)) ;
#2601=DIRECTION('Axis2P3D XDirection',(0.286990878069,0.957933314957,0.)) ;
#2605=DIRECTION('Axis2P3D Direction',(0.,0.,-1.)) ;
#2798=DIRECTION('Axis2P3D Direction',(0.,-0.,1.)) ;
#2799=DIRECTION('Axis2P3D XDirection',(-0.651011256733,0.759068075739,0.)) ;
#2803=DIRECTION('Axis2P3D Direction',(0.,-0.,1.)) ;
#2824=DIRECTION('Axis2P3D Direction',(0.,-0.,1.)) ;
#2825=DIRECTION('Axis2P3D XDirection',(-0.651011256733,0.759068075739,0.)) ;
#2839=DIRECTION('Axis2P3D Direction',(0.,-0.,1.)) ;
#2854=DIRECTION('Axis2P3D Direction',(0.,-0.,1.)) ;
#2866=DIRECTION('Axis2P3D Direction',(0.,-0.,1.)) ;
#2867=DIRECTION('Axis2P3D XDirection',(0.978256328953,0.207399505455,0.)) ;
#2916=DIRECTION('Axis2P3D Direction',(0.,-0.,1.)) ;
#2917=DIRECTION('Axis2P3D XDirection',(0.978256328953,0.207399505455,0.)) ;
#2937=DIRECTION('Axis2P3D Direction',(0.,-0.,1.)) ;
#3474=DIRECTION('Axis2P3D Direction',(0.316787378918,-0.948496576988,0.)) ;
#3485=DIRECTION('Axis2P3D Direction',(0.316787378918,-0.948496576988,0.)) ;
#3486=DIRECTION('Axis2P3D XDirection',(-0.454733482287,-0.151875959761,0.87758256189)) ;
#3518=DIRECTION('Axis2P3D Direction',(0.832384055978,0.278007079565,0.479425538604)) ;
#3572=DIRECTION('Axis2P3D Direction',(0.,-0.,1.)) ;
#3611=DIRECTION('Axis2P3D Direction',(0.,0.,-1.)) ;
#4431=DIRECTION('Axis2P3D Direction',(0.,-0.,1.)) ;
#4930=DIRECTION('Vector Direction',(0.,0.,-1.)) ;
#5425=DIRECTION('Axis2P3D Direction',(0.,-0.,1.)) ;
#5432=DIRECTION('Vector Direction',(1.,9.96873384078E-016,0.)) ;
#5439=DIRECTION('Axis2P3D Direction',(0.,-0.,1.)) ;
#5454=DIRECTION('Axis2P3D Direction',(0.,-0.,1.)) ;
#5463=DIRECTION('Vector Direction',(0.,0.,1.)) ;
#5577=DIRECTION('Axis2P3D Direction',(0.,0.,-1.)) ;
#5584=DIRECTION('Vector Direction',(0.,0.,-1.)) ;
#5599=DIRECTION('Axis2P3D Direction',(3.05311331772E-016,-1.,2.140643171E-016)) ;
#5600=DIRECTION('Axis2P3D XDirection',(-6.16297582204E-032,2.140643171E-016,1.)) ;
#5604=DIRECTION('Vector Direction',(-1.,-2.99062015224E-016,0.)) ;
#5671=DIRECTION('Axis2P3D Direction',(0.053162722123,0.0675584959702,-0.996297934655)) ;
#5672=DIRECTION('Axis2P3D XDirection',(0.973690992066,0.217882618019,0.0667309278718)) ;
#5694=DIRECTION('Vector Direction',(0.053162722123,0.0675584959702,-0.996297934655)) ;
#5699=DIRECTION('Vector Direction',(0.053162722123,0.0675584959702,-0.996297934655)) ;
#5711=DIRECTION('Axis2P3D Direction',(0.053162722123,0.0675584959702,-0.996297934655)) ;
#5712=DIRECTION('Axis2P3D XDirection',(-0.973690992066,-0.217882618019,-0.0667309278718)) ;
#5744=DIRECTION('Axis2P3D Direction',(0.,0.,1.)) ;
#5745=DIRECTION('Axis2P3D XDirection',(1.,0.,0.)) ;
#5750=DIRECTION('Axis2P3D Direction',(0.,0.,1.)) ;
#5751=DIRECTION('Axis2P3D XDirection',(1.,0.,0.)) ;
#5754=DIRECTION('Axis2P3D Direction',(0.,0.,1.)) ;
#5755=DIRECTION('Axis2P3D XDirection',(1.,0.,0.)) ;
#5758=DIRECTION('Axis2P3D Direction',(0.,0.,1.)) ;
#5759=DIRECTION('Axis2P3D XDirection',(0.207399505455,-0.978256328953,0.)) ;
#8=PRODUCT_RELATED_PRODUCT_CATEGORY('part',$,(#5)) ;
#7=PRODUCT_CATEGORY('part','specification') ;
#30=STYLED_ITEM(' ',(#29),#22) ;
#29=PRESENTATION_STYLE_ASSIGNMENT((#28)) ;
#28=SURFACE_STYLE_USAGE(.BOTH.,#27) ;
#27=SURFACE_SIDE_STYLE(' ',(#26)) ;
#26=SURFACE_STYLE_FILL_AREA(#25) ;
#25=FILL_AREA_STYLE(' ',(#24)) ;
#24=FILL_AREA_STYLE_COLOUR(' ',#23) ;
#114=VECTOR('Line Direction',#113,1.) ;
#119=VECTOR('Line Direction',#118,1.) ;
#181=VECTOR('Line Direction',#180,1.) ;
#190=VECTOR('Line Direction',#189,1.) ;
#321=VECTOR('Line Direction',#320,1.) ;
#335=VECTOR('Line Direction',#334,1.) ;
#378=VECTOR('Line Direction',#377,1.) ;
#383=VECTOR('Line Direction',#382,1.) ;
#412=VECTOR('Line Direction',#411,1.) ;
#419=VECTOR('Line Direction',#418,1.) ;
#460=VECTOR('Line Direction',#459,1.) ;
#496=VECTOR('Line Direction',#495,1.) ;
#544=VECTOR('Line Direction',#543,1.) ;
#579=VECTOR('Line Direction',#578,1.) ;
#615=VECTOR('Line Direction',#614,1.) ;
#630=VECTOR('Line Direction',#629,1.) ;
#661=VECTOR('Line Direction',#660,1.) ;
#675=VECTOR('Line Direction',#674,1.) ;
#710=VECTOR('Line Direction',#709,1.) ;
#724=VECTOR('Line Direction',#723,1.) ;
#753=VECTOR('Line Direction',#752,1.) ;
#767=VECTOR('Line Direction',#766,1.) ;
#839=VECTOR('Line Direction',#838,1.) ;
#853=VECTOR('Line Direction',#852,1.) ;
#945=VECTOR('Line Direction',#944,1.) ;
#977=VECTOR('Line Direction',#976,1.) ;
#1004=VECTOR('Line Direction',#1003,1.) ;
#1027=VECTOR('Line Direction',#1026,1.) ;
#1406=VECTOR('Line Direction',#1405,1.) ;
#1444=VECTOR('Line Direction',#1443,1.) ;
#1459=VECTOR('Line Direction',#1458,1.) ;
#1492=VECTOR('Line Direction',#1491,1.) ;
#1543=VECTOR('Line Direction',#1542,1.) ;
#1564=VECTOR('Line Direction',#1563,1.) ;
#1571=VECTOR('Line Direction',#1570,1.) ;
#1578=VECTOR('Line Direction',#1577,1.) ;
#2013=VECTOR('Line Direction',#2012,1.) ;
#2408=VECTOR('Line Direction',#2407,1.) ;
#4931=VECTOR('Line Direction',#4930,1.) ;
#5433=VECTOR('Line Direction',#5432,1.) ;
#5464=VECTOR('Line Direction',#5463,1.) ;
#5585=VECTOR('Line Direction',#5584,1.) ;
#5605=VECTOR('Line Direction',#5604,1.) ;
#5695=VECTOR('Line Direction',#5694,1.) ;
#5700=VECTOR('Line Direction',#5699,1.) ;
#16=UNCERTAINTY_MEASURE_WITH_UNIT(LENGTH_MEASURE(0.005),#12,'distance_accuracy_value','CONFUSED CURVE UNCERTAINTY') ;
#5742=SHAPE_REPRESENTATION_RELATIONSHIP(' ',' ',#20,#5741) ;
#52=ORIENTED_EDGE('',*,*,#45,.T.) ;
#53=ORIENTED_EDGE('',*,*,#50,.T.) ;
#123=ORIENTED_EDGE('',*,*,#111,.F.) ;
#124=ORIENTED_EDGE('',*,*,#116,.T.) ;
#125=ORIENTED_EDGE('',*,*,#50,.F.) ;
#126=ORIENTED_EDGE('',*,*,#121,.F.) ;
#168=ORIENTED_EDGE('',*,*,#166,.T.) ;
#169=ORIENTED_EDGE('',*,*,#121,.T.) ;
#170=ORIENTED_EDGE('',*,*,#45,.F.) ;
#171=ORIENTED_EDGE('',*,*,#116,.F.) ;
#201=ORIENTED_EDGE('',*,*,#187,.F.) ;
#202=ORIENTED_EDGE('',*,*,#194,.T.) ;
#203=ORIENTED_EDGE('',*,*,#199,.F.) ;
#206=ORIENTED_EDGE('',*,*,#166,.F.) ;
#207=ORIENTED_EDGE('',*,*,#111,.T.) ;
#216=ORIENTED_EDGE('',*,*,#214,.F.) ;
#217=ORIENTED_EDGE('',*,*,#194,.F.) ;
#218=ORIENTED_EDGE('',*,*,#187,.T.) ;
#310=ORIENTED_EDGE('',*,*,#261,.F.) ;
#311=ORIENTED_EDGE('',*,*,#308,.T.) ;
#339=ORIENTED_EDGE('',*,*,#261,.T.) ;
#340=ORIENTED_EDGE('',*,*,#325,.T.) ;
#341=ORIENTED_EDGE('',*,*,#332,.F.) ;
#342=ORIENTED_EDGE('',*,*,#337,.F.) ;
#351=ORIENTED_EDGE('',*,*,#332,.T.) ;
#352=ORIENTED_EDGE('',*,*,#349,.T.) ;
#356=ORIENTED_EDGE('',*,*,#308,.F.) ;
#357=ORIENTED_EDGE('',*,*,#337,.T.) ;
#358=ORIENTED_EDGE('',*,*,#349,.F.) ;
#359=ORIENTED_EDGE('',*,*,#325,.F.) ;
#387=ORIENTED_EDGE('',*,*,#375,.F.) ;
#388=ORIENTED_EDGE('',*,*,#380,.F.) ;
#389=ORIENTED_EDGE('',*,*,#199,.T.) ;
#390=ORIENTED_EDGE('',*,*,#385,.T.) ;
#399=ORIENTED_EDGE('',*,*,#397,.F.) ;
#400=ORIENTED_EDGE('',*,*,#385,.F.) ;
#401=ORIENTED_EDGE('',*,*,#214,.T.) ;
#402=ORIENTED_EDGE('',*,*,#380,.T.) ;
#430=ORIENTED_EDGE('',*,*,#416,.T.) ;
#431=ORIENTED_EDGE('',*,*,#375,.T.) ;
#432=ORIENTED_EDGE('',*,*,#423,.F.) ;
#433=ORIENTED_EDGE('',*,*,#428,.F.) ;
#447=ORIENTED_EDGE('',*,*,#423,.T.) ;
#448=ORIENTED_EDGE('',*,*,#397,.T.) ;
#449=ORIENTED_EDGE('',*,*,#416,.F.) ;
#450=ORIENTED_EDGE('',*,*,#445,.F.) ;
#480=ORIENTED_EDGE('',*,*,#466,.T.) ;
#481=ORIENTED_EDGE('',*,*,#473,.F.) ;
#482=ORIENTED_EDGE('',*,*,#478,.F.) ;
#485=ORIENTED_EDGE('',*,*,#445,.T.) ;
#486=ORIENTED_EDGE('',*,*,#428,.T.) ;
#515=ORIENTED_EDGE('',*,*,#478,.T.) ;
#516=ORIENTED_EDGE('',*,*,#500,.T.) ;
#517=ORIENTED_EDGE('',*,*,#507,.F.) ;
#518=ORIENTED_EDGE('',*,*,#513,.F.) ;
#548=ORIENTED_EDGE('',*,*,#534,.F.) ;
#549=ORIENTED_EDGE('',*,*,#541,.F.) ;
#550=ORIENTED_EDGE('',*,*,#546,.F.) ;
#602=ORIENTED_EDGE('',*,*,#546,.T.) ;
#603=ORIENTED_EDGE('',*,*,#576,.F.) ;
#604=ORIENTED_EDGE('',*,*,#583,.F.) ;
#605=ORIENTED_EDGE('',*,*,#600,.T.) ;
#634=ORIENTED_EDGE('',*,*,#619,.F.) ;
#635=ORIENTED_EDGE('',*,*,#627,.F.) ;
#636=ORIENTED_EDGE('',*,*,#466,.F.) ;
#637=ORIENTED_EDGE('',*,*,#513,.T.) ;
#638=ORIENTED_EDGE('',*,*,#632,.T.) ;
#639=ORIENTED_EDGE('',*,*,#583,.T.) ;
#648=ORIENTED_EDGE('',*,*,#646,.F.) ;
#649=ORIENTED_EDGE('',*,*,#500,.F.) ;
#650=ORIENTED_EDGE('',*,*,#473,.T.) ;
#651=ORIENTED_EDGE('',*,*,#627,.T.) ;
#679=ORIENTED_EDGE('',*,*,#507,.T.) ;
#680=ORIENTED_EDGE('',*,*,#665,.T.) ;
#681=ORIENTED_EDGE('',*,*,#672,.F.) ;
#682=ORIENTED_EDGE('',*,*,#677,.F.) ;
#683=ORIENTED_EDGE('',*,*,#534,.T.) ;
#684=ORIENTED_EDGE('',*,*,#600,.F.) ;
#685=ORIENTED_EDGE('',*,*,#632,.F.) ;
#694=ORIENTED_EDGE('',*,*,#677,.T.) ;
#695=ORIENTED_EDGE('',*,*,#692,.F.) ;
#696=ORIENTED_EDGE('',*,*,#665,.F.) ;
#697=ORIENTED_EDGE('',*,*,#646,.T.) ;
#698=ORIENTED_EDGE('',*,*,#619,.T.) ;
#699=ORIENTED_EDGE('',*,*,#576,.T.) ;
#700=ORIENTED_EDGE('',*,*,#541,.T.) ;
#728=ORIENTED_EDGE('',*,*,#714,.T.) ;
#729=ORIENTED_EDGE('',*,*,#721,.F.) ;
#730=ORIENTED_EDGE('',*,*,#726,.F.) ;
#731=ORIENTED_EDGE('',*,*,#672,.T.) ;
#740=ORIENTED_EDGE('',*,*,#726,.T.) ;
#741=ORIENTED_EDGE('',*,*,#738,.F.) ;
#742=ORIENTED_EDGE('',*,*,#714,.F.) ;
#743=ORIENTED_EDGE('',*,*,#692,.T.) ;
#771=ORIENTED_EDGE('',*,*,#757,.T.) ;
#772=ORIENTED_EDGE('',*,*,#764,.F.) ;
#773=ORIENTED_EDGE('',*,*,#769,.F.) ;
#774=ORIENTED_EDGE('',*,*,#721,.T.) ;
#783=ORIENTED_EDGE('',*,*,#769,.T.) ;
#784=ORIENTED_EDGE('',*,*,#781,.F.) ;
#785=ORIENTED_EDGE('',*,*,#757,.F.) ;
#786=ORIENTED_EDGE('',*,*,#738,.T.) ;
#814=ORIENTED_EDGE('',*,*,#800,.T.) ;
#815=ORIENTED_EDGE('',*,*,#807,.F.) ;
#816=ORIENTED_EDGE('',*,*,#812,.F.) ;
#817=ORIENTED_EDGE('',*,*,#764,.T.) ;
#826=ORIENTED_EDGE('',*,*,#812,.T.) ;
#827=ORIENTED_EDGE('',*,*,#824,.F.) ;
#828=ORIENTED_EDGE('',*,*,#800,.F.) ;
#829=ORIENTED_EDGE('',*,*,#781,.T.) ;
#857=ORIENTED_EDGE('',*,*,#843,.T.) ;
#858=ORIENTED_EDGE('',*,*,#850,.F.) ;
#859=ORIENTED_EDGE('',*,*,#855,.F.) ;
#860=ORIENTED_EDGE('',*,*,#807,.T.) ;
#869=ORIENTED_EDGE('',*,*,#855,.T.) ;
#870=ORIENTED_EDGE('',*,*,#867,.F.) ;
#871=ORIENTED_EDGE('',*,*,#843,.F.) ;
#872=ORIENTED_EDGE('',*,*,#824,.T.) ;
#925=ORIENTED_EDGE('',*,*,#903,.T.) ;
#926=ORIENTED_EDGE('',*,*,#923,.T.) ;
#964=ORIENTED_EDGE('',*,*,#942,.T.) ;
#965=ORIENTED_EDGE('',*,*,#949,.T.) ;
#966=ORIENTED_EDGE('',*,*,#956,.F.) ;
#967=ORIENTED_EDGE('',*,*,#962,.F.) ;
#988=ORIENTED_EDGE('',*,*,#981,.F.) ;
#989=ORIENTED_EDGE('',*,*,#986,.F.) ;
#990=ORIENTED_EDGE('',*,*,#942,.F.) ;
#993=ORIENTED_EDGE('',*,*,#867,.T.) ;
#994=ORIENTED_EDGE('',*,*,#850,.T.) ;
#1031=ORIENTED_EDGE('',*,*,#903,.F.) ;
#1032=ORIENTED_EDGE('',*,*,#1008,.F.) ;
#1033=ORIENTED_EDGE('',*,*,#1024,.T.) ;
#1034=ORIENTED_EDGE('',*,*,#1029,.T.) ;
#1057=ORIENTED_EDGE('',*,*,#923,.F.) ;
#1058=ORIENTED_EDGE('',*,*,#1029,.F.) ;
#1059=ORIENTED_EDGE('',*,*,#1055,.T.) ;
#1060=ORIENTED_EDGE('',*,*,#1008,.T.) ;
#1092=ORIENTED_EDGE('',*,*,#1077,.F.) ;
#1093=ORIENTED_EDGE('',*,*,#1084,.T.) ;
#1094=ORIENTED_EDGE('',*,*,#1090,.F.) ;
#1111=ORIENTED_EDGE('',*,*,#1103,.F.) ;
#1112=ORIENTED_EDGE('',*,*,#949,.F.) ;
#1113=ORIENTED_EDGE('',*,*,#986,.T.) ;
#1114=ORIENTED_EDGE('',*,*,#1109,.T.) ;
#1146=ORIENTED_EDGE('',*,*,#1131,.T.) ;
#1147=ORIENTED_EDGE('',*,*,#1138,.F.) ;
#1148=ORIENTED_EDGE('',*,*,#1144,.T.) ;
#1241=ORIENTED_EDGE('',*,*,#1216,.F.) ;
#1242=ORIENTED_EDGE('',*,*,#1225,.F.) ;
#1243=ORIENTED_EDGE('',*,*,#1233,.F.) ;
#1244=ORIENTED_EDGE('',*,*,#1239,.T.) ;
#1389=ORIENTED_EDGE('',*,*,#1331,.F.) ;
#1390=ORIENTED_EDGE('',*,*,#1341,.F.) ;
#1391=ORIENTED_EDGE('',*,*,#1357,.T.) ;
#1392=ORIENTED_EDGE('',*,*,#1363,.T.) ;
#1393=ORIENTED_EDGE('',*,*,#1077,.T.) ;
#1394=ORIENTED_EDGE('',*,*,#1371,.T.) ;
#1395=ORIENTED_EDGE('',*,*,#1380,.T.) ;
#1396=ORIENTED_EDGE('',*,*,#1387,.F.) ;
#1448=ORIENTED_EDGE('',*,*,#956,.T.) ;
#1449=ORIENTED_EDGE('',*,*,#1410,.T.) ;
#1450=ORIENTED_EDGE('',*,*,#1417,.F.) ;
#1451=ORIENTED_EDGE('',*,*,#1425,.F.) ;
#1452=ORIENTED_EDGE('',*,*,#1434,.F.) ;
#1453=ORIENTED_EDGE('',*,*,#1441,.F.) ;
#1454=ORIENTED_EDGE('',*,*,#1446,.F.) ;
#1472=ORIENTED_EDGE('',*,*,#1463,.T.) ;
#1473=ORIENTED_EDGE('',*,*,#1380,.F.) ;
#1474=ORIENTED_EDGE('',*,*,#1470,.F.) ;
#1496=ORIENTED_EDGE('',*,*,#1489,.F.) ;
#1497=ORIENTED_EDGE('',*,*,#1470,.T.) ;
#1498=ORIENTED_EDGE('',*,*,#1371,.F.) ;
#1499=ORIENTED_EDGE('',*,*,#1090,.T.) ;
#1500=ORIENTED_EDGE('',*,*,#1494,.F.) ;
#1501=ORIENTED_EDGE('',*,*,#1109,.F.) ;
#1502=ORIENTED_EDGE('',*,*,#981,.T.) ;
#1503=ORIENTED_EDGE('',*,*,#962,.T.) ;
#1504=ORIENTED_EDGE('',*,*,#1446,.T.) ;
#1547=ORIENTED_EDGE('',*,*,#1520,.T.) ;
#1548=ORIENTED_EDGE('',*,*,#1533,.F.) ;
#1549=ORIENTED_EDGE('',*,*,#1540,.T.) ;
#1550=ORIENTED_EDGE('',*,*,#1545,.T.) ;
#1553=ORIENTED_EDGE('',*,*,#1024,.F.) ;
#1554=ORIENTED_EDGE('',*,*,#1055,.F.) ;
#1582=ORIENTED_EDGE('',*,*,#1568,.F.) ;
#1583=ORIENTED_EDGE('',*,*,#1575,.F.) ;
#1584=ORIENTED_EDGE('',*,*,#1580,.F.) ;
#1585=ORIENTED_EDGE('',*,*,#1545,.F.) ;
#1615=ORIENTED_EDGE('',*,*,#1600,.F.) ;
#1616=ORIENTED_EDGE('',*,*,#1239,.F.) ;
#1617=ORIENTED_EDGE('',*,*,#1607,.F.) ;
#1618=ORIENTED_EDGE('',*,*,#1613,.T.) ;
#1635=ORIENTED_EDGE('',*,*,#1628,.T.) ;
#1636=ORIENTED_EDGE('',*,*,#1633,.F.) ;
#1637=ORIENTED_EDGE('',*,*,#1233,.T.) ;
#1826=ORIENTED_EDGE('',*,*,#1782,.F.) ;
#1827=ORIENTED_EDGE('',*,*,#1790,.F.) ;
#1828=ORIENTED_EDGE('',*,*,#1628,.F.) ;
#1829=ORIENTED_EDGE('',*,*,#1225,.T.) ;
#1830=ORIENTED_EDGE('',*,*,#1798,.F.) ;
#1831=ORIENTED_EDGE('',*,*,#1824,.F.) ;
#1832=ORIENTED_EDGE('',*,*,#1434,.T.) ;
#2003=ORIENTED_EDGE('',*,*,#1973,.F.) ;
#2004=ORIENTED_EDGE('',*,*,#1981,.F.) ;
#2005=ORIENTED_EDGE('',*,*,#1782,.T.) ;
#2006=ORIENTED_EDGE('',*,*,#1425,.T.) ;
#2007=ORIENTED_EDGE('',*,*,#1994,.T.) ;
#2008=ORIENTED_EDGE('',*,*,#2001,.F.) ;
#2017=ORIENTED_EDGE('',*,*,#1417,.T.) ;
#2018=ORIENTED_EDGE('',*,*,#2015,.T.) ;
#2019=ORIENTED_EDGE('',*,*,#1994,.F.) ;
#2037=ORIENTED_EDGE('',*,*,#1084,.F.) ;
#2038=ORIENTED_EDGE('',*,*,#1363,.F.) ;
#2039=ORIENTED_EDGE('',*,*,#2030,.F.) ;
#2040=ORIENTED_EDGE('',*,*,#2035,.F.) ;
#2041=ORIENTED_EDGE('',*,*,#1410,.F.) ;
#2042=ORIENTED_EDGE('',*,*,#1103,.T.) ;
#2043=ORIENTED_EDGE('',*,*,#1494,.T.) ;
#2253=ORIENTED_EDGE('',*,*,#1357,.F.) ;
#2254=ORIENTED_EDGE('',*,*,#2198,.F.) ;
#2255=ORIENTED_EDGE('',*,*,#1131,.F.) ;
#2256=ORIENTED_EDGE('',*,*,#2217,.T.) ;
#2257=ORIENTED_EDGE('',*,*,#2225,.F.) ;
#2258=ORIENTED_EDGE('',*,*,#2251,.F.) ;
#2259=ORIENTED_EDGE('',*,*,#2030,.T.) ;
#2333=ORIENTED_EDGE('',*,*,#2325,.F.) ;
#2334=ORIENTED_EDGE('',*,*,#2217,.F.) ;
#2335=ORIENTED_EDGE('',*,*,#1144,.F.) ;
#2336=ORIENTED_EDGE('',*,*,#2331,.T.) ;
#2392=ORIENTED_EDGE('',*,*,#2373,.F.) ;
#2393=ORIENTED_EDGE('',*,*,#2380,.T.) ;
#2394=ORIENTED_EDGE('',*,*,#2385,.T.) ;
#2395=ORIENTED_EDGE('',*,*,#1138,.T.) ;
#2396=ORIENTED_EDGE('',*,*,#2198,.T.) ;
#2397=ORIENTED_EDGE('',*,*,#1341,.T.) ;
#2398=ORIENTED_EDGE('',*,*,#2390,.F.) ;
#2480=ORIENTED_EDGE('',*,*,#2414,.T.) ;
#2481=ORIENTED_EDGE('',*,*,#2448,.F.) ;
#2482=ORIENTED_EDGE('',*,*,#2455,.T.) ;
#2483=ORIENTED_EDGE('',*,*,#2478,.F.) ;
#2590=ORIENTED_EDGE('',*,*,#1568,.T.) ;
#2591=ORIENTED_EDGE('',*,*,#1540,.F.) ;
#2592=ORIENTED_EDGE('',*,*,#2493,.T.) ;
#2593=ORIENTED_EDGE('',*,*,#2501,.F.) ;
#2594=ORIENTED_EDGE('',*,*,#2414,.F.) ;
#2595=ORIENTED_EDGE('',*,*,#2583,.T.) ;
#2596=ORIENTED_EDGE('',*,*,#2588,.F.) ;
#2624=ORIENTED_EDGE('',*,*,#2610,.T.) ;
#2625=ORIENTED_EDGE('',*,*,#1798,.T.) ;
#2626=ORIENTED_EDGE('',*,*,#1216,.T.) ;
#2627=ORIENTED_EDGE('',*,*,#1600,.T.) ;
#2628=ORIENTED_EDGE('',*,*,#2616,.T.) ;
#2629=ORIENTED_EDGE('',*,*,#2455,.F.) ;
#2630=ORIENTED_EDGE('',*,*,#2622,.T.) ;
#2665=ORIENTED_EDGE('',*,*,#2641,.F.) ;
#2666=ORIENTED_EDGE('',*,*,#2649,.F.) ;
#2667=ORIENTED_EDGE('',*,*,#2663,.F.) ;
#2668=ORIENTED_EDGE('',*,*,#2390,.T.) ;
#2669=ORIENTED_EDGE('',*,*,#1331,.T.) ;
#2679=ORIENTED_EDGE('',*,*,#1441,.T.) ;
#2680=ORIENTED_EDGE('',*,*,#1824,.T.) ;
#2681=ORIENTED_EDGE('',*,*,#2610,.F.) ;
#2682=ORIENTED_EDGE('',*,*,#2677,.F.) ;
#2683=ORIENTED_EDGE('',*,*,#2641,.T.) ;
#2684=ORIENTED_EDGE('',*,*,#1387,.T.) ;
#2685=ORIENTED_EDGE('',*,*,#1463,.F.) ;
#2686=ORIENTED_EDGE('',*,*,#1489,.T.) ;
#2790=ORIENTED_EDGE('',*,*,#2769,.F.) ;
#2791=ORIENTED_EDGE('',*,*,#2493,.F.) ;
#2792=ORIENTED_EDGE('',*,*,#1533,.T.) ;
#2793=ORIENTED_EDGE('',*,*,#2777,.T.) ;
#2794=ORIENTED_EDGE('',*,*,#2788,.F.) ;
#2816=ORIENTED_EDGE('',*,*,#2777,.F.) ;
#2817=ORIENTED_EDGE('',*,*,#1520,.F.) ;
#2818=ORIENTED_EDGE('',*,*,#1580,.T.) ;
#2819=ORIENTED_EDGE('',*,*,#2808,.T.) ;
#2820=ORIENTED_EDGE('',*,*,#2814,.T.) ;
#2859=ORIENTED_EDGE('',*,*,#2837,.T.) ;
#2860=ORIENTED_EDGE('',*,*,#2844,.T.) ;
#2861=ORIENTED_EDGE('',*,*,#2852,.T.) ;
#2862=ORIENTED_EDGE('',*,*,#2857,.F.) ;
#2906=ORIENTED_EDGE('',*,*,#2857,.T.) ;
#2907=ORIENTED_EDGE('',*,*,#2880,.T.) ;
#2908=ORIENTED_EDGE('',*,*,#2808,.F.) ;
#2909=ORIENTED_EDGE('',*,*,#1575,.T.) ;
#2910=ORIENTED_EDGE('',*,*,#2588,.T.) ;
#2911=ORIENTED_EDGE('',*,*,#2890,.T.) ;
#2912=ORIENTED_EDGE('',*,*,#2904,.T.) ;
#2958=ORIENTED_EDGE('',*,*,#2844,.F.) ;
#2959=ORIENTED_EDGE('',*,*,#2935,.T.) ;
#2960=ORIENTED_EDGE('',*,*,#2942,.F.) ;
#2961=ORIENTED_EDGE('',*,*,#2956,.T.) ;
#3451=ORIENTED_EDGE('',*,*,#2890,.F.) ;
#3452=ORIENTED_EDGE('',*,*,#2583,.F.) ;
#3453=ORIENTED_EDGE('',*,*,#2478,.T.) ;
#3454=ORIENTED_EDGE('',*,*,#2616,.F.) ;
#3455=ORIENTED_EDGE('',*,*,#1613,.F.) ;
#3456=ORIENTED_EDGE('',*,*,#3350,.F.) ;
#3457=ORIENTED_EDGE('',*,*,#3369,.F.) ;
#3458=ORIENTED_EDGE('',*,*,#3378,.F.) ;
#3459=ORIENTED_EDGE('',*,*,#3386,.F.) ;
#3460=ORIENTED_EDGE('',*,*,#3394,.F.) ;
#3461=ORIENTED_EDGE('',*,*,#3403,.F.) ;
#3462=ORIENTED_EDGE('',*,*,#3411,.F.) ;
#3463=ORIENTED_EDGE('',*,*,#3449,.F.) ;
#3479=ORIENTED_EDGE('',*,*,#3472,.F.) ;
#3480=ORIENTED_EDGE('',*,*,#3350,.T.) ;
#3481=ORIENTED_EDGE('',*,*,#3477,.F.) ;
#3523=ORIENTED_EDGE('',*,*,#3516,.F.) ;
#3524=ORIENTED_EDGE('',*,*,#3477,.T.) ;
#3525=ORIENTED_EDGE('',*,*,#1607,.T.) ;
#3526=ORIENTED_EDGE('',*,*,#1633,.T.) ;
#3527=ORIENTED_EDGE('',*,*,#1790,.T.) ;
#3528=ORIENTED_EDGE('',*,*,#1981,.T.) ;
#3529=ORIENTED_EDGE('',*,*,#3521,.F.) ;
#3564=ORIENTED_EDGE('',*,*,#3540,.F.) ;
#3565=ORIENTED_EDGE('',*,*,#3548,.F.) ;
#3566=ORIENTED_EDGE('',*,*,#3562,.F.) ;
#3567=ORIENTED_EDGE('',*,*,#3521,.T.) ;
#3568=ORIENTED_EDGE('',*,*,#1973,.T.) ;
#3585=ORIENTED_EDGE('',*,*,#3577,.F.) ;
#3586=ORIENTED_EDGE('',*,*,#3583,.F.) ;
#3587=ORIENTED_EDGE('',*,*,#3540,.T.) ;
#3588=ORIENTED_EDGE('',*,*,#2001,.T.) ;
#3589=ORIENTED_EDGE('',*,*,#2015,.F.) ;
#3590=ORIENTED_EDGE('',*,*,#2035,.T.) ;
#3591=ORIENTED_EDGE('',*,*,#2251,.T.) ;
#3624=ORIENTED_EDGE('',*,*,#3577,.T.) ;
#3625=ORIENTED_EDGE('',*,*,#2225,.T.) ;
#3626=ORIENTED_EDGE('',*,*,#2325,.T.) ;
#3627=ORIENTED_EDGE('',*,*,#3601,.T.) ;
#3628=ORIENTED_EDGE('',*,*,#3609,.T.) ;
#3629=ORIENTED_EDGE('',*,*,#3616,.F.) ;
#3630=ORIENTED_EDGE('',*,*,#3622,.T.) ;
#3640=ORIENTED_EDGE('',*,*,#3601,.F.) ;
#3641=ORIENTED_EDGE('',*,*,#2331,.F.) ;
#3642=ORIENTED_EDGE('',*,*,#2385,.F.) ;
#3643=ORIENTED_EDGE('',*,*,#3638,.T.) ;
#3660=ORIENTED_EDGE('',*,*,#3652,.F.) ;
#3661=ORIENTED_EDGE('',*,*,#3658,.T.) ;
#3662=ORIENTED_EDGE('',*,*,#2380,.F.) ;
#4072=ORIENTED_EDGE('',*,*,#4044,.T.) ;
#4073=ORIENTED_EDGE('',*,*,#3652,.T.) ;
#4074=ORIENTED_EDGE('',*,*,#2373,.T.) ;
#4075=ORIENTED_EDGE('',*,*,#2663,.T.) ;
#4076=ORIENTED_EDGE('',*,*,#2649,.T.) ;
#4077=ORIENTED_EDGE('',*,*,#2677,.T.) ;
#4078=ORIENTED_EDGE('',*,*,#2622,.F.) ;
#4079=ORIENTED_EDGE('',*,*,#2448,.T.) ;
#4080=ORIENTED_EDGE('',*,*,#2501,.T.) ;
#4081=ORIENTED_EDGE('',*,*,#2769,.T.) ;
#4082=ORIENTED_EDGE('',*,*,#4070,.T.) ;
#4406=ORIENTED_EDGE('',*,*,#4312,.F.) ;
#4407=ORIENTED_EDGE('',*,*,#4355,.T.) ;
#4408=ORIENTED_EDGE('',*,*,#4363,.T.) ;
#4409=ORIENTED_EDGE('',*,*,#4376,.T.) ;
#4410=ORIENTED_EDGE('',*,*,#4384,.T.) ;
#4411=ORIENTED_EDGE('',*,*,#4392,.T.) ;
#4412=ORIENTED_EDGE('',*,*,#4398,.T.) ;
#4413=ORIENTED_EDGE('',*,*,#4070,.F.) ;
#4414=ORIENTED_EDGE('',*,*,#2788,.T.) ;
#4415=ORIENTED_EDGE('',*,*,#2814,.F.) ;
#4416=ORIENTED_EDGE('',*,*,#2880,.F.) ;
#4417=ORIENTED_EDGE('',*,*,#2852,.F.) ;
#4418=ORIENTED_EDGE('',*,*,#2956,.F.) ;
#4419=ORIENTED_EDGE('',*,*,#4404,.F.) ;
#4436=ORIENTED_EDGE('',*,*,#4404,.T.) ;
#4437=ORIENTED_EDGE('',*,*,#2942,.T.) ;
#4438=ORIENTED_EDGE('',*,*,#4429,.T.) ;
#4439=ORIENTED_EDGE('',*,*,#4434,.F.) ;
#4661=ORIENTED_EDGE('',*,*,#2904,.F.) ;
#4662=ORIENTED_EDGE('',*,*,#3449,.T.) ;
#4663=ORIENTED_EDGE('',*,*,#3411,.T.) ;
#4664=ORIENTED_EDGE('',*,*,#3403,.T.) ;
#4665=ORIENTED_EDGE('',*,*,#3394,.T.) ;
#4666=ORIENTED_EDGE('',*,*,#3386,.T.) ;
#4667=ORIENTED_EDGE('',*,*,#3378,.T.) ;
#4668=ORIENTED_EDGE('',*,*,#4632,.F.) ;
#4669=ORIENTED_EDGE('',*,*,#4645,.T.) ;
#4670=ORIENTED_EDGE('',*,*,#4653,.F.) ;
#4671=ORIENTED_EDGE('',*,*,#4659,.F.) ;
#4672=ORIENTED_EDGE('',*,*,#4429,.F.) ;
#4673=ORIENTED_EDGE('',*,*,#2935,.F.) ;
#4674=ORIENTED_EDGE('',*,*,#2837,.F.) ;
#4891=ORIENTED_EDGE('',*,*,#4851,.T.) ;
#4892=ORIENTED_EDGE('',*,*,#4857,.T.) ;
#4893=ORIENTED_EDGE('',*,*,#4632,.T.) ;
#4894=ORIENTED_EDGE('',*,*,#3369,.T.) ;
#4895=ORIENTED_EDGE('',*,*,#3472,.T.) ;
#4896=ORIENTED_EDGE('',*,*,#3516,.T.) ;
#4897=ORIENTED_EDGE('',*,*,#3562,.T.) ;
#4898=ORIENTED_EDGE('',*,*,#3548,.T.) ;
#4899=ORIENTED_EDGE('',*,*,#3583,.T.) ;
#4900=ORIENTED_EDGE('',*,*,#3622,.F.) ;
#4901=ORIENTED_EDGE('',*,*,#4889,.T.) ;
#4935=ORIENTED_EDGE('',*,*,#4928,.F.) ;
#4936=ORIENTED_EDGE('',*,*,#4933,.T.) ;
#4937=ORIENTED_EDGE('',*,*,#4889,.F.) ;
#4938=ORIENTED_EDGE('',*,*,#3616,.T.) ;
#5409=ORIENTED_EDGE('',*,*,#5327,.F.) ;
#5410=ORIENTED_EDGE('',*,*,#5407,.F.) ;
#5411=ORIENTED_EDGE('',*,*,#4928,.T.) ;
#5412=ORIENTED_EDGE('',*,*,#3609,.F.) ;
#5413=ORIENTED_EDGE('',*,*,#3638,.F.) ;
#5414=ORIENTED_EDGE('',*,*,#3658,.F.) ;
#5415=ORIENTED_EDGE('',*,*,#4044,.F.) ;
#5416=ORIENTED_EDGE('',*,*,#4398,.F.) ;
#5417=ORIENTED_EDGE('',*,*,#4392,.F.) ;
#5418=ORIENTED_EDGE('',*,*,#4384,.F.) ;
#5419=ORIENTED_EDGE('',*,*,#4376,.F.) ;
#5420=ORIENTED_EDGE('',*,*,#4363,.F.) ;
#5421=ORIENTED_EDGE('',*,*,#4355,.F.) ;
#5444=ORIENTED_EDGE('',*,*,#4434,.T.) ;
#5445=ORIENTED_EDGE('',*,*,#4659,.T.) ;
#5446=ORIENTED_EDGE('',*,*,#5430,.F.) ;
#5447=ORIENTED_EDGE('',*,*,#5437,.T.) ;
#5448=ORIENTED_EDGE('',*,*,#5442,.T.) ;
#5449=ORIENTED_EDGE('',*,*,#5327,.T.) ;
#5450=ORIENTED_EDGE('',*,*,#4312,.T.) ;
#5474=ORIENTED_EDGE('',*,*,#5461,.F.) ;
#5475=ORIENTED_EDGE('',*,*,#5466,.T.) ;
#5476=ORIENTED_EDGE('',*,*,#5430,.T.) ;
#5477=ORIENTED_EDGE('',*,*,#4653,.T.) ;
#5478=ORIENTED_EDGE('',*,*,#5472,.F.) ;
#5569=ORIENTED_EDGE('',*,*,#4857,.F.) ;
#5570=ORIENTED_EDGE('',*,*,#5561,.F.) ;
#5571=ORIENTED_EDGE('',*,*,#5567,.T.) ;
#5572=ORIENTED_EDGE('',*,*,#5472,.T.) ;
#5573=ORIENTED_EDGE('',*,*,#4645,.F.) ;
#5589=ORIENTED_EDGE('',*,*,#5582,.F.) ;
#5590=ORIENTED_EDGE('',*,*,#5561,.T.) ;
#5591=ORIENTED_EDGE('',*,*,#4851,.F.) ;
#5592=ORIENTED_EDGE('',*,*,#4933,.F.) ;
#5593=ORIENTED_EDGE('',*,*,#5407,.T.) ;
#5594=ORIENTED_EDGE('',*,*,#5442,.F.) ;
#5595=ORIENTED_EDGE('',*,*,#5587,.T.) ;
#5609=ORIENTED_EDGE('',*,*,#5466,.F.) ;
#5610=ORIENTED_EDGE('',*,*,#5607,.F.) ;
#5611=ORIENTED_EDGE('',*,*,#5587,.F.) ;
#5612=ORIENTED_EDGE('',*,*,#5437,.F.) ;
#5616=ORIENTED_EDGE('',*,*,#5461,.T.) ;
#5617=ORIENTED_EDGE('',*,*,#5567,.F.) ;
#5618=ORIENTED_EDGE('',*,*,#5582,.T.) ;
#5619=ORIENTED_EDGE('',*,*,#5607,.T.) ;
#5666=ORIENTED_EDGE('',*,*,#5644,.F.) ;
#5667=ORIENTED_EDGE('',*,*,#5664,.F.) ;
#5704=ORIENTED_EDGE('',*,*,#5692,.F.) ;
#5705=ORIENTED_EDGE('',*,*,#5697,.F.) ;
#5706=ORIENTED_EDGE('',*,*,#5664,.T.) ;
#5707=ORIENTED_EDGE('',*,*,#5702,.T.) ;
#5730=ORIENTED_EDGE('',*,*,#5728,.F.) ;
#5731=ORIENTED_EDGE('',*,*,#5702,.F.) ;
#5732=ORIENTED_EDGE('',*,*,#5644,.T.) ;
#5733=ORIENTED_EDGE('',*,*,#5697,.T.) ;
#5737=ORIENTED_EDGE('',*,*,#5728,.T.) ;
#5738=ORIENTED_EDGE('',*,*,#5692,.T.) ;
#208=FACE_BOUND('',#205,.T.) ;
#312=FACE_BOUND('',#309,.T.) ;
#487=FACE_BOUND('',#484,.T.) ;
#995=FACE_BOUND('',#992,.T.) ;
#1555=FACE_BOUND('',#1552,.T.) ;
#5668=FACE_BOUND('',#5665,.T.) ;
#31=CLOSED_SHELL('Closed Shell',(#55,#128,#173,#209,#313,#344,#354,#361,#392,#404,#435,#452,#488,#520,#552,#607,#641,#653,#687,#702,#733,#745,#776,#788,#819,#831,#862,#874,#928,#969,#996,#1036,#1062,#1096,#1116,#1150,#1246,#1398,#1456,#1476,#1506,#1556,#1587,#1620,#1639,#1834,#2010,#2021,#2045,#2261,#2338,#2400,#2485,#2598,#2632,#2671,#2688,#2796,#2822,#2864,#2914,#2963,#3465,#3483,#3531,#3570,#3593,#3632,#3645,#3664,#4084,#4421,#4441,#4676,#4903,#4940,#5423,#5452,#5480,#5575,#5597,#5614,#5669,#5709,#5735,#5740)) ;
#5741=ADVANCED_BREP_SHAPE_REPRESENTATION('NONE',(#22),#17) ;
#55=ADVANCED_FACE('NOCUT',(#54),#36,.T.) ;
#128=ADVANCED_FACE('NOCUT',(#127),#60,.F.) ;
#173=ADVANCED_FACE('NOCUT',(#172),#60,.F.) ;
#209=ADVANCED_FACE('NOCUT',(#204,#208),#178,.F.) ;
#313=ADVANCED_FACE('NOCUT',(#219,#312),#178,.F.) ;
#344=ADVANCED_FACE('NOCUT',(#343),#318,.F.) ;
#354=ADVANCED_FACE('NOCUT',(#353),#36,.T.) ;
#361=ADVANCED_FACE('NOCUT',(#360),#318,.F.) ;
#392=ADVANCED_FACE('NOCUT',(#391),#366,.F.) ;
#404=ADVANCED_FACE('NOCUT',(#403),#366,.F.) ;
#435=ADVANCED_FACE('NOCUT',(#434),#409,.F.) ;
#452=ADVANCED_FACE('NOCUT',(#451),#440,.F.) ;
#488=ADVANCED_FACE('NOCUT',(#483,#487),#457,.F.) ;
#520=ADVANCED_FACE('NOCUT',(#519),#493,.T.) ;
#552=ADVANCED_FACE('NOCUT',(#551),#525,.F.) ;
#607=ADVANCED_FACE('NOCUT',(#606),#557,.F.) ;
#641=ADVANCED_FACE('NOCUT',(#640),#612,.F.) ;
#653=ADVANCED_FACE('NOCUT',(#652),#493,.T.) ;
#687=ADVANCED_FACE('NOCUT',(#686),#658,.T.) ;
#702=ADVANCED_FACE('NOCUT',(#701),#658,.T.) ;
#733=ADVANCED_FACE('NOCUT',(#732),#707,.T.) ;
#745=ADVANCED_FACE('NOCUT',(#744),#707,.T.) ;
#776=ADVANCED_FACE('NOCUT',(#775),#750,.T.) ;
#788=ADVANCED_FACE('NOCUT',(#787),#750,.T.) ;
#819=ADVANCED_FACE('NOCUT',(#818),#793,.F.) ;
#831=ADVANCED_FACE('NOCUT',(#830),#793,.F.) ;
#862=ADVANCED_FACE('NOCUT',(#861),#836,.F.) ;
#874=ADVANCED_FACE('NOCUT',(#873),#836,.F.) ;
#928=ADVANCED_FACE('NOCUT',(#927),#879,.F.) ;
#969=ADVANCED_FACE('NOCUT',(#968),#933,.T.) ;
#996=ADVANCED_FACE('NOCUT',(#991,#995),#974,.F.) ;
#1036=ADVANCED_FACE('NOCUT',(#1035),#1001,.F.) ;
#1062=ADVANCED_FACE('NOCUT',(#1061),#1041,.F.) ;
#1096=ADVANCED_FACE('NOCUT',(#1095),#1067,.T.) ;
#1116=ADVANCED_FACE('NOCUT',(#1115),#933,.T.) ;
#1150=ADVANCED_FACE('NOCUT',(#1149),#1121,.F.) ;
#1246=ADVANCED_FACE('NOCUT',(#1245),#1151,.F.) ;
#1398=ADVANCED_FACE('NOCUT',(#1397),#1247,.T.) ;
#1456=ADVANCED_FACE('NOCUT',(#1455),#1403,.T.) ;
#1476=ADVANCED_FACE('NOCUT',(#1475),#1067,.T.) ;
#1506=ADVANCED_FACE('NOCUT',(#1505),#1481,.T.) ;
#1556=ADVANCED_FACE('NOCUT',(#1551,#1555),#1511,.T.) ;
#1587=ADVANCED_FACE('NOCUT',(#1586),#1561,.T.) ;
#1620=ADVANCED_FACE('NOCUT',(#1619),#1592,.F.) ;
#1639=ADVANCED_FACE('NOCUT',(#1638),#1592,.F.) ;
#1834=ADVANCED_FACE('NOCUT',(#1833),#1640,.T.) ;
#2010=ADVANCED_FACE('NOCUT',(#2009),#1835,.T.) ;
#2021=ADVANCED_FACE('NOCUT',(#2020),#1067,.T.) ;
#2045=ADVANCED_FACE('NOCUT',(#2044),#1403,.T.) ;
#2261=ADVANCED_FACE('NOCUT',(#2260),#2046,.T.) ;
#2338=ADVANCED_FACE('NOCUT',(#2337),#2262,.F.) ;
#2400=ADVANCED_FACE('NOCUT',(#2399),#2343,.F.) ;
#2485=ADVANCED_FACE('NOCUT',(#2484),#2405,.T.) ;
#2598=ADVANCED_FACE('NOCUT',(#2597),#2405,.T.) ;
#2632=ADVANCED_FACE('NOCUT',(#2631),#2603,.F.) ;
#2671=ADVANCED_FACE('NOCUT',(#2670),#2343,.F.) ;
#2688=ADVANCED_FACE('NOCUT',(#2687),#1067,.T.) ;
#2796=ADVANCED_FACE('NOCUT',(#2795),#2689,.T.) ;
#2822=ADVANCED_FACE('NOCUT',(#2821),#2801,.F.) ;
#2864=ADVANCED_FACE('NOCUT',(#2863),#2827,.F.) ;
#2914=ADVANCED_FACE('NOCUT',(#2913),#2869,.F.) ;
#2963=ADVANCED_FACE('NOCUT',(#2962),#2919,.F.) ;
#3465=ADVANCED_FACE('NOCUT',(#3464),#2964,.F.) ;
#3483=ADVANCED_FACE('NOCUT',(#3482),#1592,.F.) ;
#3531=ADVANCED_FACE('NOCUT',(#3530),#3488,.F.) ;
#3570=ADVANCED_FACE('NOCUT',(#3569),#3488,.F.) ;
#3593=ADVANCED_FACE('NOCUT',(#3592),#1067,.T.) ;
#3632=ADVANCED_FACE('NOCUT',(#3631),#2603,.F.) ;
#3645=ADVANCED_FACE('NOCUT',(#3644),#1121,.F.) ;
#3664=ADVANCED_FACE('NOCUT',(#3663),#1121,.F.) ;
#4084=ADVANCED_FACE('NOCUT',(#4083),#3665,.T.) ;
#4421=ADVANCED_FACE('NOCUT',(#4420),#4085,.T.) ;
#4441=ADVANCED_FACE('NOCUT',(#4440),#2827,.F.) ;
#4676=ADVANCED_FACE('NOCUT',(#4675),#4442,.T.) ;
#4903=ADVANCED_FACE('NOCUT',(#4902),#4677,.T.) ;
#4940=ADVANCED_FACE('NOCUT',(#4939),#2405,.T.) ;
#5423=ADVANCED_FACE('NOCUT',(#5422),#4941,.F.) ;
#5452=ADVANCED_FACE('NOCUT',(#5451),#2869,.F.) ;
#5480=ADVANCED_FACE('NOCUT',(#5479),#2801,.F.) ;
#5575=ADVANCED_FACE('NOCUT',(#5574),#5481,.T.) ;
#5597=ADVANCED_FACE('NOCUT',(#5596),#2405,.T.) ;
#5614=ADVANCED_FACE('NOCUT',(#5613),#5602,.T.) ;
#5669=ADVANCED_FACE('NOCUT',(#5620,#5668),#1511,.T.) ;
#5709=ADVANCED_FACE('NOCUT',(#5708),#5674,.F.) ;
#5735=ADVANCED_FACE('NOCUT',(#5734),#5714,.F.) ;
#5740=ADVANCED_FACE('NOCUT',(#5739),#879,.F.) ;
#4=APPLICATION_PROTOCOL_DEFINITION('international standard','automotive_design',2001,#1) ;
#61=B_SPLINE_CURVE_WITH_KNOTS('',5,(#62,#63,#64,#65,#66,#67,#68,#69,#70,#71,#72,#73,#74,#75,#76,#77,#78,#79,#80,#81,#82,#83,#84,#85,#86,#87,#88,#89,#90,#91,#92,#93,#94,#95,#96,#97,#98,#99,#100,#101,#102,#103,#104,#105,#106),.UNSPECIFIED.,.F.,.U.,(6,3,3,3,3,3,3,3,3,3,3,3,3,3,6),(0.,2.7399862877,4.2008864054,5.30300515922,5.76156584474,6.18736406335,6.44100246433,7.10064731193,8.54003497827,11.7545941058,18.9813122687,25.4863795089,39.276708146,43.9431026664,47.6930139339),.UNSPECIFIED.) ;
#129=B_SPLINE_CURVE_WITH_KNOTS('',5,(#130,#131,#132,#133,#134,#135,#136,#137,#138,#139,#140,#141,#142,#143,#144,#145,#146,#147,#148,#149,#150,#151,#152,#153,#154,#155,#156,#157,#158,#159,#160,#161,#162,#163,#164,#165),.UNSPECIFIED.,.F.,.U.,(6,3,3,3,3,3,3,3,3,3,3,6),(0.,8.94790265174,19.7755421477,30.2389092454,34.6279770803,35.8759734555,36.7096019222,37.1211169595,37.3442145788,37.6055971313,37.9999619691,39.381697154),.UNSPECIFIED.) ;
#220=B_SPLINE_CURVE_WITH_KNOTS('',5,(#221,#222,#223,#224,#225,#226,#227,#228,#229,#230,#231,#232,#233,#234,#235,#236,#237,#238,#239,#240,#241,#242,#243,#244,#245,#246,#247,#248,#249,#250,#251,#252,#253,#254,#255,#256),.UNSPECIFIED.,.F.,.U.,(6,3,3,3,3,3,3,3,3,3,3,6),(0.,8.94790265208,19.7755421475,30.2389092451,34.6279770799,35.8759734549,36.7096019187,37.1211169564,37.3442145757,37.6055971282,37.9999619661,39.3816971512),.UNSPECIFIED.) ;
#262=B_SPLINE_CURVE_WITH_KNOTS('',5,(#263,#264,#265,#266,#267,#268,#269,#270,#271,#272,#273,#274,#275,#276,#277,#278,#279,#280,#281,#282,#283,#284,#285,#286,#287,#288,#289,#290,#291,#292,#293,#294,#295,#296,#297,#298,#299,#300,#301,#302,#303,#304,#305,#306,#307),.UNSPECIFIED.,.F.,.U.,(6,3,3,3,3,3,3,3,3,3,3,3,3,3,6),(0.,2.73998628761,4.20088640531,5.30300515809,5.76156584362,6.18736406082,6.44100246179,7.10064730919,8.54003497553,11.7545941031,18.981312266,25.4863795064,39.2767081433,43.9431026638,47.6930139315),.UNSPECIFIED.) ;
#508=B_SPLINE_CURVE_WITH_KNOTS('',3,(#509,#510,#511,#512),.UNSPECIFIED.,.F.,.U.,(4,4),(0.,17.9339136735),.UNSPECIFIED.) ;
#558=B_SPLINE_CURVE_WITH_KNOTS('',5,(#559,#560,#561,#562,#563,#564,#565,#566,#567,#568,#569,#570,#571,#572,#573),.UNSPECIFIED.,.F.,.U.,(6,3,3,3,6),(0.,0.575304756129,1.06464710624,1.68332844287,3.0480343009),.UNSPECIFIED.) ;
#584=B_SPLINE_CURVE_WITH_KNOTS('',5,(#585,#586,#587,#588,#589,#590,#591,#592,#593,#594,#595,#596,#597,#598,#599),.UNSPECIFIED.,.F.,.U.,(6,3,3,3,6),(0.,0.575304756165,1.06464710626,1.68332844288,3.04803430087),.UNSPECIFIED.) ;
#620=B_SPLINE_CURVE_WITH_KNOTS('',5,(#621,#622,#623,#624,#625,#626),.UNSPECIFIED.,.F.,.U.,(6,6),(0.,17.9339136709),.UNSPECIFIED.) ;
#880=B_SPLINE_CURVE_WITH_KNOTS('',5,(#881,#882,#883,#884,#885,#886,#887,#888,#889,#890,#891,#892,#893,#894,#895,#896,#897,#898),.UNSPECIFIED.,.F.,.U.,(6,3,3,3,3,6),(0.,1.12942355897,2.26788775886,3.405435028,4.54093677022,5.56377232579),.UNSPECIFIED.) ;
#904=B_SPLINE_CURVE_WITH_KNOTS('',5,(#905,#906,#907,#908,#909,#910,#911,#912,#913,#914,#915,#916,#917,#918,#919,#920,#921,#922),.UNSPECIFIED.,.F.,.U.,(6,3,3,3,3,6),(0.,1.12942355896,2.26788775886,3.40543502799,4.54093677021,5.5637723258),.UNSPECIFIED.) ;
#957=B_SPLINE_CURVE_WITH_KNOTS('',3,(#958,#959,#960,#961),.UNSPECIFIED.,.F.,.U.,(4,4),(0.,5.66968842259),.UNSPECIFIED.) ;
#1009=B_SPLINE_CURVE_WITH_KNOTS('',5,(#1010,#1011,#1012,#1013,#1014,#1015,#1016,#1017,#1018,#1019,#1020,#1021),.UNSPECIFIED.,.F.,.U.,(6,3,3,6),(0.,2.26788775885,3.405435028,5.56377232579),.UNSPECIFIED.) ;
#1042=B_SPLINE_CURVE_WITH_KNOTS('',5,(#1043,#1044,#1045,#1046,#1047,#1048,#1049,#1050,#1051,#1052,#1053,#1054),.UNSPECIFIED.,.F.,.U.,(6,3,3,6),(0.,2.26788775888,3.40543502802,5.56377232578),.UNSPECIFIED.) ;
#1068=B_SPLINE_CURVE_WITH_KNOTS('',3,(#1069,#1070,#1071,#1072),.UNSPECIFIED.,.F.,.U.,(4,4),(0.,15.3206241502),.UNSPECIFIED.) ;
#1085=B_SPLINE_CURVE_WITH_KNOTS('',3,(#1086,#1087,#1088,#1089),.UNSPECIFIED.,.F.,.U.,(4,4),(55.3085702678,65.7782959659),.UNSPECIFIED.) ;
#1104=B_SPLINE_CURVE_WITH_KNOTS('',3,(#1105,#1106,#1107,#1108),.UNSPECIFIED.,.F.,.U.,(4,4),(0.,5.66968842259),.UNSPECIFIED.) ;
#1122=B_SPLINE_CURVE_WITH_KNOTS('',3,(#1123,#1124,#1125,#1126),.UNSPECIFIED.,.F.,.U.,(4,4),(0.0350717269486,0.105018770766),.UNSPECIFIED.) ;
#1139=B_SPLINE_CURVE_WITH_KNOTS('',3,(#1140,#1141,#1142,#1143),.UNSPECIFIED.,.F.,.U.,(4,4),(28.0014201507,28.06016511),.UNSPECIFIED.) ;
#1206=B_SPLINE_CURVE_WITH_KNOTS('',4,(#1207,#1208,#1209,#1210,#1211),.UNSPECIFIED.,.F.,.U.,(5,5),(0.,2.97428730261),.UNSPECIFIED.) ;
#1217=B_SPLINE_CURVE_WITH_KNOTS('',4,(#1218,#1219,#1220,#1221,#1222),.UNSPECIFIED.,.F.,.U.,(5,5),(0.0571107825649,2.31564300081),.UNSPECIFIED.) ;
#1226=B_SPLINE_CURVE_WITH_KNOTS('',3,(#1227,#1228,#1229,#1230),.UNSPECIFIED.,.F.,.U.,(4,4),(8.20205085872E-015,0.057110574492),.UNSPECIFIED.) ;
#1234=B_SPLINE_CURVE_WITH_KNOTS('',3,(#1235,#1236,#1237,#1238),.UNSPECIFIED.,.F.,.U.,(4,4),(4.35340827431E-016,1.24178404689),.UNSPECIFIED.) ;
#1342=B_SPLINE_CURVE_WITH_KNOTS('',5,(#1343,#1344,#1345,#1346,#1347,#1348,#1349,#1350,#1351,#1352,#1353,#1354),.UNSPECIFIED.,.F.,.U.,(6,3,3,6),(0.,4.86007085615,12.4752680654,20.5957505796),.UNSPECIFIED.) ;
#1358=B_SPLINE_CURVE_WITH_KNOTS('',3,(#1359,#1360,#1361,#1362),.UNSPECIFIED.,.F.,.U.,(4,4),(0.,2.97009566966),.UNSPECIFIED.) ;
#1364=B_SPLINE_CURVE_WITH_KNOTS('',3,(#1365,#1366,#1367,#1368),.UNSPECIFIED.,.F.,.U.,(4,4),(6.17214973222,6.67200638556),.UNSPECIFIED.) ;
#1372=B_SPLINE_CURVE_WITH_KNOTS('',4,(#1373,#1374,#1375,#1376,#1377),.UNSPECIFIED.,.F.,.U.,(5,5),(17.1469054714,71.1878554852),.UNSPECIFIED.) ;
#1381=B_SPLINE_CURVE_WITH_KNOTS('',4,(#1382,#1383,#1384,#1385,#1386),.UNSPECIFIED.,.F.,.U.,(5,5),(0.,35.3734398928),.UNSPECIFIED.) ;
#1418=B_SPLINE_CURVE_WITH_KNOTS('',3,(#1419,#1420,#1421,#1422),.UNSPECIFIED.,.F.,.U.,(4,4),(0.,2.97009566957),.UNSPECIFIED.) ;
#1426=B_SPLINE_CURVE_WITH_KNOTS('',4,(#1427,#1428,#1429,#1430,#1431),.UNSPECIFIED.,.F.,.U.,(5,5),(0.,4.97540668293),.UNSPECIFIED.) ;
#1464=B_SPLINE_CURVE_WITH_KNOTS('',4,(#1465,#1466,#1467,#1468,#1469),.UNSPECIFIED.,.F.,.U.,(5,5),(0.,53.4923754265),.UNSPECIFIED.) ;
#1482=B_SPLINE_CURVE_WITH_KNOTS('',5,(#1483,#1484,#1485,#1486,#1487,#1488),.UNSPECIFIED.,.F.,.U.,(6,6),(0.,6.63107826817),.UNSPECIFIED.) ;
#1521=B_SPLINE_CURVE_WITH_KNOTS('',5,(#1522,#1523,#1524,#1525,#1526,#1527,#1528,#1529,#1530),.UNSPECIFIED.,.F.,.U.,(6,3,6),(0.,5.20353226681,6.12326818933),.UNSPECIFIED.) ;
#1593=B_SPLINE_CURVE_WITH_KNOTS('',3,(#1594,#1595,#1596,#1597),.UNSPECIFIED.,.F.,.U.,(4,4),(0.540499853838,0.558318262821),.UNSPECIFIED.) ;
#1608=B_SPLINE_CURVE_WITH_KNOTS('',3,(#1609,#1610,#1611,#1612),.UNSPECIFIED.,.F.,.U.,(4,4),(1.35182575372E-014,1.79056538271),.UNSPECIFIED.) ;
#1621=B_SPLINE_CURVE_WITH_KNOTS('',3,(#1622,#1623,#1624,#1625),.UNSPECIFIED.,.F.,.U.,(4,4),(0.0350717269486,0.105018770766),.UNSPECIFIED.) ;
#1791=B_SPLINE_CURVE_WITH_KNOTS('',3,(#1792,#1793,#1794,#1795),.UNSPECIFIED.,.F.,.U.,(4,4),(0.,0.926782244222),.UNSPECIFIED.) ;
#1799=B_SPLINE_CURVE_WITH_KNOTS('',5,(#1800,#1801,#1802,#1803,#1804,#1805,#1806,#1807,#1808,#1809,#1810,#1811,#1812,#1813,#1814,#1815,#1816,#1817,#1818,#1819,#1820,#1821,#1822,#1823),.UNSPECIFIED.,.F.,.U.,(6,3,3,3,3,3,3,6),(0.,5.37546115095,7.99050452248,9.87274804757,12.280479553,17.1282609904,21.6658279949,41.4706690924),.UNSPECIFIED.) ;
#1982=B_SPLINE_CURVE_WITH_KNOTS('',5,(#1983,#1984,#1985,#1986,#1987,#1988,#1989,#1990,#1991),.UNSPECIFIED.,.F.,.U.,(6,3,6),(0.,32.9561154901,71.1878554834),.UNSPECIFIED.) ;
#1995=B_SPLINE_CURVE_WITH_KNOTS('',4,(#1996,#1997,#1998,#1999,#2000),.UNSPECIFIED.,.F.,.U.,(5,5),(0.,35.3734398917),.UNSPECIFIED.) ;
#2022=B_SPLINE_CURVE_WITH_KNOTS('',4,(#2023,#2024,#2025,#2026,#2027),.UNSPECIFIED.,.F.,.U.,(5,5),(0.,4.9754066828),.UNSPECIFIED.) ;
#2199=B_SPLINE_CURVE_WITH_KNOTS('',5,(#2200,#2201,#2202,#2203,#2204,#2205,#2206,#2207,#2208,#2209,#2210,#2211,#2212,#2213,#2214),.UNSPECIFIED.,.F.,.U.,(6,3,3,3,6),(72.2127038812,72.6927636752,73.1617837644,73.6089175017,75.3973631183),.UNSPECIFIED.) ;
#2218=B_SPLINE_CURVE_WITH_KNOTS('',3,(#2219,#2220,#2221,#2222),.UNSPECIFIED.,.F.,.U.,(4,4),(0.,0.926782244225),.UNSPECIFIED.) ;
#2226=B_SPLINE_CURVE_WITH_KNOTS('',5,(#2227,#2228,#2229,#2230,#2231,#2232,#2233,#2234,#2235,#2236,#2237,#2238,#2239,#2240,#2241,#2242,#2243,#2244,#2245,#2246,#2247,#2248,#2249,#2250),.UNSPECIFIED.,.F.,.U.,(6,3,3,3,3,3,3,6),(0.,5.37546116172,7.99050453129,9.87274805684,12.2804795641,17.1282610063,21.665828014,41.4706690967),.UNSPECIFIED.) ;
#2317=B_SPLINE_CURVE_WITH_KNOTS('',4,(#2318,#2319,#2320,#2321,#2322),.UNSPECIFIED.,.F.,.U.,(5,5),(0.,2.97428730252),.UNSPECIFIED.) ;
#2326=B_SPLINE_CURVE_WITH_KNOTS('',3,(#2327,#2328,#2329,#2330),.UNSPECIFIED.,.F.,.U.,(4,4),(4.35340827431E-016,1.24178404689),.UNSPECIFIED.) ;
#2344=B_SPLINE_CURVE_WITH_KNOTS('',5,(#2345,#2346,#2347,#2348,#2349,#2350,#2351,#2352,#2353,#2354,#2355,#2356,#2357,#2358,#2359,#2360,#2361,#2362,#2363,#2364,#2365,#2366,#2367,#2368),.UNSPECIFIED.,.F.,.U.,(6,3,3,3,3,3,3,6),(6.49450267023E-015,4.45306495879,9.4422926685,11.430189946,13.4378150377,18.1960377173,21.6129387034,25.0298396894),.UNSPECIFIED.) ;
#2415=B_SPLINE_CURVE_WITH_KNOTS('',5,(#2416,#2417,#2418,#2419,#2420,#2421,#2422,#2423,#2424,#2425,#2426,#2427,#2428,#2429,#2430,#2431,#2432,#2433,#2434,#2435,#2436,#2437,#2438,#2439,#2440,#2441,#2442,#2443,#2444,#2445),.UNSPECIFIED.,.F.,.U.,(6,3,3,3,3,3,3,3,3,6),(0.,2.58698691723,5.16973636992,10.3437076983,20.6490164133,31.0058625611,36.1894299762,51.7588297526,64.7930313703,76.1122018108),.UNSPECIFIED.) ;
#2456=B_SPLINE_CURVE_WITH_KNOTS('',5,(#2457,#2458,#2459,#2460,#2461,#2462,#2463,#2464,#2465,#2466,#2467,#2468,#2469,#2470,#2471,#2472,#2473,#2474,#2475,#2476,#2477),.UNSPECIFIED.,.F.,.U.,(6,3,3,3,3,3,6),(0.,5.75528338777,11.5031502823,14.6921938621,17.2450601735,17.881237442,27.46532727),.UNSPECIFIED.) ;
#2486=B_SPLINE_CURVE_WITH_KNOTS('',3,(#2487,#2488,#2489,#2490),.UNSPECIFIED.,.F.,.U.,(4,4),(0.,4.62580108196),.UNSPECIFIED.) ;
#2494=B_SPLINE_CURVE_WITH_KNOTS('',5,(#2495,#2496,#2497,#2498,#2499,#2500),.UNSPECIFIED.,.F.,.U.,(6,6),(76.1215884285,95.3163628487),.UNSPECIFIED.) ;
#2502=B_SPLINE_CURVE_WITH_KNOTS('',5,(#2503,#2504,#2505,#2506,#2507,#2508,#2509,#2510,#2511,#2512,#2513,#2514,#2515,#2516,#2517,#2518,#2519,#2520,#2521,#2522,#2523,#2524,#2525,#2526,#2527,#2528,#2529,#2530,#2531,#2532,#2533,#2534,#2535,#2536,#2537,#2538,#2539,#2540,#2541,#2542,#2543,#2544,#2545,#2546,#2547,#2548,#2549,#2550,#2551,#2552,#2553,#2554,#2555,#2556,#2557,#2558,#2559,#2560,#2561,#2562,#2563,#2564,#2565,#2566,#2567,#2568,#2569,#2570,#2571,#2572,#2573,#2574,#2575,#2576,#2577,#2578,#2579,#2580),.UNSPECIFIED.,.F.,.U.,(6,3,3,3,3,3,3,3,3,3,3,3,3,3,3,3,3,3,3,3,3,3,3,3,3,6),(0.,5.74786148023,11.5054411524,14.375748902,15.9497323787,21.699845367,23.1639597085,27.5052591018,28.2572398757,28.9807921836,34.7760625225,36.9393300843,37.6396100302,40.523963069,47.7459393343,49.2517670732,52.1454904731,57.9415247777,58.666024563,59.3619310653,60.8109285423,63.7088990733,69.5197894065,70.2130138016,70.9376231363,73.3095037165),.UNSPECIFIED.) ;
#2611=B_SPLINE_CURVE_WITH_KNOTS('',3,(#2612,#2613,#2614,#2615),.UNSPECIFIED.,.F.,.U.,(4,4),(0.,0.58937927367),.UNSPECIFIED.) ;
#2617=B_SPLINE_CURVE_WITH_KNOTS('',3,(#2618,#2619,#2620,#2621),.UNSPECIFIED.,.F.,.U.,(4,4),(0.,3.46162285937),.UNSPECIFIED.) ;
#2633=B_SPLINE_CURVE_WITH_KNOTS('',4,(#2634,#2635,#2636,#2637,#2638),.UNSPECIFIED.,.F.,.U.,(5,5),(4.11102549657,15.7823274881),.UNSPECIFIED.) ;
#2642=B_SPLINE_CURVE_WITH_KNOTS('',3,(#2643,#2644,#2645,#2646),.UNSPECIFIED.,.F.,.U.,(4,4),(1.10647745835E-014,2.06712321842),.UNSPECIFIED.) ;
#2650=B_SPLINE_CURVE_WITH_KNOTS('',5,(#2651,#2652,#2653,#2654,#2655,#2656,#2657,#2658,#2659,#2660,#2661,#2662),.UNSPECIFIED.,.F.,.U.,(6,3,3,6),(0.,1.85124716838,4.26738700621,6.62232815231),.UNSPECIFIED.) ;
#2672=B_SPLINE_CURVE_WITH_KNOTS('',3,(#2673,#2674,#2675,#2676),.UNSPECIFIED.,.F.,.U.,(4,4),(0.,27.4535463133),.UNSPECIFIED.) ;
#2762=B_SPLINE_CURVE_WITH_KNOTS('',3,(#2763,#2764,#2765,#2766),.UNSPECIFIED.,.F.,.U.,(4,4),(2.01840897605,3.2852334743),.UNSPECIFIED.) ;
#2770=B_SPLINE_CURVE_WITH_KNOTS('',3,(#2771,#2772,#2773,#2774),.UNSPECIFIED.,.F.,.U.,(4,4),(0.,0.38565260044),.UNSPECIFIED.) ;
#2778=B_SPLINE_CURVE_WITH_KNOTS('',5,(#2779,#2780,#2781,#2782,#2783,#2784,#2785,#2786,#2787),.UNSPECIFIED.,.F.,.U.,(6,3,6),(0.,4.21213439769,7.22085665808),.UNSPECIFIED.) ;
#2809=B_SPLINE_CURVE_WITH_KNOTS('',3,(#2810,#2811,#2812,#2813),.UNSPECIFIED.,.F.,.U.,(4,4),(0.,6.88920476435),.UNSPECIFIED.) ;
#2828=B_SPLINE_CURVE_WITH_KNOTS('',3,(#2829,#2830,#2831,#2832),.UNSPECIFIED.,.F.,.U.,(4,4),(0.,10.253375776),.UNSPECIFIED.) ;
#2845=B_SPLINE_CURVE_WITH_KNOTS('',3,(#2846,#2847,#2848,#2849),.UNSPECIFIED.,.F.,.U.,(4,4),(0.,10.3652781718),.UNSPECIFIED.) ;
#2870=B_SPLINE_CURVE_WITH_KNOTS('',5,(#2871,#2872,#2873,#2874,#2875,#2876,#2877,#2878,#2879),.UNSPECIFIED.,.F.,.U.,(6,3,6),(13.3964925608,13.5552716853,15.315128365),.UNSPECIFIED.) ;
#2881=B_SPLINE_CURVE_WITH_KNOTS('',5,(#2882,#2883,#2884,#2885,#2886,#2887),.UNSPECIFIED.,.F.,.U.,(6,6),(0.0102447102775,1.7990237792),.UNSPECIFIED.) ;
#2891=B_SPLINE_CURVE_WITH_KNOTS('',5,(#2892,#2893,#2894,#2895,#2896,#2897,#2898,#2899,#2900,#2901,#2902,#2903),.UNSPECIFIED.,.F.,.U.,(6,3,3,6),(0.,3.2005461368,5.70427714438,5.87149371048),.UNSPECIFIED.) ;
#2920=B_SPLINE_CURVE_WITH_KNOTS('',5,(#2921,#2922,#2923,#2924,#2925,#2926,#2927,#2928,#2929,#2930,#2931,#2932),.UNSPECIFIED.,.F.,.U.,(6,3,3,6),(0.,4.95527088953,7.7751941792,7.87956317425),.UNSPECIFIED.) ;
#2943=B_SPLINE_CURVE_WITH_KNOTS('',5,(#2944,#2945,#2946,#2947,#2948,#2949,#2950,#2951,#2952,#2953,#2954,#2955),.UNSPECIFIED.,.F.,.U.,(6,3,3,6),(0.,4.95527090876,7.77519419849,7.87956317411),.UNSPECIFIED.) ;
#3343=B_SPLINE_CURVE_WITH_KNOTS('',3,(#3344,#3345,#3346,#3347),.UNSPECIFIED.,.F.,.U.,(4,4),(103.193380274,103.258777361),.UNSPECIFIED.) ;
#3351=B_SPLINE_CURVE_WITH_KNOTS('',5,(#3352,#3353,#3354,#3355,#3356,#3357,#3358,#3359,#3360,#3361,#3362,#3363,#3364,#3365,#3366),.UNSPECIFIED.,.F.,.U.,(6,3,3,3,6),(83.2495028017,88.2354719406,93.2214410795,98.2074102184,103.193379357),.UNSPECIFIED.) ;
#3370=B_SPLINE_CURVE_WITH_KNOTS('',4,(#3371,#3372,#3373,#3374,#3375),.UNSPECIFIED.,.F.,.U.,(5,5),(78.4198206299,83.2495027354),.UNSPECIFIED.) ;
#3379=B_SPLINE_CURVE_WITH_KNOTS('',3,(#3380,#3381,#3382,#3383),.UNSPECIFIED.,.F.,.U.,(4,4),(78.0538553642,78.4198206299),.UNSPECIFIED.) ;
#3387=B_SPLINE_CURVE_WITH_KNOTS('',3,(#3388,#3389,#3390,#3391),.UNSPECIFIED.,.F.,.U.,(4,4),(77.0199442958,78.0538553642),.UNSPECIFIED.) ;
#3395=B_SPLINE_CURVE_WITH_KNOTS('',4,(#3396,#3397,#3398,#3399,#3400),.UNSPECIFIED.,.F.,.U.,(5,5),(68.8131534822,77.0199442958),.UNSPECIFIED.) ;
#3404=B_SPLINE_CURVE_WITH_KNOTS('',3,(#3405,#3406,#3407,#3408),.UNSPECIFIED.,.F.,.U.,(4,4),(68.2106402131,68.8131534822),.UNSPECIFIED.) ;
#3412=B_SPLINE_CURVE_WITH_KNOTS('',5,(#3413,#3414,#3415,#3416,#3417,#3418,#3419,#3420,#3421,#3422,#3423,#3424,#3425,#3426,#3427,#3428,#3429,#3430,#3431,#3432,#3433,#3434,#3435,#3436,#3437,#3438,#3439,#3440,#3441,#3442,#3443,#3444,#3445,#3446,#3447,#3448),.UNSPECIFIED.,.F.,.U.,(6,3,3,3,3,3,3,3,3,3,3,6),(22.7480260055,25.5894393935,28.4308527814,34.1136795574,36.9550929454,39.7965063333,42.6379197213,45.4793331093,51.1621598852,56.8449866612,62.5278134371,68.2106402131),.UNSPECIFIED.) ;
#3466=B_SPLINE_CURVE_WITH_KNOTS('',2,(#3467,#3468,#3469),.UNSPECIFIED.,.F.,.U.,(3,3),(0.0207167849514,0.0247260757071),.UNSPECIFIED.) ;
#3489=B_SPLINE_CURVE_WITH_KNOTS('',5,(#3490,#3491,#3492,#3493,#3494,#3495,#3496,#3497,#3498,#3499,#3500,#3501,#3502,#3503,#3504,#3505,#3506,#3507,#3508,#3509,#3510,#3511,#3512,#3513),.UNSPECIFIED.,.F.,.U.,(6,3,3,3,3,3,3,6),(6.49450267023E-015,4.45306495879,9.4422926685,11.430189946,13.4378150377,18.1960377173,21.6129387034,25.0298396894),.UNSPECIFIED.) ;
#3532=B_SPLINE_CURVE_WITH_KNOTS('',4,(#3533,#3534,#3535,#3536,#3537),.UNSPECIFIED.,.F.,.U.,(5,5),(4.11102549679,15.7823274891),.UNSPECIFIED.) ;
#3541=B_SPLINE_CURVE_WITH_KNOTS('',3,(#3542,#3543,#3544,#3545),.UNSPECIFIED.,.F.,.U.,(4,4),(1.10647745835E-014,2.06712321842),.UNSPECIFIED.) ;
#3549=B_SPLINE_CURVE_WITH_KNOTS('',5,(#3550,#3551,#3552,#3553,#3554,#3555,#3556,#3557,#3558,#3559,#3560,#3561),.UNSPECIFIED.,.F.,.U.,(6,3,3,6),(0.,1.85124716838,4.26738700621,6.62232815231),.UNSPECIFIED.) ;
#3578=B_SPLINE_CURVE_WITH_KNOTS('',3,(#3579,#3580,#3581,#3582),.UNSPECIFIED.,.F.,.U.,(4,4),(0.,27.4535463119),.UNSPECIFIED.) ;
#3594=B_SPLINE_CURVE_WITH_KNOTS('',3,(#3595,#3596,#3597,#3598),.UNSPECIFIED.,.F.,.U.,(4,4),(0.540499853832,0.558318262814),.UNSPECIFIED.) ;
#3602=B_SPLINE_CURVE_WITH_KNOTS('',3,(#3603,#3604,#3605,#3606),.UNSPECIFIED.,.F.,.U.,(4,4),(0.,0.58937927367),.UNSPECIFIED.) ;
#3617=B_SPLINE_CURVE_WITH_KNOTS('',3,(#3618,#3619,#3620,#3621),.UNSPECIFIED.,.F.,.U.,(4,4),(0.,3.46162285939),.UNSPECIFIED.) ;
#3633=B_SPLINE_CURVE_WITH_KNOTS('',3,(#3634,#3635,#3636,#3637),.UNSPECIFIED.,.F.,.U.,(4,4),(1.35182575372E-014,1.79056538271),.UNSPECIFIED.) ;
#3646=B_SPLINE_CURVE_WITH_KNOTS('',2,(#3647,#3648,#3649),.UNSPECIFIED.,.F.,.U.,(3,3),(0.0207167849514,0.0247260757071),.UNSPECIFIED.) ;
#3653=B_SPLINE_CURVE_WITH_KNOTS('',3,(#3654,#3655,#3656,#3657),.UNSPECIFIED.,.F.,.U.,(4,4),(5.35633583486,5.42681199641),.UNSPECIFIED.) ;
#4026=B_SPLINE_CURVE_WITH_KNOTS('',5,(#4027,#4028,#4029,#4030,#4031,#4032,#4033,#4034,#4035,#4036,#4037,#4038,#4039,#4040,#4041),.UNSPECIFIED.,.F.,.U.,(6,3,3,3,6),(1.03734997111E-014,9.35444064737,14.0212163212,18.7006152866,23.4916569335),.UNSPECIFIED.) ;
#4045=B_SPLINE_CURVE_WITH_KNOTS('',5,(#4046,#4047,#4048,#4049,#4050,#4051,#4052,#4053,#4054,#4055,#4056,#4057,#4058,#4059,#4060,#4061,#4062,#4063,#4064,#4065,#4066,#4067,#4068,#4069),.UNSPECIFIED.,.F.,.U.,(6,3,3,3,3,3,3,6),(9.51787192928,10.0448579449,20.0338637626,32.6216463968,43.4939796992,54.7897133227,66.0873230804,68.106166785),.UNSPECIFIED.) ;
#4302=B_SPLINE_CURVE_WITH_KNOTS('',4,(#4303,#4304,#4305,#4306,#4307),.UNSPECIFIED.,.F.,.U.,(5,5),(0.,5.87149503181),.UNSPECIFIED.) ;
#4313=B_SPLINE_CURVE_WITH_KNOTS('',5,(#4314,#4315,#4316,#4317,#4318,#4319,#4320,#4321,#4322,#4323,#4324,#4325,#4326,#4327,#4328,#4329,#4330,#4331,#4332,#4333,#4334,#4335,#4336,#4337,#4338,#4339,#4340,#4341,#4342,#4343,#4344,#4345,#4346,#4347,#4348,#4349,#4350,#4351,#4352),.UNSPECIFIED.,.F.,.U.,(6,3,3,3,3,3,3,3,3,3,3,3,6),(17.5695227631,20.6380248317,23.6838687191,29.2975566447,36.0128912302,41.2662022954,47.6899138027,53.6166420284,56.5118860245,62.5681614836,65.5585070641,68.2322386427,70.9303187475),.UNSPECIFIED.) ;
#4356=B_SPLINE_CURVE_WITH_KNOTS('',3,(#4357,#4358,#4359,#4360),.UNSPECIFIED.,.F.,.U.,(4,4),(16.8628682825,17.5695227631),.UNSPECIFIED.) ;
#4364=B_SPLINE_CURVE_WITH_KNOTS('',5,(#4365,#4366,#4367,#4368,#4369,#4370,#4371,#4372,#4373),.UNSPECIFIED.,.F.,.U.,(6,3,6),(7.36645743752,11.7455287977,16.8628682825),.UNSPECIFIED.) ;
#4377=B_SPLINE_CURVE_WITH_KNOTS('',3,(#4378,#4379,#4380,#4381),.UNSPECIFIED.,.F.,.U.,(4,4),(6.15886767584,7.36645743752),.UNSPECIFIED.) ;
#4385=B_SPLINE_CURVE_WITH_KNOTS('',3,(#4386,#4387,#4388,#4389),.UNSPECIFIED.,.F.,.U.,(4,4),(5.72535834429,6.15886767584),.UNSPECIFIED.) ;
#4393=B_SPLINE_CURVE_WITH_KNOTS('',3,(#4394,#4395,#4396,#4397),.UNSPECIFIED.,.F.,.U.,(4,4),(2.30518055199E-009,5.72535834429),.UNSPECIFIED.) ;
#4399=B_SPLINE_CURVE_WITH_KNOTS('',3,(#4400,#4401,#4402,#4403),.UNSPECIFIED.,.F.,.U.,(4,4),(0.,10.2533892942),.UNSPECIFIED.) ;
#4422=B_SPLINE_CURVE_WITH_KNOTS('',3,(#4423,#4424,#4425,#4426),.UNSPECIFIED.,.F.,.U.,(4,4),(0.,10.3652781712),.UNSPECIFIED.) ;
#4633=B_SPLINE_CURVE_WITH_KNOTS('',5,(#4634,#4635,#4636,#4637,#4638,#4639,#4640,#4641,#4642),.UNSPECIFIED.,.F.,.U.,(6,3,6),(0.,4.21213439772,7.22085665809),.UNSPECIFIED.) ;
#4646=B_SPLINE_CURVE_WITH_KNOTS('',3,(#4647,#4648,#4649,#4650),.UNSPECIFIED.,.F.,.U.,(4,4),(0.,6.88920476037),.UNSPECIFIED.) ;
#4654=B_SPLINE_CURVE_WITH_KNOTS('',3,(#4655,#4656,#4657,#4658),.UNSPECIFIED.,.F.,.U.,(4,4),(13.396493727,15.3151297699),.UNSPECIFIED.) ;
#4840=B_SPLINE_CURVE_WITH_KNOTS('',5,(#4841,#4842,#4843,#4844,#4845,#4846),.UNSPECIFIED.,.F.,.U.,(6,6),(0.,19.1947744195),.UNSPECIFIED.) ;
#4852=B_SPLINE_CURVE_WITH_KNOTS('',3,(#4853,#4854,#4855,#4856),.UNSPECIFIED.,.F.,.U.,(4,4),(2.0184089761,3.28523347435),.UNSPECIFIED.) ;
#4858=B_SPLINE_CURVE_WITH_KNOTS('',5,(#4859,#4860,#4861,#4862,#4863,#4864,#4865,#4866,#4867,#4868,#4869,#4870,#4871,#4872,#4873,#4874,#4875,#4876,#4877,#4878,#4879,#4880,#4881,#4882,#4883,#4884,#4885,#4886,#4887,#4888),.UNSPECIFIED.,.F.,.U.,(6,3,3,3,3,3,3,3,3,6),(0.,2.58698691723,5.16973638549,10.3437077139,20.6490164369,31.0058625933,36.1894300084,51.7588297848,64.7930314025,76.1122018428),.UNSPECIFIED.) ;
#4904=B_SPLINE_CURVE_WITH_KNOTS('',5,(#4905,#4906,#4907,#4908,#4909,#4910,#4911,#4912,#4913,#4914,#4915,#4916,#4917,#4918,#4919,#4920,#4921,#4922,#4923,#4924,#4925),.UNSPECIFIED.,.F.,.U.,(6,3,3,3,3,3,6),(0.,5.75528338603,11.5031502805,14.6921745177,17.2450601805,17.8811987549,27.4652885829),.UNSPECIFIED.) ;
#5320=B_SPLINE_CURVE_WITH_KNOTS('',3,(#5321,#5322,#5323,#5324),.UNSPECIFIED.,.F.,.U.,(4,4),(0.0102447102775,1.7990237792),.UNSPECIFIED.) ;
#5328=B_SPLINE_CURVE_WITH_KNOTS('',5,(#5329,#5330,#5331,#5332,#5333,#5334,#5335,#5336,#5337,#5338,#5339,#5340,#5341,#5342,#5343,#5344,#5345,#5346,#5347,#5348,#5349,#5350,#5351,#5352,#5353,#5354,#5355,#5356,#5357,#5358,#5359,#5360,#5361,#5362,#5363,#5364,#5365,#5366,#5367,#5368,#5369,#5370,#5371,#5372,#5373,#5374,#5375,#5376,#5377,#5378,#5379,#5380,#5381,#5382,#5383,#5384,#5385,#5386,#5387,#5388,#5389,#5390,#5391,#5392,#5393,#5394,#5395,#5396,#5397,#5398,#5399,#5400,#5401,#5402,#5403,#5404,#5405,#5406),.UNSPECIFIED.,.F.,.U.,(6,3,3,3,3,3,3,3,3,3,3,3,3,3,3,3,3,3,3,3,3,3,3,3,3,6),(0.,5.74786148023,11.5054411551,14.3757489047,15.9497381631,21.6998511495,23.1639651266,27.50526452,28.2572460712,28.980798379,34.7760687174,36.9393362793,37.6396157153,40.5239687541,47.7459450202,49.251772923,52.1454963229,57.941530627,58.6660304123,59.3619373372,60.8109348141,63.7089053452,69.5197956779,70.2130199421,70.9376292768,73.309509857),.UNSPECIFIED.) ;
#5467=B_SPLINE_CURVE_WITH_KNOTS('',3,(#5468,#5469,#5470,#5471),.UNSPECIFIED.,.F.,.U.,(4,4),(0.,0.385770521245),.UNSPECIFIED.) ;
#5554=B_SPLINE_CURVE_WITH_KNOTS('',3,(#5555,#5556,#5557,#5558),.UNSPECIFIED.,.F.,.U.,(4,4),(0.,4.62580108196),.UNSPECIFIED.) ;
#5562=B_SPLINE_CURVE_WITH_KNOTS('',3,(#5563,#5564,#5565,#5566),.UNSPECIFIED.,.F.,.U.,(4,4),(0.,6.12326818933),.UNSPECIFIED.) ;
#5621=B_SPLINE_CURVE_WITH_KNOTS('',5,(#5622,#5623,#5624,#5625,#5626,#5627,#5628,#5629,#5630,#5631,#5632,#5633,#5634,#5635,#5636,#5637,#5638,#5639),.UNSPECIFIED.,.F.,.U.,(6,3,3,3,3,6),(0.,1.12942355899,2.26788775887,3.40543502801,4.5409367702,5.56377232579),.UNSPECIFIED.) ;
#5645=B_SPLINE_CURVE_WITH_KNOTS('',5,(#5646,#5647,#5648,#5649,#5650,#5651,#5652,#5653,#5654,#5655,#5656,#5657,#5658,#5659,#5660,#5661,#5662,#5663),.UNSPECIFIED.,.F.,.U.,(6,3,3,3,3,6),(0.,1.12942355896,2.26788775885,3.40543502799,4.54093677018,5.56377232578),.UNSPECIFIED.) ;
#5675=B_SPLINE_CURVE_WITH_KNOTS('',5,(#5676,#5677,#5678,#5679,#5680,#5681,#5682,#5683,#5684,#5685,#5686,#5687),.UNSPECIFIED.,.F.,.U.,(6,3,3,6),(0.,2.26788775889,3.40543502803,5.56377232584),.UNSPECIFIED.) ;
#5715=B_SPLINE_CURVE_WITH_KNOTS('',5,(#5716,#5717,#5718,#5719,#5720,#5721,#5722,#5723,#5724,#5725,#5726,#5727),.UNSPECIFIED.,.F.,.U.,(6,3,3,6),(0.,2.2678877589,3.40543502804,5.56377232584),.UNSPECIFIED.) ;
#1151=B_SPLINE_SURFACE_WITH_KNOTS('',5,5,((#1152,#1153,#1154,#1155,#1156,#1157),(#1158,#1159,#1160,#1161,#1162,#1163),(#1164,#1165,#1166,#1167,#1168,#1169),(#1170,#1171,#1172,#1173,#1174,#1175),(#1176,#1177,#1178,#1179,#1180,#1181),(#1182,#1183,#1184,#1185,#1186,#1187),(#1188,#1189,#1190,#1191,#1192,#1193),(#1194,#1195,#1196,#1197,#1198,#1199),(#1200,#1201,#1202,#1203,#1204,#1205)),.UNSPECIFIED.,.F.,.F.,.U.,(6,3,6),(6,6),(0.,1.1578215004,2.31564300081),(0.,1.24178578744),.UNSPECIFIED.) ;
#1247=B_SPLINE_SURFACE_WITH_KNOTS('',5,5,((#1248,#1249,#1250,#1251,#1252,#1253),(#1254,#1255,#1256,#1257,#1258,#1259),(#1260,#1261,#1262,#1263,#1264,#1265),(#1266,#1267,#1268,#1269,#1270,#1271),(#1272,#1273,#1274,#1275,#1276,#1277),(#1278,#1279,#1280,#1281,#1282,#1283),(#1284,#1285,#1286,#1287,#1288,#1289),(#1290,#1291,#1292,#1293,#1294,#1295),(#1296,#1297,#1298,#1299,#1300,#1301),(#1302,#1303,#1304,#1305,#1306,#1307),(#1308,#1309,#1310,#1311,#1312,#1313),(#1314,#1315,#1316,#1317,#1318,#1319)),.UNSPECIFIED.,.F.,.F.,.U.,(6,3,3,6),(6,6),(-2.22044604925E-016,4.86007085615,12.4752680654,20.5957505796),(0.,6.81155555787),.UNSPECIFIED.) ;
#2046=B_SPLINE_SURFACE_WITH_KNOTS('',5,5,((#2047,#2048,#2049,#2050,#2051,#2052,#2053,#2054,#2055,#2056,#2057,#2058),(#2059,#2060,#2061,#2062,#2063,#2064,#2065,#2066,#2067,#2068,#2069,#2070),(#2071,#2072,#2073,#2074,#2075,#2076,#2077,#2078,#2079,#2080,#2081,#2082),(#2083,#2084,#2085,#2086,#2087,#2088,#2089,#2090,#2091,#2092,#2093,#2094),(#2095,#2096,#2097,#2098,#2099,#2100,#2101,#2102,#2103,#2104,#2105,#2106),(#2107,#2108,#2109,#2110,#2111,#2112,#2113,#2114,#2115,#2116,#2117,#2118),(#2119,#2120,#2121,#2122,#2123,#2124,#2125,#2126,#2127,#2128,#2129,#2130),(#2131,#2132,#2133,#2134,#2135,#2136,#2137,#2138,#2139,#2140,#2141,#2142),(#2143,#2144,#2145,#2146,#2147,#2148,#2149,#2150,#2151,#2152,#2153,#2154),(#2155,#2156,#2157,#2158,#2159,#2160,#2161,#2162,#2163,#2164,#2165,#2166),(#2167,#2168,#2169,#2170,#2171,#2172,#2173,#2174,#2175,#2176,#2177,#2178),(#2179,#2180,#2181,#2182,#2183,#2184,#2185,#2186,#2187,#2188,#2189,#2190)),.UNSPECIFIED.,.F.,.F.,.U.,(6,3,3,6),(6,3,3,6),(0.,4.86007085615,12.4752680654,22.5740149169),(26.1497454993,29.8224852486,33.495224998,40.8407044967),.UNSPECIFIED.) ;
#2262=B_SPLINE_SURFACE_WITH_KNOTS('',5,5,((#2263,#2264,#2265,#2266,#2267,#2268),(#2269,#2270,#2271,#2272,#2273,#2274),(#2275,#2276,#2277,#2278,#2279,#2280),(#2281,#2282,#2283,#2284,#2285,#2286),(#2287,#2288,#2289,#2290,#2291,#2292),(#2293,#2294,#2295,#2296,#2297,#2298),(#2299,#2300,#2301,#2302,#2303,#2304),(#2305,#2306,#2307,#2308,#2309,#2310),(#2311,#2312,#2313,#2314,#2315,#2316)),.UNSPECIFIED.,.F.,.F.,.U.,(6,3,6),(6,6),(0.,1.1578215004,2.31564300081),(0.,1.24178578744),.UNSPECIFIED.) ;
#2689=B_SPLINE_SURFACE_WITH_KNOTS('',5,5,((#2690,#2691,#2692,#2693,#2694,#2695),(#2696,#2697,#2698,#2699,#2700,#2701),(#2702,#2703,#2704,#2705,#2706,#2707),(#2708,#2709,#2710,#2711,#2712,#2713),(#2714,#2715,#2716,#2717,#2718,#2719),(#2720,#2721,#2722,#2723,#2724,#2725),(#2726,#2727,#2728,#2729,#2730,#2731),(#2732,#2733,#2734,#2735,#2736,#2737),(#2738,#2739,#2740,#2741,#2742,#2743),(#2744,#2745,#2746,#2747,#2748,#2749),(#2750,#2751,#2752,#2753,#2754,#2755),(#2756,#2757,#2758,#2759,#2760,#2761)),.UNSPECIFIED.,.F.,.F.,.U.,(6,3,3,6),(6,6),(11.1283471008,12.2622034701,13.3960598394,14.5899347863),(-0.676892762561,3.65789175465),.UNSPECIFIED.) ;
#2964=B_SPLINE_SURFACE_WITH_KNOTS('',5,5,((#2965,#2966,#2967,#2968,#2969,#2970),(#2971,#2972,#2973,#2974,#2975,#2976),(#2977,#2978,#2979,#2980,#2981,#2982),(#2983,#2984,#2985,#2986,#2987,#2988),(#2989,#2990,#2991,#2992,#2993,#2994),(#2995,#2996,#2997,#2998,#2999,#3000),(#3001,#3002,#3003,#3004,#3005,#3006),(#3007,#3008,#3009,#3010,#3011,#3012),(#3013,#3014,#3015,#3016,#3017,#3018),(#3019,#3020,#3021,#3022,#3023,#3024),(#3025,#3026,#3027,#3028,#3029,#3030),(#3031,#3032,#3033,#3034,#3035,#3036),(#3037,#3038,#3039,#3040,#3041,#3042),(#3043,#3044,#3045,#3046,#3047,#3048),(#3049,#3050,#3051,#3052,#3053,#3054),(#3055,#3056,#3057,#3058,#3059,#3060),(#3061,#3062,#3063,#3064,#3065,#3066),(#3067,#3068,#3069,#3070,#3071,#3072),(#3073,#3074,#3075,#3076,#3077,#3078),(#3079,#3080,#3081,#3082,#3083,#3084),(#3085,#3086,#3087,#3088,#3089,#3090),(#3091,#3092,#3093,#3094,#3095,#3096),(#3097,#3098,#3099,#3100,#3101,#3102),(#3103,#3104,#3105,#3106,#3107,#3108),(#3109,#3110,#3111,#3112,#3113,#3114),(#3115,#3116,#3117,#3118,#3119,#3120),(#3121,#3122,#3123,#3124,#3125,#3126),(#3127,#3128,#3129,#3130,#3131,#3132),(#3133,#3134,#3135,#3136,#3137,#3138),(#3139,#3140,#3141,#3142,#3143,#3144),(#3145,#3146,#3147,#3148,#3149,#3150),(#3151,#3152,#3153,#3154,#3155,#3156),(#3157,#3158,#3159,#3160,#3161,#3162),(#3163,#3164,#3165,#3166,#3167,#3168),(#3169,#3170,#3171,#3172,#3173,#3174),(#3175,#3176,#3177,#3178,#3179,#3180),(#3181,#3182,#3183,#3184,#3185,#3186),(#3187,#3188,#3189,#3190,#3191,#3192),(#3193,#3194,#3195,#3196,#3197,#3198),(#3199,#3200,#3201,#3202,#3203,#3204),(#3205,#3206,#3207,#3208,#3209,#3210),(#3211,#3212,#3213,#3214,#3215,#3216),(#3217,#3218,#3219,#3220,#3221,#3222),(#3223,#3224,#3225,#3226,#3227,#3228),(#3229,#3230,#3231,#3232,#3233,#3234),(#3235,#3236,#3237,#3238,#3239,#3240),(#3241,#3242,#3243,#3244,#3245,#3246),(#3247,#3248,#3249,#3250,#3251,#3252),(#3253,#3254,#3255,#3256,#3257,#3258),(#3259,#3260,#3261,#3262,#3263,#3264),(#3265,#3266,#3267,#3268,#3269,#3270),(#3271,#3272,#3273,#3274,#3275,#3276),(#3277,#3278,#3279,#3280,#3281,#3282),(#3283,#3284,#3285,#3286,#3287,#3288),(#3289,#3290,#3291,#3292,#3293,#3294),(#3295,#3296,#3297,#3298,#3299,#3300),(#3301,#3302,#3303,#3304,#3305,#3306),(#3307,#3308,#3309,#3310,#3311,#3312),(#3313,#3314,#3315,#3316,#3317,#3318),(#3319,#3320,#3321,#3322,#3323,#3324),(#3325,#3326,#3327,#3328,#3329,#3330),(#3331,#3332,#3333,#3334,#3335,#3336),(#3337,#3338,#3339,#3340,#3341,#3342)),.UNSPECIFIED.,.F.,.F.,.U.,(6,3,3,3,3,3,3,3,3,3,3,3,3,3,3,3,3,3,3,3,6),(6,6),(22.7480260055,25.7264116801,27.8817090427,30.0370064052,34.3476011304,38.6581958556,42.9687905808,47.2793853059,51.5899800311,55.307831444,59.0256828569,63.5481976717,69.1991979291,73.3224044484,77.4456109677,81.7444909366,86.0433709055,90.3404794083,94.637587911,98.9481826362,103.258777361),(0.,1.2418631018),.UNSPECIFIED.) ;
#3665=B_SPLINE_SURFACE_WITH_KNOTS('',5,5,((#3666,#3667,#3668,#3669,#3670,#3671,#3672,#3673,#3674,#3675,#3676,#3677,#3678,#3679,#3680),(#3681,#3682,#3683,#3684,#3685,#3686,#3687,#3688,#3689,#3690,#3691,#3692,#3693,#3694,#3695),(#3696,#3697,#3698,#3699,#3700,#3701,#3702,#3703,#3704,#3705,#3706,#3707,#3708,#3709,#3710),(#3711,#3712,#3713,#3714,#3715,#3716,#3717,#3718,#3719,#3720,#3721,#3722,#3723,#3724,#3725),(#3726,#3727,#3728,#3729,#3730,#3731,#3732,#3733,#3734,#3735,#3736,#3737,#3738,#3739,#3740),(#3741,#3742,#3743,#3744,#3745,#3746,#3747,#3748,#3749,#3750,#3751,#3752,#3753,#3754,#3755),(#3756,#3757,#3758,#3759,#3760,#3761,#3762,#3763,#3764,#3765,#3766,#3767,#3768,#3769,#3770),(#3771,#3772,#3773,#3774,#3775,#3776,#3777,#3778,#3779,#3780,#3781,#3782,#3783,#3784,#3785),(#3786,#3787,#3788,#3789,#3790,#3791,#3792,#3793,#3794,#3795,#3796,#3797,#3798,#3799,#3800),(#3801,#3802,#3803,#3804,#3805,#3806,#3807,#3808,#3809,#3810,#3811,#3812,#3813,#3814,#3815),(#3816,#3817,#3818,#3819,#3820,#3821,#3822,#3823,#3824,#3825,#3826,#3827,#3828,#3829,#3830),(#3831,#3832,#3833,#3834,#3835,#3836,#3837,#3838,#3839,#3840,#3841,#3842,#3843,#3844,#3845),(#3846,#3847,#3848,#3849,#3850,#3851,#3852,#3853,#3854,#3855,#3856,#3857,#3858,#3859,#3860),(#3861,#3862,#3863,#3864,#3865,#3866,#3867,#3868,#3869,#3870,#3871,#3872,#3873,#3874,#3875),(#3876,#3877,#3878,#3879,#3880,#3881,#3882,#3883,#3884,#3885,#3886,#3887,#3888,#3889,#3890),(#3891,#3892,#3893,#3894,#3895,#3896,#3897,#3898,#3899,#3900,#3901,#3902,#3903,#3904,#3905),(#3906,#3907,#3908,#3909,#3910,#3911,#3912,#3913,#3914,#3915,#3916,#3917,#3918,#3919,#3920),(#3921,#3922,#3923,#3924,#3925,#3926,#3927,#3928,#3929,#3930,#3931,#3932,#3933,#3934,#3935),(#3936,#3937,#3938,#3939,#3940,#3941,#3942,#3943,#3944,#3945,#3946,#3947,#3948,#3949,#3950),(#3951,#3952,#3953,#3954,#3955,#3956,#3957,#3958,#3959,#3960,#3961,#3962,#3963,#3964,#3965),(#3966,#3967,#3968,#3969,#3970,#3971,#3972,#3973,#3974,#3975,#3976,#3977,#3978,#3979,#3980),(#3981,#3982,#3983,#3984,#3985,#3986,#3987,#3988,#3989,#3990,#3991,#3992,#3993,#3994,#3995),(#3996,#3997,#3998,#3999,#4000,#4001,#4002,#4003,#4004,#4005,#4006,#4007,#4008,#4009,#4010),(#4011,#4012,#4013,#4014,#4015,#4016,#4017,#4018,#4019,#4020,#4021,#4022,#4023,#4024,#4025)),.UNSPECIFIED.,.F.,.F.,.U.,(6,3,3,3,3,3,3,6),(6,3,3,3,6),(9.51787192825,20.0338637626,32.6216463968,43.4939796992,54.7897133227,66.0873230804,75.7740110976,84.2721554899),(0.,5.42137191614,10.8427438323,16.2641157484,21.6854876646),.UNSPECIFIED.) ;
#4085=B_SPLINE_SURFACE_WITH_KNOTS('',5,5,((#4086,#4087,#4088,#4089,#4090,#4091,#4092,#4093,#4094,#4095,#4096,#4097),(#4098,#4099,#4100,#4101,#4102,#4103,#4104,#4105,#4106,#4107,#4108,#4109),(#4110,#4111,#4112,#4113,#4114,#4115,#4116,#4117,#4118,#4119,#4120,#4121),(#4122,#4123,#4124,#4125,#4126,#4127,#4128,#4129,#4130,#4131,#4132,#4133),(#4134,#4135,#4136,#4137,#4138,#4139,#4140,#4141,#4142,#4143,#4144,#4145),(#4146,#4147,#4148,#4149,#4150,#4151,#4152,#4153,#4154,#4155,#4156,#4157),(#4158,#4159,#4160,#4161,#4162,#4163,#4164,#4165,#4166,#4167,#4168,#4169),(#4170,#4171,#4172,#4173,#4174,#4175,#4176,#4177,#4178,#4179,#4180,#4181),(#4182,#4183,#4184,#4185,#4186,#4187,#4188,#4189,#4190,#4191,#4192,#4193),(#4194,#4195,#4196,#4197,#4198,#4199,#4200,#4201,#4202,#4203,#4204,#4205),(#4206,#4207,#4208,#4209,#4210,#4211,#4212,#4213,#4214,#4215,#4216,#4217),(#4218,#4219,#4220,#4221,#4222,#4223,#4224,#4225,#4226,#4227,#4228,#4229),(#4230,#4231,#4232,#4233,#4234,#4235,#4236,#4237,#4238,#4239,#4240,#4241),(#4242,#4243,#4244,#4245,#4246,#4247,#4248,#4249,#4250,#4251,#4252,#4253),(#4254,#4255,#4256,#4257,#4258,#4259,#4260,#4261,#4262,#4263,#4264,#4265),(#4266,#4267,#4268,#4269,#4270,#4271,#4272,#4273,#4274,#4275,#4276,#4277),(#4278,#4279,#4280,#4281,#4282,#4283,#4284,#4285,#4286,#4287,#4288,#4289),(#4290,#4291,#4292,#4293,#4294,#4295,#4296,#4297,#4298,#4299,#4300,#4301)),.UNSPECIFIED.,.F.,.F.,.U.,(6,3,3,3,3,6),(6,3,3,6),(8.71396129247,20.0338637626,32.6216463968,43.4939796992,54.7897133227,68.106166785),(26.7226373823,30.2521541609,33.7816709395,40.8407044967),.UNSPECIFIED.) ;
#4941=B_SPLINE_SURFACE_WITH_KNOTS('',5,5,((#4942,#4943,#4944,#4945,#4946,#4947),(#4948,#4949,#4950,#4951,#4952,#4953),(#4954,#4955,#4956,#4957,#4958,#4959),(#4960,#4961,#4962,#4963,#4964,#4965),(#4966,#4967,#4968,#4969,#4970,#4971),(#4972,#4973,#4974,#4975,#4976,#4977),(#4978,#4979,#4980,#4981,#4982,#4983),(#4984,#4985,#4986,#4987,#4988,#4989),(#4990,#4991,#4992,#4993,#4994,#4995),(#4996,#4997,#4998,#4999,#5000,#5001),(#5002,#5003,#5004,#5005,#5006,#5007),(#5008,#5009,#5010,#5011,#5012,#5013),(#5014,#5015,#5016,#5017,#5018,#5019),(#5020,#5021,#5022,#5023,#5024,#5025),(#5026,#5027,#5028,#5029,#5030,#5031),(#5032,#5033,#5034,#5035,#5036,#5037),(#5038,#5039,#5040,#5041,#5042,#5043),(#5044,#5045,#5046,#5047,#5048,#5049),(#5050,#5051,#5052,#5053,#5054,#5055),(#5056,#5057,#5058,#5059,#5060,#5061),(#5062,#5063,#5064,#5065,#5066,#5067),(#5068,#5069,#5070,#5071,#5072,#5073),(#5074,#5075,#5076,#5077,#5078,#5079),(#5080,#5081,#5082,#5083,#5084,#5085),(#5086,#5087,#5088,#5089,#5090,#5091),(#5092,#5093,#5094,#5095,#5096,#5097),(#5098,#5099,#5100,#5101,#5102,#5103),(#5104,#5105,#5106,#5107,#5108,#5109),(#5110,#5111,#5112,#5113,#5114,#5115),(#5116,#5117,#5118,#5119,#5120,#5121),(#5122,#5123,#5124,#5125,#5126,#5127),(#5128,#5129,#5130,#5131,#5132,#5133),(#5134,#5135,#5136,#5137,#5138,#5139),(#5140,#5141,#5142,#5143,#5144,#5145),(#5146,#5147,#5148,#5149,#5150,#5151),(#5152,#5153,#5154,#5155,#5156,#5157),(#5158,#5159,#5160,#5161,#5162,#5163),(#5164,#5165,#5166,#5167,#5168,#5169),(#5170,#5171,#5172,#5173,#5174,#5175),(#5176,#5177,#5178,#5179,#5180,#5181),(#5182,#5183,#5184,#5185,#5186,#5187),(#5188,#5189,#5190,#5191,#5192,#5193),(#5194,#5195,#5196,#5197,#5198,#5199),(#5200,#5201,#5202,#5203,#5204,#5205),(#5206,#5207,#5208,#5209,#5210,#5211),(#5212,#5213,#5214,#5215,#5216,#5217),(#5218,#5219,#5220,#5221,#5222,#5223),(#5224,#5225,#5226,#5227,#5228,#5229),(#5230,#5231,#5232,#5233,#5234,#5235),(#5236,#5237,#5238,#5239,#5240,#5241),(#5242,#5243,#5244,#5245,#5246,#5247),(#5248,#5249,#5250,#5251,#5252,#5253),(#5254,#5255,#5256,#5257,#5258,#5259),(#5260,#5261,#5262,#5263,#5264,#5265),(#5266,#5267,#5268,#5269,#5270,#5271),(#5272,#5273,#5274,#5275,#5276,#5277),(#5278,#5279,#5280,#5281,#5282,#5283),(#5284,#5285,#5286,#5287,#5288,#5289),(#5290,#5291,#5292,#5293,#5294,#5295),(#5296,#5297,#5298,#5299,#5300,#5301),(#5302,#5303,#5304,#5305,#5306,#5307),(#5308,#5309,#5310,#5311,#5312,#5313),(#5314,#5315,#5316,#5317,#5318,#5319)),.UNSPECIFIED.,.F.,.F.,.U.,(6,3,3,3,3,3,3,3,3,3,3,3,3,3,3,3,3,3,3,3,6),(6,6),(22.7479774792,25.7264116801,27.8817090427,30.0370064052,34.3476011304,38.6581958556,42.9687905808,47.2793853059,51.5899800311,55.307831444,59.0256828569,63.5481976717,69.1991979291,73.3224044484,77.4456109677,81.7444909366,86.0433709055,90.3404794083,94.637587911,98.9481826362,103.258777361),(0.,1.2418631018),.UNSPECIFIED.) ;
#5481=B_SPLINE_SURFACE_WITH_KNOTS('',5,5,((#5482,#5483,#5484,#5485,#5486,#5487),(#5488,#5489,#5490,#5491,#5492,#5493),(#5494,#5495,#5496,#5497,#5498,#5499),(#5500,#5501,#5502,#5503,#5504,#5505),(#5506,#5507,#5508,#5509,#5510,#5511),(#5512,#5513,#5514,#5515,#5516,#5517),(#5518,#5519,#5520,#5521,#5522,#5523),(#5524,#5525,#5526,#5527,#5528,#5529),(#5530,#5531,#5532,#5533,#5534,#5535),(#5536,#5537,#5538,#5539,#5540,#5541),(#5542,#5543,#5544,#5545,#5546,#5547),(#5548,#5549,#5550,#5551,#5552,#5553)),.UNSPECIFIED.,.F.,.F.,.U.,(6,3,3,6),(6,6),(11.1283471008,12.2622034701,13.3960598394,14.5899347863),(-0.676892762561,3.65789175465),.UNSPECIFIED.) ;
#22=MANIFOLD_SOLID_BREP('NOCUT',#31) ;
#40=CIRCLE('generated circle',#39,1.4) ;
#49=CIRCLE('generated circle',#48,1.4) ;
#198=CIRCLE('generated circle',#197,9.4) ;
#213=CIRCLE('generated circle',#212,9.4) ;
#329=CIRCLE('generated circle',#328,1.4) ;
#348=CIRCLE('generated circle',#347,1.4) ;
#370=CIRCLE('generated circle',#369,9.4) ;
#396=CIRCLE('generated circle',#395,9.4) ;
#427=CIRCLE('generated circle',#426,9.68867513459) ;
#444=CIRCLE('generated circle',#443,9.68867513459) ;
#470=CIRCLE('generated circle',#469,11.5) ;
#477=CIRCLE('generated circle',#476,11.5) ;
#504=CIRCLE('generated circle',#503,12.5) ;
#529=CIRCLE('generated circle',#528,12.5) ;
#538=CIRCLE('generated circle',#537,12.5) ;
#645=CIRCLE('generated circle',#644,12.5) ;
#669=CIRCLE('generated circle',#668,12.5) ;
#691=CIRCLE('generated circle',#690,12.5) ;
#718=CIRCLE('generated circle',#717,12.15) ;
#737=CIRCLE('generated circle',#736,12.15) ;
#761=CIRCLE('generated circle',#760,12.15) ;
#780=CIRCLE('generated circle',#779,12.15) ;
#797=CIRCLE('generated circle',#796,0.8) ;
#804=CIRCLE('generated circle',#803,13.2236161147) ;
#811=CIRCLE('generated circle',#810,0.8) ;
#823=CIRCLE('generated circle',#822,13.2236161147) ;
#847=CIRCLE('generated circle',#846,14.0526786814) ;
#866=CIRCLE('generated circle',#865,14.0526786814) ;
#937=CIRCLE('generated circle',#936,15.7) ;
#953=CIRCLE('generated circle',#952,16.) ;
#985=CIRCLE('generated circle',#984,15.7) ;
#1081=CIRCLE('generated circle',#1080,16.) ;
#1100=CIRCLE('generated circle',#1099,16.) ;
#1135=CIRCLE('generated circle',#1134,6.5) ;
#1414=CIRCLE('generated circle',#1413,16.) ;
#1438=CIRCLE('generated circle',#1437,16.) ;
#1515=CIRCLE('generated circle',#1514,5.) ;
#1537=CIRCLE('generated circle',#1536,9.25) ;
#1604=CIRCLE('generated circle',#1603,6.5) ;
#1632=CIRCLE('generated circle',#1631,6.5) ;
#2034=CIRCLE('generated circle',#2033,16.) ;
#2377=CIRCLE('generated circle',#2376,6.5) ;
#2384=CIRCLE('generated circle',#2383,6.5) ;
#2389=CIRCLE('generated circle',#2388,6.5) ;
#2452=CIRCLE('generated circle',#2451,9.25) ;
#2587=CIRCLE('generated circle',#2586,9.25) ;
#2607=CIRCLE('generated circle',#2606,9.64317919521) ;
#2805=CIRCLE('generated circle',#2804,5.) ;
#2841=CIRCLE('generated circle',#2840,3.9) ;
#2856=CIRCLE('generated circle',#2855,3.9) ;
#2939=CIRCLE('generated circle',#2938,3.9) ;
#3476=CIRCLE('generated circle',#3475,6.5) ;
#3520=CIRCLE('generated circle',#3519,6.5) ;
#3574=CIRCLE('generated circle',#3573,9.64317919521) ;
#3613=CIRCLE('generated circle',#3612,9.25) ;
#4433=CIRCLE('generated circle',#4432,3.9) ;
#5427=CIRCLE('generated circle',#5426,5.) ;
#5441=CIRCLE('generated circle',#5440,9.25) ;
#5456=CIRCLE('generated circle',#5455,5.) ;
#5579=CIRCLE('generated circle',#5578,9.25) ;
#23=COLOUR_RGB('Colour',0.501960784314,0.501960784314,0.501960784314) ;
#178=CONICAL_SURFACE('Cone',#177,0.,1.2217304764) ;
#409=CONICAL_SURFACE('Cone',#408,0.,0.523598775598) ;
#440=CONICAL_SURFACE('Cone',#439,0.,0.523598775598) ;
#493=CONICAL_SURFACE('Cone',#492,11.5,0.785398163397) ;
#707=CONICAL_SURFACE('Cone',#706,12.15,0.349065850399) ;
#836=CONICAL_SURFACE('Cone',#835,13.2236161147,1.2217304764) ;
#933=CONICAL_SURFACE('Cone',#932,15.7,0.785398163397) ;
#1067=CONICAL_SURFACE('Cone',#1066,9.64317919521,0.399220769575) ;
#5747=CONSTRUCTIVE_GEOMETRY_REPRESENTATION('supplemental geometry',(#5746,#5752,#5756,#5760),#17) ;
#5748=CONSTRUCTIVE_GEOMETRY_REPRESENTATION_RELATIONSHIP('supplemental geometry','',#20,#5747) ;
#60=CYLINDRICAL_SURFACE('generated cylinder',#59,1.4) ;
#318=CYLINDRICAL_SURFACE('generated cylinder',#317,1.4) ;
#366=CYLINDRICAL_SURFACE('generated cylinder',#365,9.4) ;
#557=CYLINDRICAL_SURFACE('generated cylinder',#556,0.8) ;
#658=CYLINDRICAL_SURFACE('generated cylinder',#657,12.5) ;
#750=CYLINDRICAL_SURFACE('generated cylinder',#749,12.15) ;
#1001=CYLINDRICAL_SURFACE('generated cylinder',#1000,1.25) ;
#1041=CYLINDRICAL_SURFACE('generated cylinder',#1040,1.25) ;
#1121=CYLINDRICAL_SURFACE('generated cylinder',#1120,6.5) ;
#1403=CYLINDRICAL_SURFACE('generated cylinder',#1402,16.) ;
#1592=CYLINDRICAL_SURFACE('generated cylinder',#1591,6.5) ;
#2405=CYLINDRICAL_SURFACE('generated cylinder',#2404,9.25) ;
#2801=CYLINDRICAL_SURFACE('generated cylinder',#2800,5.) ;
#2827=CYLINDRICAL_SURFACE('generated cylinder',#2826,3.9) ;
#5674=CYLINDRICAL_SURFACE('generated cylinder',#5673,1.25) ;
#5714=CYLINDRICAL_SURFACE('generated cylinder',#5713,1.25) ;
#793=TOROIDAL_SURFACE('homeo Torus',#792,12.95,0.8) ;
#2603=TOROIDAL_SURFACE('homeo Torus',#2602,14.25,5.) ;
#45=EDGE_CURVE('',#42,#44,#40,.T.) ;
#50=EDGE_CURVE('',#44,#42,#49,.T.) ;
#111=EDGE_CURVE('',#108,#110,#61,.T.) ;
#116=EDGE_CURVE('',#108,#42,#115,.F.) ;
#121=EDGE_CURVE('',#110,#44,#120,.F.) ;
#166=EDGE_CURVE('',#108,#110,#129,.T.) ;
#187=EDGE_CURVE('',#184,#186,#182,.T.) ;
#194=EDGE_CURVE('',#184,#193,#191,.T.) ;
#199=EDGE_CURVE('',#186,#193,#198,.F.) ;
#214=EDGE_CURVE('',#193,#186,#213,.F.) ;
#261=EDGE_CURVE('',#258,#260,#220,.T.) ;
#308=EDGE_CURVE('',#258,#260,#262,.T.) ;
#325=EDGE_CURVE('',#260,#324,#322,.F.) ;
#332=EDGE_CURVE('',#331,#324,#329,.T.) ;
#337=EDGE_CURVE('',#258,#331,#336,.F.) ;
#349=EDGE_CURVE('',#324,#331,#348,.T.) ;
#375=EDGE_CURVE('',#372,#374,#370,.T.) ;
#380=EDGE_CURVE('',#186,#372,#379,.F.) ;
#385=EDGE_CURVE('',#193,#374,#384,.F.) ;
#397=EDGE_CURVE('',#374,#372,#396,.T.) ;
#416=EDGE_CURVE('',#415,#372,#413,.F.) ;
#423=EDGE_CURVE('',#422,#374,#420,.F.) ;
#428=EDGE_CURVE('',#415,#422,#427,.T.) ;
#445=EDGE_CURVE('',#422,#415,#444,.T.) ;
#466=EDGE_CURVE('',#463,#465,#461,.T.) ;
#473=EDGE_CURVE('',#472,#465,#470,.T.) ;
#478=EDGE_CURVE('',#463,#472,#477,.T.) ;
#500=EDGE_CURVE('',#472,#499,#497,.T.) ;
#507=EDGE_CURVE('',#506,#499,#504,.T.) ;
#513=EDGE_CURVE('',#463,#506,#508,.T.) ;
#534=EDGE_CURVE('',#531,#533,#529,.T.) ;
#541=EDGE_CURVE('',#540,#531,#538,.T.) ;
#546=EDGE_CURVE('',#533,#540,#545,.T.) ;
#576=EDGE_CURVE('',#575,#540,#558,.T.) ;
#583=EDGE_CURVE('',#582,#575,#580,.T.) ;
#600=EDGE_CURVE('',#582,#533,#584,.T.) ;
#619=EDGE_CURVE('',#618,#575,#616,.T.) ;
#627=EDGE_CURVE('',#465,#618,#620,.T.) ;
#632=EDGE_CURVE('',#506,#582,#631,.T.) ;
#646=EDGE_CURVE('',#499,#618,#645,.T.) ;
#665=EDGE_CURVE('',#499,#664,#662,.T.) ;
#672=EDGE_CURVE('',#671,#664,#669,.T.) ;
#677=EDGE_CURVE('',#531,#671,#676,.T.) ;
#692=EDGE_CURVE('',#664,#671,#691,.T.) ;
#714=EDGE_CURVE('',#664,#713,#711,.F.) ;
#721=EDGE_CURVE('',#720,#713,#718,.F.) ;
#726=EDGE_CURVE('',#671,#720,#725,.F.) ;
#738=EDGE_CURVE('',#713,#720,#737,.F.) ;
#757=EDGE_CURVE('',#713,#756,#754,.T.) ;
#764=EDGE_CURVE('',#763,#756,#761,.T.) ;
#769=EDGE_CURVE('',#720,#763,#768,.T.) ;
#781=EDGE_CURVE('',#756,#763,#780,.T.) ;
#800=EDGE_CURVE('',#756,#799,#797,.F.) ;
#807=EDGE_CURVE('',#806,#799,#804,.T.) ;
#812=EDGE_CURVE('',#763,#806,#811,.F.) ;
#824=EDGE_CURVE('',#799,#806,#823,.T.) ;
#843=EDGE_CURVE('',#799,#842,#840,.T.) ;
#850=EDGE_CURVE('',#849,#842,#847,.F.) ;
#855=EDGE_CURVE('',#806,#849,#854,.T.) ;
#867=EDGE_CURVE('',#842,#849,#866,.F.) ;
#903=EDGE_CURVE('',#900,#902,#880,.T.) ;
#923=EDGE_CURVE('',#902,#900,#904,.T.) ;
#942=EDGE_CURVE('',#939,#941,#937,.T.) ;
#949=EDGE_CURVE('',#941,#948,#946,.T.) ;
#956=EDGE_CURVE('',#955,#948,#953,.T.) ;
#962=EDGE_CURVE('',#939,#955,#957,.T.) ;
#981=EDGE_CURVE('',#980,#939,#978,.T.) ;
#986=EDGE_CURVE('',#941,#980,#985,.T.) ;
#1008=EDGE_CURVE('',#1007,#900,#1005,.F.) ;
#1024=EDGE_CURVE('',#1007,#1023,#1009,.T.) ;
#1029=EDGE_CURVE('',#1023,#902,#1028,.F.) ;
#1055=EDGE_CURVE('',#1023,#1007,#1042,.T.) ;
#1077=EDGE_CURVE('',#1074,#1076,#1068,.T.) ;
#1084=EDGE_CURVE('',#1074,#1083,#1081,.F.) ;
#1090=EDGE_CURVE('',#1076,#1083,#1085,.T.) ;
#1103=EDGE_CURVE('',#948,#1102,#1100,.T.) ;
#1109=EDGE_CURVE('',#980,#1102,#1104,.T.) ;
#1131=EDGE_CURVE('',#1128,#1130,#1122,.T.) ;
#1138=EDGE_CURVE('',#1137,#1130,#1135,.T.) ;
#1144=EDGE_CURVE('',#1137,#1128,#1139,.F.) ;
#1216=EDGE_CURVE('',#1213,#1215,#1206,.T.) ;
#1225=EDGE_CURVE('',#1224,#1213,#1217,.T.) ;
#1233=EDGE_CURVE('',#1232,#1224,#1226,.T.) ;
#1239=EDGE_CURVE('',#1232,#1215,#1234,.T.) ;
#1331=EDGE_CURVE('',#1328,#1330,#1320,.T.) ;
#1341=EDGE_CURVE('',#1340,#1328,#1332,.T.) ;
#1357=EDGE_CURVE('',#1340,#1356,#1342,.T.) ;
#1363=EDGE_CURVE('',#1356,#1074,#1358,.T.) ;
#1371=EDGE_CURVE('',#1076,#1370,#1364,.T.) ;
#1380=EDGE_CURVE('',#1370,#1379,#1372,.T.) ;
#1387=EDGE_CURVE('',#1330,#1379,#1381,.T.) ;
#1410=EDGE_CURVE('',#948,#1409,#1407,.T.) ;
#1417=EDGE_CURVE('',#1416,#1409,#1414,.T.) ;
#1425=EDGE_CURVE('',#1424,#1416,#1418,.T.) ;
#1434=EDGE_CURVE('',#1433,#1424,#1426,.T.) ;
#1441=EDGE_CURVE('',#1440,#1433,#1438,.T.) ;
#1446=EDGE_CURVE('',#955,#1440,#1445,.T.) ;
#1463=EDGE_CURVE('',#1462,#1379,#1460,.F.) ;
#1470=EDGE_CURVE('',#1462,#1370,#1464,.T.) ;
#1489=EDGE_CURVE('',#1462,#1440,#1482,.T.) ;
#1494=EDGE_CURVE('',#1102,#1083,#1493,.T.) ;
#1520=EDGE_CURVE('',#1517,#1519,#1515,.F.) ;
#1533=EDGE_CURVE('',#1532,#1519,#1521,.T.) ;
#1540=EDGE_CURVE('',#1532,#1539,#1537,.T.) ;
#1545=EDGE_CURVE('',#1539,#1517,#1544,.T.) ;
#1568=EDGE_CURVE('',#1567,#1539,#1565,.T.) ;
#1575=EDGE_CURVE('',#1574,#1567,#1572,.T.) ;
#1580=EDGE_CURVE('',#1517,#1574,#1579,.T.) ;
#1600=EDGE_CURVE('',#1215,#1599,#1593,.T.) ;
#1607=EDGE_CURVE('',#1606,#1232,#1604,.T.) ;
#1613=EDGE_CURVE('',#1606,#1599,#1608,.T.) ;
#1628=EDGE_CURVE('',#1224,#1627,#1621,.T.) ;
#1633=EDGE_CURVE('',#1232,#1627,#1632,.T.) ;
#1782=EDGE_CURVE('',#1781,#1424,#1767,.T.) ;
#1790=EDGE_CURVE('',#1627,#1781,#1783,.T.) ;
#1798=EDGE_CURVE('',#1797,#1213,#1791,.T.) ;
#1824=EDGE_CURVE('',#1433,#1797,#1799,.T.) ;
#1973=EDGE_CURVE('',#1970,#1972,#1962,.T.) ;
#1981=EDGE_CURVE('',#1781,#1970,#1974,.T.) ;
#1994=EDGE_CURVE('',#1416,#1993,#1982,.T.) ;
#2001=EDGE_CURVE('',#1972,#1993,#1995,.T.) ;
#2015=EDGE_CURVE('',#1409,#1993,#2014,.F.) ;
#2030=EDGE_CURVE('',#2029,#1356,#2022,.T.) ;
#2035=EDGE_CURVE('',#1409,#2029,#2034,.T.) ;
#2198=EDGE_CURVE('',#1130,#1340,#2191,.T.) ;
#2217=EDGE_CURVE('',#1128,#2216,#2199,.F.) ;
#2225=EDGE_CURVE('',#2224,#2216,#2218,.T.) ;
#2251=EDGE_CURVE('',#2029,#2224,#2226,.T.) ;
#2325=EDGE_CURVE('',#2216,#2324,#2317,.T.) ;
#2331=EDGE_CURVE('',#1137,#2324,#2326,.T.) ;
#2373=EDGE_CURVE('',#2370,#2372,#2344,.T.) ;
#2380=EDGE_CURVE('',#2370,#2379,#2377,.T.) ;
#2385=EDGE_CURVE('',#2379,#1137,#2384,.T.) ;
#2390=EDGE_CURVE('',#2372,#1328,#2389,.T.) ;
#2414=EDGE_CURVE('',#2411,#2413,#2409,.T.) ;
#2448=EDGE_CURVE('',#2447,#2413,#2415,.T.) ;
#2455=EDGE_CURVE('',#2447,#2454,#2452,.T.) ;
#2478=EDGE_CURVE('',#2411,#2454,#2456,.T.) ;
#2493=EDGE_CURVE('',#1532,#2492,#2486,.T.) ;
#2501=EDGE_CURVE('',#2413,#2492,#2494,.T.) ;
#2583=EDGE_CURVE('',#2411,#2582,#2502,.T.) ;
#2588=EDGE_CURVE('',#1567,#2582,#2587,.T.) ;
#2610=EDGE_CURVE('',#2609,#1797,#2607,.T.) ;
#2616=EDGE_CURVE('',#1599,#2454,#2611,.T.) ;
#2622=EDGE_CURVE('',#2447,#2609,#2617,.T.) ;
#2641=EDGE_CURVE('',#2640,#1330,#2633,.T.) ;
#2649=EDGE_CURVE('',#2648,#2640,#2642,.T.) ;
#2663=EDGE_CURVE('',#2372,#2648,#2650,.T.) ;
#2677=EDGE_CURVE('',#2640,#2609,#2672,.T.) ;
#2769=EDGE_CURVE('',#2492,#2768,#2762,.T.) ;
#2777=EDGE_CURVE('',#1519,#2776,#2770,.T.) ;
#2788=EDGE_CURVE('',#2768,#2776,#2778,.T.) ;
#2808=EDGE_CURVE('',#1574,#2807,#2805,.T.) ;
#2814=EDGE_CURVE('',#2807,#2776,#2809,.T.) ;
#2837=EDGE_CURVE('',#2834,#2836,#2828,.T.) ;
#2844=EDGE_CURVE('',#2836,#2843,#2841,.T.) ;
#2852=EDGE_CURVE('',#2843,#2851,#2845,.T.) ;
#2857=EDGE_CURVE('',#2834,#2851,#2856,.T.) ;
#2880=EDGE_CURVE('',#2851,#2807,#2870,.T.) ;
#2890=EDGE_CURVE('',#2582,#2889,#2881,.T.) ;
#2904=EDGE_CURVE('',#2889,#2834,#2891,.T.) ;
#2935=EDGE_CURVE('',#2836,#2934,#2920,.T.) ;
#2942=EDGE_CURVE('',#2941,#2934,#2939,.T.) ;
#2956=EDGE_CURVE('',#2941,#2843,#2943,.T.) ;
#3350=EDGE_CURVE('',#3349,#1606,#3343,.T.) ;
#3369=EDGE_CURVE('',#3368,#3349,#3351,.T.) ;
#3378=EDGE_CURVE('',#3377,#3368,#3370,.T.) ;
#3386=EDGE_CURVE('',#3385,#3377,#3379,.T.) ;
#3394=EDGE_CURVE('',#3393,#3385,#3387,.T.) ;
#3403=EDGE_CURVE('',#3402,#3393,#3395,.T.) ;
#3411=EDGE_CURVE('',#3410,#3402,#3404,.T.) ;
#3449=EDGE_CURVE('',#2889,#3410,#3412,.T.) ;
#3472=EDGE_CURVE('',#3349,#3471,#3466,.T.) ;
#3477=EDGE_CURVE('',#3471,#1606,#3476,.T.) ;
#3516=EDGE_CURVE('',#3471,#3515,#3489,.T.) ;
#3521=EDGE_CURVE('',#3515,#1970,#3520,.T.) ;
#3540=EDGE_CURVE('',#3539,#1972,#3532,.T.) ;
#3548=EDGE_CURVE('',#3547,#3539,#3541,.T.) ;
#3562=EDGE_CURVE('',#3515,#3547,#3549,.T.) ;
#3577=EDGE_CURVE('',#3576,#2224,#3574,.F.) ;
#3583=EDGE_CURVE('',#3539,#3576,#3578,.T.) ;
#3601=EDGE_CURVE('',#2324,#3600,#3594,.T.) ;
#3609=EDGE_CURVE('',#3600,#3608,#3602,.T.) ;
#3616=EDGE_CURVE('',#3615,#3608,#3613,.T.) ;
#3622=EDGE_CURVE('',#3615,#3576,#3617,.T.) ;
#3638=EDGE_CURVE('',#2379,#3600,#3633,.T.) ;
#3652=EDGE_CURVE('',#3651,#2370,#3646,.T.) ;
#3658=EDGE_CURVE('',#3651,#2379,#3653,.T.) ;
#4044=EDGE_CURVE('',#4043,#3651,#4026,.F.) ;
#4070=EDGE_CURVE('',#2768,#4043,#4045,.T.) ;
#4312=EDGE_CURVE('',#4309,#4311,#4302,.T.) ;
#4355=EDGE_CURVE('',#4309,#4354,#4313,.F.) ;
#4363=EDGE_CURVE('',#4354,#4362,#4356,.F.) ;
#4376=EDGE_CURVE('',#4362,#4375,#4364,.F.) ;
#4384=EDGE_CURVE('',#4375,#4383,#4377,.F.) ;
#4392=EDGE_CURVE('',#4383,#4391,#4385,.F.) ;
#4398=EDGE_CURVE('',#4391,#4043,#4393,.F.) ;
#4404=EDGE_CURVE('',#4311,#2941,#4399,.T.) ;
#4429=EDGE_CURVE('',#2934,#4428,#4422,.T.) ;
#4434=EDGE_CURVE('',#4311,#4428,#4433,.T.) ;
#4632=EDGE_CURVE('',#4631,#3368,#4605,.T.) ;
#4645=EDGE_CURVE('',#4631,#4644,#4633,.T.) ;
#4653=EDGE_CURVE('',#4652,#4644,#4646,.T.) ;
#4659=EDGE_CURVE('',#4428,#4652,#4654,.T.) ;
#4851=EDGE_CURVE('',#4848,#4850,#4840,.T.) ;
#4857=EDGE_CURVE('',#4850,#4631,#4852,.T.) ;
#4889=EDGE_CURVE('',#3615,#4848,#4858,.T.) ;
#4928=EDGE_CURVE('',#4927,#3608,#4904,.T.) ;
#4933=EDGE_CURVE('',#4927,#4848,#4932,.T.) ;
#5327=EDGE_CURVE('',#5326,#4309,#5320,.T.) ;
#5407=EDGE_CURVE('',#4927,#5326,#5328,.T.) ;
#5430=EDGE_CURVE('',#5429,#4652,#5427,.T.) ;
#5437=EDGE_CURVE('',#5429,#5436,#5434,.T.) ;
#5442=EDGE_CURVE('',#5436,#5326,#5441,.F.) ;
#5461=EDGE_CURVE('',#5458,#5460,#5456,.T.) ;
#5466=EDGE_CURVE('',#5458,#5429,#5465,.T.) ;
#5472=EDGE_CURVE('',#5460,#4644,#5467,.T.) ;
#5561=EDGE_CURVE('',#5560,#4850,#5554,.T.) ;
#5567=EDGE_CURVE('',#5560,#5460,#5562,.T.) ;
#5582=EDGE_CURVE('',#5560,#5581,#5579,.T.) ;
#5587=EDGE_CURVE('',#5436,#5581,#5586,.T.) ;
#5607=EDGE_CURVE('',#5581,#5458,#5606,.T.) ;
#5644=EDGE_CURVE('',#5641,#5643,#5621,.T.) ;
#5664=EDGE_CURVE('',#5643,#5641,#5645,.T.) ;
#5692=EDGE_CURVE('',#5689,#5691,#5675,.T.) ;
#5697=EDGE_CURVE('',#5643,#5689,#5696,.F.) ;
#5702=EDGE_CURVE('',#5641,#5691,#5701,.F.) ;
#5728=EDGE_CURVE('',#5691,#5689,#5715,.T.) ;
#51=EDGE_LOOP('',(#52,#53)) ;
#122=EDGE_LOOP('',(#123,#124,#125,#126)) ;
#167=EDGE_LOOP('',(#168,#169,#170,#171)) ;
#200=EDGE_LOOP('',(#201,#202,#203)) ;
#205=EDGE_LOOP('',(#206,#207)) ;
#215=EDGE_LOOP('',(#216,#217,#218)) ;
#309=EDGE_LOOP('',(#310,#311)) ;
#338=EDGE_LOOP('',(#339,#340,#341,#342)) ;
#350=EDGE_LOOP('',(#351,#352)) ;
#355=EDGE_LOOP('',(#356,#357,#358,#359)) ;
#386=EDGE_LOOP('',(#387,#388,#389,#390)) ;
#398=EDGE_LOOP('',(#399,#400,#401,#402)) ;
#429=EDGE_LOOP('',(#430,#431,#432,#433)) ;
#446=EDGE_LOOP('',(#447,#448,#449,#450)) ;
#479=EDGE_LOOP('',(#480,#481,#482)) ;
#484=EDGE_LOOP('',(#485,#486)) ;
#514=EDGE_LOOP('',(#515,#516,#517,#518)) ;
#547=EDGE_LOOP('',(#548,#549,#550)) ;
#601=EDGE_LOOP('',(#602,#603,#604,#605)) ;
#633=EDGE_LOOP('',(#634,#635,#636,#637,#638,#639)) ;
#647=EDGE_LOOP('',(#648,#649,#650,#651)) ;
#678=EDGE_LOOP('',(#679,#680,#681,#682,#683,#684,#685)) ;
#693=EDGE_LOOP('',(#694,#695,#696,#697,#698,#699,#700)) ;
#727=EDGE_LOOP('',(#728,#729,#730,#731)) ;
#739=EDGE_LOOP('',(#740,#741,#742,#743)) ;
#770=EDGE_LOOP('',(#771,#772,#773,#774)) ;
#782=EDGE_LOOP('',(#783,#784,#785,#786)) ;
#813=EDGE_LOOP('',(#814,#815,#816,#817)) ;
#825=EDGE_LOOP('',(#826,#827,#828,#829)) ;
#856=EDGE_LOOP('',(#857,#858,#859,#860)) ;
#868=EDGE_LOOP('',(#869,#870,#871,#872)) ;
#924=EDGE_LOOP('',(#925,#926)) ;
#963=EDGE_LOOP('',(#964,#965,#966,#967)) ;
#987=EDGE_LOOP('',(#988,#989,#990)) ;
#992=EDGE_LOOP('',(#993,#994)) ;
#1030=EDGE_LOOP('',(#1031,#1032,#1033,#1034)) ;
#1056=EDGE_LOOP('',(#1057,#1058,#1059,#1060)) ;
#1091=EDGE_LOOP('',(#1092,#1093,#1094)) ;
#1110=EDGE_LOOP('',(#1111,#1112,#1113,#1114)) ;
#1145=EDGE_LOOP('',(#1146,#1147,#1148)) ;
#1240=EDGE_LOOP('',(#1241,#1242,#1243,#1244)) ;
#1388=EDGE_LOOP('',(#1389,#1390,#1391,#1392,#1393,#1394,#1395,#1396)) ;
#1447=EDGE_LOOP('',(#1448,#1449,#1450,#1451,#1452,#1453,#1454)) ;
#1471=EDGE_LOOP('',(#1472,#1473,#1474)) ;
#1495=EDGE_LOOP('',(#1496,#1497,#1498,#1499,#1500,#1501,#1502,#1503,#1504)) ;
#1546=EDGE_LOOP('',(#1547,#1548,#1549,#1550)) ;
#1552=EDGE_LOOP('',(#1553,#1554)) ;
#1581=EDGE_LOOP('',(#1582,#1583,#1584,#1585)) ;
#1614=EDGE_LOOP('',(#1615,#1616,#1617,#1618)) ;
#1634=EDGE_LOOP('',(#1635,#1636,#1637)) ;
#1825=EDGE_LOOP('',(#1826,#1827,#1828,#1829,#1830,#1831,#1832)) ;
#2002=EDGE_LOOP('',(#2003,#2004,#2005,#2006,#2007,#2008)) ;
#2016=EDGE_LOOP('',(#2017,#2018,#2019)) ;
#2036=EDGE_LOOP('',(#2037,#2038,#2039,#2040,#2041,#2042,#2043)) ;
#2252=EDGE_LOOP('',(#2253,#2254,#2255,#2256,#2257,#2258,#2259)) ;
#2332=EDGE_LOOP('',(#2333,#2334,#2335,#2336)) ;
#2391=EDGE_LOOP('',(#2392,#2393,#2394,#2395,#2396,#2397,#2398)) ;
#2479=EDGE_LOOP('',(#2480,#2481,#2482,#2483)) ;
#2589=EDGE_LOOP('',(#2590,#2591,#2592,#2593,#2594,#2595,#2596)) ;
#2623=EDGE_LOOP('',(#2624,#2625,#2626,#2627,#2628,#2629,#2630)) ;
#2664=EDGE_LOOP('',(#2665,#2666,#2667,#2668,#2669)) ;
#2678=EDGE_LOOP('',(#2679,#2680,#2681,#2682,#2683,#2684,#2685,#2686)) ;
#2789=EDGE_LOOP('',(#2790,#2791,#2792,#2793,#2794)) ;
#2815=EDGE_LOOP('',(#2816,#2817,#2818,#2819,#2820)) ;
#2858=EDGE_LOOP('',(#2859,#2860,#2861,#2862)) ;
#2905=EDGE_LOOP('',(#2906,#2907,#2908,#2909,#2910,#2911,#2912)) ;
#2957=EDGE_LOOP('',(#2958,#2959,#2960,#2961)) ;
#3450=EDGE_LOOP('',(#3451,#3452,#3453,#3454,#3455,#3456,#3457,#3458,#3459,#3460,#3461,#3462,#3463)) ;
#3478=EDGE_LOOP('',(#3479,#3480,#3481)) ;
#3522=EDGE_LOOP('',(#3523,#3524,#3525,#3526,#3527,#3528,#3529)) ;
#3563=EDGE_LOOP('',(#3564,#3565,#3566,#3567,#3568)) ;
#3584=EDGE_LOOP('',(#3585,#3586,#3587,#3588,#3589,#3590,#3591)) ;
#3623=EDGE_LOOP('',(#3624,#3625,#3626,#3627,#3628,#3629,#3630)) ;
#3639=EDGE_LOOP('',(#3640,#3641,#3642,#3643)) ;
#3659=EDGE_LOOP('',(#3660,#3661,#3662)) ;
#4071=EDGE_LOOP('',(#4072,#4073,#4074,#4075,#4076,#4077,#4078,#4079,#4080,#4081,#4082)) ;
#4405=EDGE_LOOP('',(#4406,#4407,#4408,#4409,#4410,#4411,#4412,#4413,#4414,#4415,#4416,#4417,#4418,#4419)) ;
#4435=EDGE_LOOP('',(#4436,#4437,#4438,#4439)) ;
#4660=EDGE_LOOP('',(#4661,#4662,#4663,#4664,#4665,#4666,#4667,#4668,#4669,#4670,#4671,#4672,#4673,#4674)) ;
#4890=EDGE_LOOP('',(#4891,#4892,#4893,#4894,#4895,#4896,#4897,#4898,#4899,#4900,#4901)) ;
#4934=EDGE_LOOP('',(#4935,#4936,#4937,#4938)) ;
#5408=EDGE_LOOP('',(#5409,#5410,#5411,#5412,#5413,#5414,#5415,#5416,#5417,#5418,#5419,#5420,#5421)) ;
#5443=EDGE_LOOP('',(#5444,#5445,#5446,#5447,#5448,#5449,#5450)) ;
#5473=EDGE_LOOP('',(#5474,#5475,#5476,#5477,#5478)) ;
#5568=EDGE_LOOP('',(#5569,#5570,#5571,#5572,#5573)) ;
#5588=EDGE_LOOP('',(#5589,#5590,#5591,#5592,#5593,#5594,#5595)) ;
#5608=EDGE_LOOP('',(#5609,#5610,#5611,#5612)) ;
#5615=EDGE_LOOP('',(#5616,#5617,#5618,#5619)) ;
#5665=EDGE_LOOP('',(#5666,#5667)) ;
#5703=EDGE_LOOP('',(#5704,#5705,#5706,#5707)) ;
#5729=EDGE_LOOP('',(#5730,#5731,#5732,#5733)) ;
#5736=EDGE_LOOP('',(#5737,#5738)) ;
#54=FACE_OUTER_BOUND('',#51,.T.) ;
#127=FACE_OUTER_BOUND('',#122,.T.) ;
#172=FACE_OUTER_BOUND('',#167,.T.) ;
#204=FACE_OUTER_BOUND('',#200,.T.) ;
#219=FACE_OUTER_BOUND('',#215,.T.) ;
#343=FACE_OUTER_BOUND('',#338,.T.) ;
#353=FACE_OUTER_BOUND('',#350,.T.) ;
#360=FACE_OUTER_BOUND('',#355,.T.) ;
#391=FACE_OUTER_BOUND('',#386,.T.) ;
#403=FACE_OUTER_BOUND('',#398,.T.) ;
#434=FACE_OUTER_BOUND('',#429,.T.) ;
#451=FACE_OUTER_BOUND('',#446,.T.) ;
#483=FACE_OUTER_BOUND('',#479,.T.) ;
#519=FACE_OUTER_BOUND('',#514,.T.) ;
#551=FACE_OUTER_BOUND('',#547,.T.) ;
#606=FACE_OUTER_BOUND('',#601,.T.) ;
#640=FACE_OUTER_BOUND('',#633,.T.) ;
#652=FACE_OUTER_BOUND('',#647,.T.) ;
#686=FACE_OUTER_BOUND('',#678,.T.) ;
#701=FACE_OUTER_BOUND('',#693,.T.) ;
#732=FACE_OUTER_BOUND('',#727,.T.) ;
#744=FACE_OUTER_BOUND('',#739,.T.) ;
#775=FACE_OUTER_BOUND('',#770,.T.) ;
#787=FACE_OUTER_BOUND('',#782,.T.) ;
#818=FACE_OUTER_BOUND('',#813,.T.) ;
#830=FACE_OUTER_BOUND('',#825,.T.) ;
#861=FACE_OUTER_BOUND('',#856,.T.) ;
#873=FACE_OUTER_BOUND('',#868,.T.) ;
#927=FACE_OUTER_BOUND('',#924,.T.) ;
#968=FACE_OUTER_BOUND('',#963,.T.) ;
#991=FACE_OUTER_BOUND('',#987,.T.) ;
#1035=FACE_OUTER_BOUND('',#1030,.T.) ;
#1061=FACE_OUTER_BOUND('',#1056,.T.) ;
#1095=FACE_OUTER_BOUND('',#1091,.T.) ;
#1115=FACE_OUTER_BOUND('',#1110,.T.) ;
#1149=FACE_OUTER_BOUND('',#1145,.T.) ;
#1245=FACE_OUTER_BOUND('',#1240,.T.) ;
#1397=FACE_OUTER_BOUND('',#1388,.T.) ;
#1455=FACE_OUTER_BOUND('',#1447,.T.) ;
#1475=FACE_OUTER_BOUND('',#1471,.T.) ;
#1505=FACE_OUTER_BOUND('',#1495,.T.) ;
#1551=FACE_OUTER_BOUND('',#1546,.T.) ;
#1586=FACE_OUTER_BOUND('',#1581,.T.) ;
#1619=FACE_OUTER_BOUND('',#1614,.T.) ;
#1638=FACE_OUTER_BOUND('',#1634,.T.) ;
#1833=FACE_OUTER_BOUND('',#1825,.T.) ;
#2009=FACE_OUTER_BOUND('',#2002,.T.) ;
#2020=FACE_OUTER_BOUND('',#2016,.T.) ;
#2044=FACE_OUTER_BOUND('',#2036,.T.) ;
#2260=FACE_OUTER_BOUND('',#2252,.T.) ;
#2337=FACE_OUTER_BOUND('',#2332,.T.) ;
#2399=FACE_OUTER_BOUND('',#2391,.T.) ;
#2484=FACE_OUTER_BOUND('',#2479,.T.) ;
#2597=FACE_OUTER_BOUND('',#2589,.T.) ;
#2631=FACE_OUTER_BOUND('',#2623,.T.) ;
#2670=FACE_OUTER_BOUND('',#2664,.T.) ;
#2687=FACE_OUTER_BOUND('',#2678,.T.) ;
#2795=FACE_OUTER_BOUND('',#2789,.T.) ;
#2821=FACE_OUTER_BOUND('',#2815,.T.) ;
#2863=FACE_OUTER_BOUND('',#2858,.T.) ;
#2913=FACE_OUTER_BOUND('',#2905,.T.) ;
#2962=FACE_OUTER_BOUND('',#2957,.T.) ;
#3464=FACE_OUTER_BOUND('',#3450,.T.) ;
#3482=FACE_OUTER_BOUND('',#3478,.T.) ;
#3530=FACE_OUTER_BOUND('',#3522,.T.) ;
#3569=FACE_OUTER_BOUND('',#3563,.T.) ;
#3592=FACE_OUTER_BOUND('',#3584,.T.) ;
#3631=FACE_OUTER_BOUND('',#3623,.T.) ;
#3644=FACE_OUTER_BOUND('',#3639,.T.) ;
#3663=FACE_OUTER_BOUND('',#3659,.T.) ;
#4083=FACE_OUTER_BOUND('',#4071,.T.) ;
#4420=FACE_OUTER_BOUND('',#4405,.T.) ;
#4440=FACE_OUTER_BOUND('',#4435,.T.) ;
#4675=FACE_OUTER_BOUND('',#4660,.T.) ;
#4902=FACE_OUTER_BOUND('',#4890,.T.) ;
#4939=FACE_OUTER_BOUND('',#4934,.T.) ;
#5422=FACE_OUTER_BOUND('',#5408,.T.) ;
#5451=FACE_OUTER_BOUND('',#5443,.T.) ;
#5479=FACE_OUTER_BOUND('',#5473,.T.) ;
#5574=FACE_OUTER_BOUND('',#5568,.T.) ;
#5596=FACE_OUTER_BOUND('',#5588,.T.) ;
#5613=FACE_OUTER_BOUND('',#5608,.T.) ;
#5620=FACE_OUTER_BOUND('',#5615,.T.) ;
#5708=FACE_OUTER_BOUND('',#5703,.T.) ;
#5734=FACE_OUTER_BOUND('',#5729,.T.) ;
#5739=FACE_OUTER_BOUND('',#5736,.T.) ;
#115=LINE('Line',#112,#114) ;
#120=LINE('Line',#117,#119) ;
#182=LINE('Line',#179,#181) ;
#191=LINE('Line',#188,#190) ;
#322=LINE('Line',#319,#321) ;
#336=LINE('Line',#333,#335) ;
#379=LINE('Line',#376,#378) ;
#384=LINE('Line',#381,#383) ;
#413=LINE('Line',#410,#412) ;
#420=LINE('Line',#417,#419) ;
#461=LINE('Line',#458,#460) ;
#497=LINE('Line',#494,#496) ;
#545=LINE('Line',#542,#544) ;
#580=LINE('Line',#577,#579) ;
#616=LINE('Line',#613,#615) ;
#631=LINE('Line',#628,#630) ;
#662=LINE('Line',#659,#661) ;
#676=LINE('Line',#673,#675) ;
#711=LINE('Line',#708,#710) ;
#725=LINE('Line',#722,#724) ;
#754=LINE('Line',#751,#753) ;
#768=LINE('Line',#765,#767) ;
#840=LINE('Line',#837,#839) ;
#854=LINE('Line',#851,#853) ;
#946=LINE('Line',#943,#945) ;
#978=LINE('Line',#975,#977) ;
#1005=LINE('Line',#1002,#1004) ;
#1028=LINE('Line',#1025,#1027) ;
#1407=LINE('Line',#1404,#1406) ;
#1445=LINE('Line',#1442,#1444) ;
#1460=LINE('Line',#1457,#1459) ;
#1493=LINE('Line',#1490,#1492) ;
#1544=LINE('Line',#1541,#1543) ;
#1565=LINE('Line',#1562,#1564) ;
#1572=LINE('Line',#1569,#1571) ;
#1579=LINE('Line',#1576,#1578) ;
#2014=LINE('Line',#2011,#2013) ;
#2409=LINE('Line',#2406,#2408) ;
#4932=LINE('Line',#4929,#4931) ;
#5434=LINE('Line',#5431,#5433) ;
#5465=LINE('Line',#5462,#5464) ;
#5586=LINE('Line',#5583,#5585) ;
#5606=LINE('Line',#5603,#5605) ;
#5696=LINE('Line',#5693,#5695) ;
#5701=LINE('Line',#5698,#5700) ;
#36=PLANE('',#35) ;
#457=PLANE('',#456) ;
#525=PLANE('',#524) ;
#612=PLANE('',#611) ;
#879=PLANE('',#878) ;
#974=PLANE('',#973) ;
#1481=PLANE('',#1480) ;
#1511=PLANE('',#1510) ;
#1561=PLANE('',#1560) ;
#2869=PLANE('',#2868) ;
#2919=PLANE('',#2918) ;
#5602=PLANE('',#5601) ;
#14=PLANE_ANGLE_MEASURE_WITH_UNIT(PLANE_ANGLE_MEASURE(0.0174532925199),#13) ;
#9=PRODUCT_CATEGORY_RELATIONSHIP(' ',' ',#7,#8) ;
#6=PRODUCT_DEFINITION_FORMATION_WITH_SPECIFIED_SOURCE('',' ',#5,.NOT_KNOWN.) ;
#21=SHAPE_DEFINITION_REPRESENTATION(#11,#20) ;
#2343=SPHERICAL_SURFACE('',#2342,6.5) ;
#3488=SPHERICAL_SURFACE('',#3487,6.5) ;
#42=VERTEX_POINT('',#41) ;
#44=VERTEX_POINT('',#43) ;
#108=VERTEX_POINT('',#107) ;
#110=VERTEX_POINT('',#109) ;
#184=VERTEX_POINT('',#183) ;
#186=VERTEX_POINT('',#185) ;
#193=VERTEX_POINT('',#192) ;
#258=VERTEX_POINT('',#257) ;
#260=VERTEX_POINT('',#259) ;
#324=VERTEX_POINT('',#323) ;
#331=VERTEX_POINT('',#330) ;
#372=VERTEX_POINT('',#371) ;
#374=VERTEX_POINT('',#373) ;
#415=VERTEX_POINT('',#414) ;
#422=VERTEX_POINT('',#421) ;
#463=VERTEX_POINT('',#462) ;
#465=VERTEX_POINT('',#464) ;
#472=VERTEX_POINT('',#471) ;
#499=VERTEX_POINT('',#498) ;
#506=VERTEX_POINT('',#505) ;
#531=VERTEX_POINT('',#530) ;
#533=VERTEX_POINT('',#532) ;
#540=VERTEX_POINT('',#539) ;
#575=VERTEX_POINT('',#574) ;
#582=VERTEX_POINT('',#581) ;
#618=VERTEX_POINT('',#617) ;
#664=VERTEX_POINT('',#663) ;
#671=VERTEX_POINT('',#670) ;
#713=VERTEX_POINT('',#712) ;
#720=VERTEX_POINT('',#719) ;
#756=VERTEX_POINT('',#755) ;
#763=VERTEX_POINT('',#762) ;
#799=VERTEX_POINT('',#798) ;
#806=VERTEX_POINT('',#805) ;
#842=VERTEX_POINT('',#841) ;
#849=VERTEX_POINT('',#848) ;
#900=VERTEX_POINT('',#899) ;
#902=VERTEX_POINT('',#901) ;
#939=VERTEX_POINT('',#938) ;
#941=VERTEX_POINT('',#940) ;
#948=VERTEX_POINT('',#947) ;
#955=VERTEX_POINT('',#954) ;
#980=VERTEX_POINT('',#979) ;
#1007=VERTEX_POINT('',#1006) ;
#1023=VERTEX_POINT('',#1022) ;
#1074=VERTEX_POINT('',#1073) ;
#1076=VERTEX_POINT('',#1075) ;
#1083=VERTEX_POINT('',#1082) ;
#1102=VERTEX_POINT('',#1101) ;
#1128=VERTEX_POINT('',#1127) ;
#1130=VERTEX_POINT('',#1129) ;
#1137=VERTEX_POINT('',#1136) ;
#1213=VERTEX_POINT('',#1212) ;
#1215=VERTEX_POINT('',#1214) ;
#1224=VERTEX_POINT('',#1223) ;
#1232=VERTEX_POINT('',#1231) ;
#1328=VERTEX_POINT('',#1327) ;
#1330=VERTEX_POINT('',#1329) ;
#1340=VERTEX_POINT('',#1339) ;
#1356=VERTEX_POINT('',#1355) ;
#1370=VERTEX_POINT('',#1369) ;
#1379=VERTEX_POINT('',#1378) ;
#1409=VERTEX_POINT('',#1408) ;
#1416=VERTEX_POINT('',#1415) ;
#1424=VERTEX_POINT('',#1423) ;
#1433=VERTEX_POINT('',#1432) ;
#1440=VERTEX_POINT('',#1439) ;
#1462=VERTEX_POINT('',#1461) ;
#1517=VERTEX_POINT('',#1516) ;
#1519=VERTEX_POINT('',#1518) ;
#1532=VERTEX_POINT('',#1531) ;
#1539=VERTEX_POINT('',#1538) ;
#1567=VERTEX_POINT('',#1566) ;
#1574=VERTEX_POINT('',#1573) ;
#1599=VERTEX_POINT('',#1598) ;
#1606=VERTEX_POINT('',#1605) ;
#1627=VERTEX_POINT('',#1626) ;
#1781=VERTEX_POINT('',#1780) ;
#1797=VERTEX_POINT('',#1796) ;
#1970=VERTEX_POINT('',#1969) ;
#1972=VERTEX_POINT('',#1971) ;
#1993=VERTEX_POINT('',#1992) ;
#2029=VERTEX_POINT('',#2028) ;
#2216=VERTEX_POINT('',#2215) ;
#2224=VERTEX_POINT('',#2223) ;
#2324=VERTEX_POINT('',#2323) ;
#2370=VERTEX_POINT('',#2369) ;
#2372=VERTEX_POINT('',#2371) ;
#2379=VERTEX_POINT('',#2378) ;
#2411=VERTEX_POINT('',#2410) ;
#2413=VERTEX_POINT('',#2412) ;
#2447=VERTEX_POINT('',#2446) ;
#2454=VERTEX_POINT('',#2453) ;
#2492=VERTEX_POINT('',#2491) ;
#2582=VERTEX_POINT('',#2581) ;
#2609=VERTEX_POINT('',#2608) ;
#2640=VERTEX_POINT('',#2639) ;
#2648=VERTEX_POINT('',#2647) ;
#2768=VERTEX_POINT('',#2767) ;
#2776=VERTEX_POINT('',#2775) ;
#2807=VERTEX_POINT('',#2806) ;
#2834=VERTEX_POINT('',#2833) ;
#2836=VERTEX_POINT('',#2835) ;
#2843=VERTEX_POINT('',#2842) ;
#2851=VERTEX_POINT('',#2850) ;
#2889=VERTEX_POINT('',#2888) ;
#2934=VERTEX_POINT('',#2933) ;
#2941=VERTEX_POINT('',#2940) ;
#3349=VERTEX_POINT('',#3348) ;
#3368=VERTEX_POINT('',#3367) ;
#3377=VERTEX_POINT('',#3376) ;
#3385=VERTEX_POINT('',#3384) ;
#3393=VERTEX_POINT('',#3392) ;
#3402=VERTEX_POINT('',#3401) ;
#3410=VERTEX_POINT('',#3409) ;
#3471=VERTEX_POINT('',#3470) ;
#3515=VERTEX_POINT('',#3514) ;
#3539=VERTEX_POINT('',#3538) ;
#3547=VERTEX_POINT('',#3546) ;
#3576=VERTEX_POINT('',#3575) ;
#3600=VERTEX_POINT('',#3599) ;
#3608=VERTEX_POINT('',#3607) ;
#3615=VERTEX_POINT('',#3614) ;
#3651=VERTEX_POINT('',#3650) ;
#4043=VERTEX_POINT('',#4042) ;
#4309=VERTEX_POINT('',#4308) ;
#4311=VERTEX_POINT('',#4310) ;
#4354=VERTEX_POINT('',#4353) ;
#4362=VERTEX_POINT('',#4361) ;
#4375=VERTEX_POINT('',#4374) ;
#4383=VERTEX_POINT('',#4382) ;
#4391=VERTEX_POINT('',#4390) ;
#4428=VERTEX_POINT('',#4427) ;
#4631=VERTEX_POINT('',#4630) ;
#4644=VERTEX_POINT('',#4643) ;
#4652=VERTEX_POINT('',#4651) ;
#4848=VERTEX_POINT('',#4847) ;
#4850=VERTEX_POINT('',#4849) ;
#4927=VERTEX_POINT('',#4926) ;
#5326=VERTEX_POINT('',#5325) ;
#5429=VERTEX_POINT('',#5428) ;
#5436=VERTEX_POINT('',#5435) ;
#5458=VERTEX_POINT('',#5457) ;
#5460=VERTEX_POINT('',#5459) ;
#5560=VERTEX_POINT('',#5559) ;
#5581=VERTEX_POINT('',#5580) ;
#5641=VERTEX_POINT('',#5640) ;
#5643=VERTEX_POINT('',#5642) ;
#5689=VERTEX_POINT('',#5688) ;
#5691=VERTEX_POINT('',#5690) ;
#1320=(BOUNDED_CURVE()B_SPLINE_CURVE(5,(#1321,#1322,#1323,#1324,#1325,#1326),.UNSPECIFIED.,.F.,.U.)B_SPLINE_CURVE_WITH_KNOTS((6,6),(3.01242556953,6.81155555787),.UNSPECIFIED.)CURVE()GEOMETRIC_REPRESENTATION_ITEM()RATIONAL_B_SPLINE_CURVE((0.745391250061,0.690619466921,0.641351465279,0.597038277688,0.557190840411,0.521379993414))REPRESENTATION_ITEM('')) ;
#1332=(BOUNDED_CURVE()B_SPLINE_CURVE(5,(#1333,#1334,#1335,#1336,#1337,#1338),.UNSPECIFIED.,.F.,.U.)B_SPLINE_CURVE_WITH_KNOTS((6,6),(0.,3.01242556747),.UNSPECIFIED.)CURVE()GEOMETRIC_REPRESENTATION_ITEM()RATIONAL_B_SPLINE_CURVE((1.,0.940991702183,0.886335878381,0.835711488489,0.788821172441,0.745391250209))REPRESENTATION_ITEM('')) ;
#1767=(BOUNDED_CURVE()B_SPLINE_CURVE(5,(#1768,#1769,#1770,#1771,#1772,#1773,#1774,#1775,#1776,#1777,#1778,#1779),.UNSPECIFIED.,.F.,.U.)B_SPLINE_CURVE_WITH_KNOTS((6,3,3,6),(0.,4.86007085615,12.4752680654,20.5957505796),.UNSPECIFIED.)CURVE()GEOMETRIC_REPRESENTATION_ITEM()RATIONAL_B_SPLINE_CURVE((1.,1.,1.,1.,1.,1.,1.,1.,1.,1.,1.,1.))REPRESENTATION_ITEM('')) ;
#1783=(BOUNDED_CURVE()B_SPLINE_CURVE(5,(#1784,#1785,#1786,#1787,#1788,#1789),.UNSPECIFIED.,.F.,.U.)B_SPLINE_CURVE_WITH_KNOTS((6,6),(0.,40.8407044967),.UNSPECIFIED.)CURVE()GEOMETRIC_REPRESENTATION_ITEM()RATIONAL_B_SPLINE_CURVE((1.,0.2,0.2,0.2,0.2,1.))REPRESENTATION_ITEM('')) ;
#1962=(BOUNDED_CURVE()B_SPLINE_CURVE(5,(#1963,#1964,#1965,#1966,#1967,#1968),.UNSPECIFIED.,.F.,.U.)B_SPLINE_CURVE_WITH_KNOTS((6,6),(0.,40.8407044967),.UNSPECIFIED.)CURVE()GEOMETRIC_REPRESENTATION_ITEM()RATIONAL_B_SPLINE_CURVE((1.,0.2,0.2,0.2,0.2,1.))REPRESENTATION_ITEM('')) ;
#1974=(BOUNDED_CURVE()B_SPLINE_CURVE(5,(#1975,#1976,#1977,#1978,#1979,#1980),.UNSPECIFIED.,.F.,.U.)B_SPLINE_CURVE_WITH_KNOTS((6,6),(0.,40.8407044967),.UNSPECIFIED.)CURVE()GEOMETRIC_REPRESENTATION_ITEM()RATIONAL_B_SPLINE_CURVE((1.,0.2,0.2,0.2,0.2,1.))REPRESENTATION_ITEM('')) ;
#2191=(BOUNDED_CURVE()B_SPLINE_CURVE(5,(#2192,#2193,#2194,#2195,#2196,#2197),.UNSPECIFIED.,.F.,.U.)B_SPLINE_CURVE_WITH_KNOTS((6,6),(26.3367463604,40.8407044954),.UNSPECIFIED.)CURVE()GEOMETRIC_REPRESENTATION_ITEM()RATIONAL_B_SPLINE_CURVE((0.293733447008,0.338345670302,0.414534269408,0.532680832366,0.715892106792,0.999999999872))REPRESENTATION_ITEM('')) ;
#4605=(BOUNDED_CURVE()B_SPLINE_CURVE(5,(#4606,#4607,#4608,#4609,#4610,#4611,#4612,#4613,#4614,#4615,#4616,#4617,#4618,#4619,#4620,#4621,#4622,#4623,#4624,#4625,#4626,#4627,#4628,#4629),.UNSPECIFIED.,.F.,.U.)B_SPLINE_CURVE_WITH_KNOTS((6,3,3,3,3,3,3,6),(9.51787192928,10.0448579449,20.0338637626,32.6216463968,43.4939796992,54.7897133227,66.0873230804,68.106166785),.UNSPECIFIED.)CURVE()GEOMETRIC_REPRESENTATION_ITEM()RATIONAL_B_SPLINE_CURVE((1.,1.,1.,1.,1.,1.,1.,1.,1.,1.,1.,1.,1.,1.,1.,1.,1.,1.,1.,1.,1.,1.,1.,1.))REPRESENTATION_ITEM('')) ;
#1640=(BOUNDED_SURFACE()B_SPLINE_SURFACE(5,5,((#1641,#1642,#1643,#1644,#1645,#1646),(#1647,#1648,#1649,#1650,#1651,#1652),(#1653,#1654,#1655,#1656,#1657,#1658),(#1659,#1660,#1661,#1662,#1663,#1664),(#1665,#1666,#1667,#1668,#1669,#1670),(#1671,#1672,#1673,#1674,#1675,#1676),(#1677,#1678,#1679,#1680,#1681,#1682),(#1683,#1684,#1685,#1686,#1687,#1688),(#1689,#1690,#1691,#1692,#1693,#1694),(#1695,#1696,#1697,#1698,#1699,#1700),(#1701,#1702,#1703,#1704,#1705,#1706),(#1707,#1708,#1709,#1710,#1711,#1712),(#1713,#1714,#1715,#1716,#1717,#1718),(#1719,#1720,#1721,#1722,#1723,#1724),(#1725,#1726,#1727,#1728,#1729,#1730),(#1731,#1732,#1733,#1734,#1735,#1736),(#1737,#1738,#1739,#1740,#1741,#1742),(#1743,#1744,#1745,#1746,#1747,#1748),(#1749,#1750,#1751,#1752,#1753,#1754),(#1755,#1756,#1757,#1758,#1759,#1760),(#1761,#1762,#1763,#1764,#1765,#1766)),.UNSPECIFIED.,.F.,.F.,.U.)B_SPLINE_SURFACE_WITH_KNOTS((6,3,3,3,3,3,6),(6,6),(0.,4.86007085615,12.4752680654,22.2740732616,31.9915527268,47.6685128324,55.627918299),(0.,40.8407044967),.UNSPECIFIED.)GEOMETRIC_REPRESENTATION_ITEM()RATIONAL_B_SPLINE_SURFACE(((1.,0.2,0.2,0.2,0.2,1.),(1.,0.2,0.2,0.2,0.2,1.),(1.,0.2,0.2,0.2,0.2,1.),(1.,0.2,0.2,0.2,0.2,1.),(1.,0.2,0.2,0.2,0.2,1.),(1.,0.2,0.2,0.2,0.2,1.),(1.,0.2,0.2,0.2,0.2,1.),(1.,0.2,0.2,0.2,0.2,1.),(1.,0.2,0.2,0.2,0.2,1.),(1.,0.2,0.2,0.2,0.2,1.),(1.,0.2,0.2,0.2,0.2,1.),(1.,0.2,0.2,0.2,0.2,1.),(1.,0.2,0.2,0.2,0.2,1.),(1.,0.2,0.2,0.2,0.2,1.),(1.,0.2,0.2,0.2,0.2,1.),(1.,0.2,0.2,0.2,0.2,1.),(1.,0.2,0.2,0.2,0.2,1.),(1.,0.2,0.2,0.2,0.2,1.),(1.,0.2,0.2,0.2,0.2,1.),(1.,0.2,0.2,0.2,0.2,1.),(1.,0.2,0.2,0.2,0.2,1.)))REPRESENTATION_ITEM('Rational BSpline Surface')SURFACE()) ;
#1835=(BOUNDED_SURFACE()B_SPLINE_SURFACE(5,5,((#1836,#1837,#1838,#1839,#1840,#1841),(#1842,#1843,#1844,#1845,#1846,#1847),(#1848,#1849,#1850,#1851,#1852,#1853),(#1854,#1855,#1856,#1857,#1858,#1859),(#1860,#1861,#1862,#1863,#1864,#1865),(#1866,#1867,#1868,#1869,#1870,#1871),(#1872,#1873,#1874,#1875,#1876,#1877),(#1878,#1879,#1880,#1881,#1882,#1883),(#1884,#1885,#1886,#1887,#1888,#1889),(#1890,#1891,#1892,#1893,#1894,#1895),(#1896,#1897,#1898,#1899,#1900,#1901),(#1902,#1903,#1904,#1905,#1906,#1907),(#1908,#1909,#1910,#1911,#1912,#1913),(#1914,#1915,#1916,#1917,#1918,#1919),(#1920,#1921,#1922,#1923,#1924,#1925),(#1926,#1927,#1928,#1929,#1930,#1931),(#1932,#1933,#1934,#1935,#1936,#1937),(#1938,#1939,#1940,#1941,#1942,#1943),(#1944,#1945,#1946,#1947,#1948,#1949),(#1950,#1951,#1952,#1953,#1954,#1955),(#1956,#1957,#1958,#1959,#1960,#1961)),.UNSPECIFIED.,.F.,.F.,.U.)B_SPLINE_SURFACE_WITH_KNOTS((6,3,3,3,3,3,6),(6,6),(0.,4.86007085615,12.4752680654,22.2740732616,31.9915527268,47.6685128324,55.627918299),(0.,40.8407044967),.UNSPECIFIED.)GEOMETRIC_REPRESENTATION_ITEM()RATIONAL_B_SPLINE_SURFACE(((1.,0.2,0.2,0.2,0.2,1.),(1.,0.2,0.2,0.2,0.2,1.),(1.,0.2,0.2,0.2,0.2,1.),(1.,0.2,0.2,0.2,0.2,1.),(1.,0.2,0.2,0.2,0.2,1.),(1.,0.2,0.2,0.2,0.2,1.),(1.,0.2,0.2,0.2,0.2,1.),(1.,0.2,0.2,0.2,0.2,1.),(1.,0.2,0.2,0.2,0.2,1.),(1.,0.2,0.2,0.2,0.2,1.),(1.,0.2,0.2,0.2,0.2,1.),(1.,0.2,0.2,0.2,0.2,1.),(1.,0.2,0.2,0.2,0.2,1.),(1.,0.2,0.2,0.2,0.2,1.),(1.,0.2,0.2,0.2,0.2,1.),(1.,0.2,0.2,0.2,0.2,1.),(1.,0.2,0.2,0.2,0.2,1.),(1.,0.2,0.2,0.2,0.2,1.),(1.,0.2,0.2,0.2,0.2,1.),(1.,0.2,0.2,0.2,0.2,1.),(1.,0.2,0.2,0.2,0.2,1.)))REPRESENTATION_ITEM('Rational BSpline Surface')SURFACE()) ;
#4442=(BOUNDED_SURFACE()B_SPLINE_SURFACE(5,5,((#4443,#4444,#4445,#4446,#4447,#4448),(#4449,#4450,#4451,#4452,#4453,#4454),(#4455,#4456,#4457,#4458,#4459,#4460),(#4461,#4462,#4463,#4464,#4465,#4466),(#4467,#4468,#4469,#4470,#4471,#4472),(#4473,#4474,#4475,#4476,#4477,#4478),(#4479,#4480,#4481,#4482,#4483,#4484),(#4485,#4486,#4487,#4488,#4489,#4490),(#4491,#4492,#4493,#4494,#4495,#4496),(#4497,#4498,#4499,#4500,#4501,#4502),(#4503,#4504,#4505,#4506,#4507,#4508),(#4509,#4510,#4511,#4512,#4513,#4514),(#4515,#4516,#4517,#4518,#4519,#4520),(#4521,#4522,#4523,#4524,#4525,#4526),(#4527,#4528,#4529,#4530,#4531,#4532),(#4533,#4534,#4535,#4536,#4537,#4538),(#4539,#4540,#4541,#4542,#4543,#4544),(#4545,#4546,#4547,#4548,#4549,#4550),(#4551,#4552,#4553,#4554,#4555,#4556),(#4557,#4558,#4559,#4560,#4561,#4562),(#4563,#4564,#4565,#4566,#4567,#4568),(#4569,#4570,#4571,#4572,#4573,#4574),(#4575,#4576,#4577,#4578,#4579,#4580),(#4581,#4582,#4583,#4584,#4585,#4586),(#4587,#4588,#4589,#4590,#4591,#4592),(#4593,#4594,#4595,#4596,#4597,#4598),(#4599,#4600,#4601,#4602,#4603,#4604)),.UNSPECIFIED.,.F.,.F.,.U.)B_SPLINE_SURFACE_WITH_KNOTS((6,3,3,3,3,3,3,3,6),(6,6),(0.,10.0448579449,20.0338637626,32.6216463968,43.4939796992,54.7897133227,66.0873230804,75.7740110976,84.2721554899),(0.,40.8407044967),.UNSPECIFIED.)GEOMETRIC_REPRESENTATION_ITEM()RATIONAL_B_SPLINE_SURFACE(((1.,0.2,0.2,0.2,0.2,1.),(1.,0.2,0.2,0.2,0.2,1.),(1.,0.2,0.2,0.2,0.2,1.),(1.,0.2,0.2,0.2,0.2,1.),(1.,0.2,0.2,0.2,0.2,1.),(1.,0.2,0.2,0.2,0.2,1.),(1.,0.2,0.2,0.2,0.2,1.),(1.,0.2,0.2,0.2,0.2,1.),(1.,0.2,0.2,0.2,0.2,1.),(1.,0.2,0.2,0.2,0.2,1.),(1.,0.2,0.2,0.2,0.2,1.),(1.,0.2,0.2,0.2,0.2,1.),(1.,0.2,0.2,0.2,0.2,1.),(1.,0.2,0.2,0.2,0.2,1.),(1.,0.2,0.2,0.2,0.2,1.),(1.,0.2,0.2,0.2,0.2,1.),(1.,0.2,0.2,0.2,0.2,1.),(1.,0.2,0.2,0.2,0.2,1.),(1.,0.2,0.2,0.2,0.2,1.),(1.,0.2,0.2,0.2,0.2,1.),(1.,0.2,0.2,0.2,0.2,1.),(1.,0.2,0.2,0.2,0.2,1.),(1.,0.2,0.2,0.2,0.2,1.),(1.,0.2,0.2,0.2,0.2,1.),(1.,0.2,0.2,0.2,0.2,1.),(1.,0.2,0.2,0.2,0.2,1.),(1.,0.2,0.2,0.2,0.2,1.)))REPRESENTATION_ITEM('Rational BSpline Surface')SURFACE()) ;
#4677=(BOUNDED_SURFACE()B_SPLINE_SURFACE(5,5,((#4678,#4679,#4680,#4681,#4682,#4683),(#4684,#4685,#4686,#4687,#4688,#4689),(#4690,#4691,#4692,#4693,#4694,#4695),(#4696,#4697,#4698,#4699,#4700,#4701),(#4702,#4703,#4704,#4705,#4706,#4707),(#4708,#4709,#4710,#4711,#4712,#4713),(#4714,#4715,#4716,#4717,#4718,#4719),(#4720,#4721,#4722,#4723,#4724,#4725),(#4726,#4727,#4728,#4729,#4730,#4731),(#4732,#4733,#4734,#4735,#4736,#4737),(#4738,#4739,#4740,#4741,#4742,#4743),(#4744,#4745,#4746,#4747,#4748,#4749),(#4750,#4751,#4752,#4753,#4754,#4755),(#4756,#4757,#4758,#4759,#4760,#4761),(#4762,#4763,#4764,#4765,#4766,#4767),(#4768,#4769,#4770,#4771,#4772,#4773),(#4774,#4775,#4776,#4777,#4778,#4779),(#4780,#4781,#4782,#4783,#4784,#4785),(#4786,#4787,#4788,#4789,#4790,#4791),(#4792,#4793,#4794,#4795,#4796,#4797),(#4798,#4799,#4800,#4801,#4802,#4803),(#4804,#4805,#4806,#4807,#4808,#4809),(#4810,#4811,#4812,#4813,#4814,#4815),(#4816,#4817,#4818,#4819,#4820,#4821),(#4822,#4823,#4824,#4825,#4826,#4827),(#4828,#4829,#4830,#4831,#4832,#4833),(#4834,#4835,#4836,#4837,#4838,#4839)),.UNSPECIFIED.,.F.,.F.,.U.)B_SPLINE_SURFACE_WITH_KNOTS((6,3,3,3,3,3,3,3,6),(6,6),(0.,10.0448579449,20.0338637626,32.6216463968,43.4939796992,54.7897133227,66.0873230804,75.7740110976,84.2721554899),(0.,40.8407044967),.UNSPECIFIED.)GEOMETRIC_REPRESENTATION_ITEM()RATIONAL_B_SPLINE_SURFACE(((1.,0.2,0.2,0.2,0.2,1.),(1.,0.2,0.2,0.2,0.2,1.),(1.,0.2,0.2,0.2,0.2,1.),(1.,0.2,0.2,0.2,0.2,1.),(1.,0.2,0.2,0.2,0.2,1.),(1.,0.2,0.2,0.2,0.2,1.),(1.,0.2,0.2,0.2,0.2,1.),(1.,0.2,0.2,0.2,0.2,1.),(1.,0.2,0.2,0.2,0.2,1.),(1.,0.2,0.2,0.2,0.2,1.),(1.,0.2,0.2,0.2,0.2,1.),(1.,0.2,0.2,0.2,0.2,1.),(1.,0.2,0.2,0.2,0.2,1.),(1.,0.2,0.2,0.2,0.2,1.),(1.,0.2,0.2,0.2,0.2,1.),(1.,0.2,0.2,0.2,0.2,1.),(1.,0.2,0.2,0.2,0.2,1.),(1.,0.2,0.2,0.2,0.2,1.),(1.,0.2,0.2,0.2,0.2,1.),(1.,0.2,0.2,0.2,0.2,1.),(1.,0.2,0.2,0.2,0.2,1.),(1.,0.2,0.2,0.2,0.2,1.),(1.,0.2,0.2,0.2,0.2,1.),(1.,0.2,0.2,0.2,0.2,1.),(1.,0.2,0.2,0.2,0.2,1.),(1.,0.2,0.2,0.2,0.2,1.),(1.,0.2,0.2,0.2,0.2,1.)))REPRESENTATION_ITEM('Rational BSpline Surface')SURFACE()) ;
#12=(LENGTH_UNIT()NAMED_UNIT(*)SI_UNIT(.MILLI.,.METRE.)) ;
#13=(NAMED_UNIT(*)PLANE_ANGLE_UNIT()SI_UNIT($,.RADIAN.)) ;
#15=(NAMED_UNIT(*)SI_UNIT($,.STERADIAN.)SOLID_ANGLE_UNIT()) ;
#17=(GEOMETRIC_REPRESENTATION_CONTEXT(3)GLOBAL_UNCERTAINTY_ASSIGNED_CONTEXT((#16))GLOBAL_UNIT_ASSIGNED_CONTEXT((#12,#13,#15))REPRESENTATION_CONTEXT(' ',' ')) ;
ENDSEC;
END-ISO-10303-21;
 