  0
SECTION
  2
HEADER
  9
$ACADVER
  1
AC1015
  9
$ACADMAINTVER
 70
    20
  9
$DWGCODEPAGE
  3
ANSI_1255
  9
$INSBASE
 10
0.0
 20
0.0
 30
0.0
  9
$EXTMIN
 10
-114.3636355106237
 20
-62.9742506615072
 30
0.0
  9
$EXTMAX
 10
124.710690847933
 20
63.94870825683728
 30
0.0
  9
$LIMMIN
 10
-170.0
 20
-170.0
  9
$LIMMAX
 10
519.0
 20
260.0
  9
$ORTHOMODE
 70
     1
  9
$REGENMODE
 70
     1
  9
$FILLMODE
 70
     1
  9
$QTEXTMODE
 70
     0
  9
$MIRRTEXT
 70
     0
  9
$LTSCALE
 40
1.0
  9
$ATTMODE
 70
     1
  9
$TEXTSIZE
 40
5.0
  9
$TRACEWID
 40
1.0
  9
$TEXTSTYLE
  7
STANDARD
  9
$CLAYER
  8
0
  9
$CELTYPE
  6
BYLAYER
  9
$CECOLOR
 62
   256
  9
$CELTSCALE
 40
1.0
  9
$DISPSILH
 70
     0
  9
$DIMSCALE
 40
1.0
  9
$DIMASZ
 40
2.5
  9
$DIMEXO
 40
0.0
  9
$DIMDLI
 40
3.75
  9
$DIMRND
 40
0.0
  9
$DIMDLE
 40
0.0
  9
$DIMEXE
 40
1.25
  9
$DIMTP
 40
0.0
  9
$DIMTM
 40
0.0
  9
$DIMTXT
 40
3.5
  9
$DIMCEN
 40
0.0
  9
$DIMTSZ
 40
0.0
  9
$DIMTOL
 70
     0
  9
$DIMLIM
 70
     0
  9
$DIMTIH
 70
     0
  9
$DIMTOH
 70
     0
  9
$DIMSE1
 70
     0
  9
$DIMSE2
 70
     0
  9
$DIMTAD
 70
     1
  9
$DIMZIN
 70
     1
  9
$DIMBLK
  1

  9
$DIMASO
 70
     1
  9
$DIMSHO
 70
     1
  9
$DIMPOST
  1

  9
$DIMAPOST
  1

  9
$DIMALT
 70
     0
  9
$DIMALTD
 70
     3
  9
$DIMALTF
 40
0.039370078
  9
$DIMLFAC
 40
1.0
  9
$DIMTOFL
 70
     0
  9
$DIMTVP
 40
0.0
  9
$DIMTIX
 70
     0
  9
$DIMSOXD
 70
     0
  9
$DIMSAH
 70
     0
  9
$DIMBLK1
  1

  9
$DIMBLK2
  1

  9
$DIMSTYLE
  2
STANDARD
  9
$DIMCLRD
 70
     0
  9
$DIMCLRE
 70
     0
  9
$DIMCLRT
 70
     0
  9
$DIMTFAC
 40
1.0
  9
$DIMGAP
 40
0.625
  9
$DIMJUST
 70
     0
  9
$DIMSD1
 70
     0
  9
$DIMSD2
 70
     0
  9
$DIMTOLJ
 70
     0
  9
$DIMTZIN
 70
     8
  9
$DIMALTZ
 70
     0
  9
$DIMALTTZ
 70
     0
  9
$DIMUPT
 70
     0
  9
$DIMDEC
 70
     2
  9
$DIMTDEC
 70
     2
  9
$DIMALTU
 70
     2
  9
$DIMALTTD
 70
     3
  9
$DIMTXSTY
  7
STANDARD
  9
$DIMAUNIT
 70
     0
  9
$DIMADEC
 70
     2
  9
$DIMALTRND
 40
0.0
  9
$DIMAZIN
 70
     0
  9
$DIMDSEP
 70
    46
  9
$DIMATFIT
 70
     3
  9
$DIMFRAC
 70
     0
  9
$DIMLDRBLK
  1

  9
$DIMLUNIT
 70
     2
  9
$DIMLWD
 70
    -2
  9
$DIMLWE
 70
    -2
  9
$DIMTMOVE
 70
     0
  9
$LUNITS
 70
     2
  9
$LUPREC
 70
     4
  9
$SKETCHINC
 40
1.0
  9
$FILLETRAD
 40
0.0
  9
$AUNITS
 70
     0
  9
$AUPREC
 70
     0
  9
$MENU
  1
c:\tdm21\cad\caduti13\tdm13
  9
$ELEVATION
 40
0.0
  9
$PELEVATION
 40
0.0
  9
$THICKNESS
 40
0.0
  9
$LIMCHECK
 70
     0
  9
$CHAMFERA
 40
0.0
  9
$CHAMFERB
 40
0.0
  9
$CHAMFERC
 40
0.0
  9
$CHAMFERD
 40
0.0
  9
$SKPOLY
 70
     0
  9
$TDCREATE
 40
2455890.482962963
  9
$TDUCREATE
 40
2455890.399640984
  9
$TDUPDATE
 40
2458546.608472222
  9
$TDUUPDATE
 40
2458546.525138889
  9
$TDINDWG
 40
0.0319449769
  9
$TDUSRTIMER
 40
0.0319447801
  9
$USRTIMER
 70
     1
  9
$ANGBASE
 50
0.0
  9
$ANGDIR
 70
     0
  9
$PDMODE
 70
     3
  9
$PDSIZE
 40
0.0
  9
$PLINEWID
 40
0.0
  9
$SPLFRAME
 70
     0
  9
$SPLINETYPE
 70
     6
  9
$SPLINESEGS
 70
     8
  9
$HANDSEED
  5
E86
  9
$SURFTAB1
 70
     6
  9
$SURFTAB2
 70
     6
  9
$SURFTYPE
 70
     6
  9
$SURFU
 70
     6
  9
$SURFV
 70
     6
  9
$UCSBASE
  2

  9
$UCSNAME
  2

  9
$UCSORG
 10
0.0
 20
0.0
 30
0.0
  9
$UCSXDIR
 10
1.0
 20
0.0
 30
0.0
  9
$UCSYDIR
 10
0.0
 20
1.0
 30
0.0
  9
$UCSORTHOREF
  2

  9
$UCSORTHOVIEW
 70
     0
  9
$UCSORGTOP
 10
0.0
 20
0.0
 30
0.0
  9
$UCSORGBOTTOM
 10
0.0
 20
0.0
 30
0.0
  9
$UCSORGLEFT
 10
0.0
 20
0.0
 30
0.0
  9
$UCSORGRIGHT
 10
0.0
 20
0.0
 30
0.0
  9
$UCSORGFRONT
 10
0.0
 20
0.0
 30
0.0
  9
$UCSORGBACK
 10
0.0
 20
0.0
 30
0.0
  9
$PUCSBASE
  2

  9
$PUCSNAME
  2

  9
$PUCSORG
 10
0.0
 20
0.0
 30
0.0
  9
$PUCSXDIR
 10
1.0
 20
0.0
 30
0.0
  9
$PUCSYDIR
 10
0.0
 20
1.0
 30
0.0
  9
$PUCSORTHOREF
  2

  9
$PUCSORTHOVIEW
 70
     0
  9
$PUCSORGTOP
 10
0.0
 20
0.0
 30
0.0
  9
$PUCSORGBOTTOM
 10
0.0
 20
0.0
 30
0.0
  9
$PUCSORGLEFT
 10
0.0
 20
0.0
 30
0.0
  9
$PUCSORGRIGHT
 10
0.0
 20
0.0
 30
0.0
  9
$PUCSORGFRONT
 10
0.0
 20
0.0
 30
0.0
  9
$PUCSORGBACK
 10
0.0
 20
0.0
 30
0.0
  9
$USERI1
 70
     0
  9
$USERI2
 70
     0
  9
$USERI3
 70
     0
  9
$USERI4
 70
     0
  9
$USERI5
 70
     0
  9
$USERR1
 40
0.0
  9
$USERR2
 40
0.0
  9
$USERR3
 40
0.0
  9
$USERR4
 40
0.0
  9
$USERR5
 40
0.0
  9
$WORLDVIEW
 70
     1
  9
$SHADEDGE
 70
     3
  9
$SHADEDIF
 70
    70
  9
$TILEMODE
 70
     1
  9
$MAXACTVP
 70
    64
  9
$PINSBASE
 10
0.0
 20
0.0
 30
0.0
  9
$PLIMCHECK
 70
     0
  9
$PEXTMIN
 10
0.0
 20
0.0
 30
0.0
  9
$PEXTMAX
 10
0.0
 20
0.0
 30
0.0
  9
$PLIMMIN
 10
0.0
 20
0.0
  9
$PLIMMAX
 10
12.0
 20
9.0
  9
$UNITMODE
 70
     0
  9
$VISRETAIN
 70
     0
  9
$PLINEGEN
 70
     0
  9
$PSLTSCALE
 70
     1
  9
$TREEDEPTH
 70
  3020
  9
$CMLSTYLE
  2
STANDARD
  9
$CMLJUST
 70
     0
  9
$CMLSCALE
 40
20.0
  9
$PROXYGRAPHICS
 70
     1
  9
$MEASUREMENT
 70
     1
  9
$CELWEIGHT
370
    -1
  9
$ENDCAPS
280
     0
  9
$JOINSTYLE
280
     0
  9
$LWDISPLAY
290
     0
  9
$INSUNITS
 70
     4
  9
$HYPERLINKBASE
  1

  9
$STYLESHEET
  1
MONOCHROME.CTB
  9
$XEDIT
290
     1
  9
$CEPSNTYPE
380
     0
  9
$PSTYLEMODE
290
     1
  9
$FINGERPRINTGUID
  2
{CAFFD50B-8ACB-41F7-8996-3D9DA67F0D57}
  9
$VERSIONGUID
  2
{20FB4E88-1795-A543-9CCC-2A9407356528}
  9
$EXTNAMES
290
     1
  9
$PSVPSCALE
 40
0.0
  9
$OLESTARTUP
290
     0
  0
ENDSEC
  0
SECTION
  2
CLASSES
  0
CLASS
  1
ACDBDICTIONARYWDFLT
  2
AcDbDictionaryWithDefault
  3
ObjectDBX Classes
 90
        0
280
     0
281
     0
  0
CLASS
  1
ACDBPLACEHOLDER
  2
AcDbPlaceHolder
  3
ObjectDBX Classes
 90
        0
280
     0
281
     0
  0
CLASS
  1
LAYOUT
  2
AcDbLayout
  3
ObjectDBX Classes
 90
        0
280
     0
281
     0
  0
CLASS
  1
DICTIONARYVAR
  2
AcDbDictionaryVar
  3
ObjectDBX Classes
 90
        0
280
     0
281
     0
  0
CLASS
  1
TABLESTYLE
  2
AcDbTableStyle
  3
ObjectDBX Classes
 90
     4095
280
     0
281
     0
  0
CLASS
  1
MATERIAL
  2
AcDbMaterial
  3
ObjectDBX Classes
 90
     1153
280
     0
281
     0
  0
CLASS
  1
VISUALSTYLE
  2
AcDbVisualStyle
  3
ObjectDBX Classes
 90
     4095
280
     0
281
     0
  0
CLASS
  1
SCALE
  2
AcDbScale
  3
ObjectDBX Classes
 90
     1153
280
     0
281
     0
  0
CLASS
  1
MLEADERSTYLE
  2
AcDbMLeaderStyle
  3
ACDB_MLEADERSTYLE_CLASS
 90
     4095
280
     0
281
     0
  0
CLASS
  1
CELLSTYLEMAP
  2
AcDbCellStyleMap
  3
ObjectDBX Classes
 90
     1152
280
     0
281
     0
  0
CLASS
  1
DIMASSOC
  2
AcDbDimAssoc
  3
"AcDbDimAssoc|Product Desc:     AcDim ARX App For Dimension|Company:          Autodesk, Inc.|WEB Address:      www.autodesk.com"
 90
        0
280
     0
281
     0
  0
CLASS
  1
SORTENTSTABLE
  2
AcDbSortentsTable
  3
ObjectDBX Classes
 90
        0
280
     0
281
     0
  0
CLASS
  1
AEC_REFEDIT_STATUS_TRACKER
  2
AecDbRefEditStatusTracker
  3
AecArchBase70|Product Desc: Autodesk Architectural Desktop 2007 |Company: Autodesk,Inc. |WEB Address: www.autodesk.com
 90
    32897
280
     0
281
     0
  0
CLASS
  1
NPOCOLLECTION
  2
AcDbImpNonPersistentObjectsCollection
  3
ObjectDBX Classes
 90
    33921
280
     0
281
     0
  0
CLASS
  1
ACDB_ALDIMOBJECTCONTEXTDATA_CLASS
  2
AcDbAlignedDimensionObjectContextData
  3
ObjectDBX Classes
 90
    33921
280
     0
281
     0
  0
CLASS
  1
ACDBSECTIONVIEWSTYLE
  2
AcDbSectionViewStyle
  3
ObjectDBX Classes
 90
     1025
280
     0
281
     0
  0
CLASS
  1
ACDBDETAILVIEWSTYLE
  2
AcDbDetailViewStyle
  3
ObjectDBX Classes
 90
     1025
280
     0
281
     0
  0
CLASS
  1
RAPIDRTRENDERSETTINGS
  2
AcDbRapidRTRenderSettings
  3
ObjectDBX Classes
 90
     1024
280
     0
281
     0
  0
CLASS
  1
ACAD_EVALUATION_GRAPH
  2
AcDbEvalGraph
  3
ObjectDBX Classes
 90
     1153
280
     0
281
     0
  0
CLASS
  1
ACAECUSTOBJ
  2
AcAeEditorObj
  3
AcAeEditorObj
 90
     1024
280
     0
281
     0
  0
CLASS
  1
ACDB_DYNAMICBLOCKPURGEPREVENTER_VERSION
  2
AcDbDynamicBlockPurgePreventer
  3
ObjectDBX Classes
 90
     1153
280
     0
281
     0
  0
CLASS
  1
MENTALRAYRENDERSETTINGS
  2
AcDbMentalRayRenderSettings
  3
SCENEOE
 90
     1024
280
     0
281
     0
  0
ENDSEC
  0
SECTION
  2
TABLES
  0
TABLE
  2
VPORT
  5
8
330
0
100
AcDbSymbolTable
 70
     1
  0
VPORT
  5
3ED
330
8
100
AcDbSymbolTableRecord
100
AcDbViewportTableRecord
  2
*Active
 70
     0
 10
0.0
 20
0.0
 11
1.0
 21
1.0
 12
5.173527668654661
 22
0.4872287976650327
 13
0.0
 23
0.0
 14
5.0
 24
5.0
 15
5.0
 25
5.0
 16
0.0
 26
0.0
 36
1.0
 17
0.0
 27
0.0
 37
0.0
 40
127.7418167178177
 41
1.993541442411194
 42
50.0
 43
0.0
 44
0.0
 50
0.0
 51
0.0
 71
     0
 72
  2000
 73
     1
 74
     3
 75
     0
 76
     0
 77
     0
 78
     0
281
     0
 65
     1
110
0.0
120
0.0
130
0.0
111
1.0
121
0.0
131
0.0
112
0.0
122
1.0
132
0.0
 79
     0
146
0.0
1001
ACAD_NAV_VCDISPLAY
1070
     3
  0
ENDTAB
  0
TABLE
  2
LTYPE
  5
5
330
0
100
AcDbSymbolTable
 70
     5
  0
LTYPE
  5
12
330
5
100
AcDbSymbolTableRecord
100
AcDbLinetypeTableRecord
  2
BYBLOCK
 70
     0
  3

 72
    65
 73
     0
 40
0.0
  0
LTYPE
  5
13
330
5
100
AcDbSymbolTableRecord
100
AcDbLinetypeTableRecord
  2
BYLAYER
 70
     0
  3

 72
    65
 73
     0
 40
0.0
  0
LTYPE
  5
14
330
5
100
AcDbSymbolTableRecord
100
AcDbLinetypeTableRecord
  2
CONTINUOUS
 70
     0
  3
Solid line
 72
    65
 73
     0
 40
0.0
  0
LTYPE
  5
6A7
330
5
100
AcDbSymbolTableRecord
100
AcDbLinetypeTableRecord
  2
CENTER2
 70
     0
  3
Center (.5x) ___ _ ___ _ ___ _ ___ _ ___ _ ___
 72
    65
 73
     4
 40
28.575
 49
19.05
 74
     0
 49
-3.174999999999998
 74
     0
 49
3.174999999999998
 74
     0
 49
-3.174999999999998
 74
     0
  0
LTYPE
  5
E23
330
5
100
AcDbSymbolTableRecord
100
AcDbLinetypeTableRecord
  2
HIDDEN
 70
     0
  3
Hidden __ __ __ __ __ __ __ __ __ __ __ __ __ _
 72
    65
 73
     2
 40
0.375
 49
0.25
 74
     0
 49
-0.125
 74
     0
  0
ENDTAB
  0
TABLE
  2
LAYER
  5
2
102
{ACAD_XDICTIONARY
360
451
102
}
330
0
100
AcDbSymbolTable
 70
    14
  0
LAYER
  5
F
102
{ACAD_XDICTIONARY
360
C4B
102
}
330
2
100
AcDbSymbolTableRecord
100
AcDbLayerTableRecord
  2
0
 70
     0
 62
     7
  6
CONTINUOUS
370
    -3
390
300
  0
LAYER
  5
23
102
{ACAD_XDICTIONARY
360
C4D
102
}
330
2
100
AcDbSymbolTableRecord
100
AcDbLayerTableRecord
  2
1
 70
     0
 62
     4
  6
CONTINUOUS
370
    50
390
300
  0
LAYER
  5
24
102
{ACAD_XDICTIONARY
360
C4F
102
}
330
2
100
AcDbSymbolTableRecord
100
AcDbLayerTableRecord
  2
SK1
 70
     0
 62
     4
  6
CONTINUOUS
370
    50
390
300
  0
LAYER
  5
25
102
{ACAD_XDICTIONARY
360
C51
102
}
330
2
100
AcDbSymbolTableRecord
100
AcDbLayerTableRecord
  2
2
 70
     0
 62
     7
  6
CONTINUOUS
370
    25
390
300
  0
LAYER
  5
27
102
{ACAD_XDICTIONARY
360
C53
102
}
330
2
100
AcDbSymbolTableRecord
100
AcDbLayerTableRecord
  2
SK2
 70
     0
 62
     7
  6
CONTINUOUS
370
    25
390
300
  0
LAYER
  5
2A
102
{ACAD_XDICTIONARY
360
C55
102
}
330
2
100
AcDbSymbolTableRecord
100
AcDbLayerTableRecord
  2
4
 70
     0
 62
     2
  6
CENTER2
370
    25
390
300
  0
LAYER
  5
2B
102
{ACAD_XDICTIONARY
360
C57
102
}
330
2
100
AcDbSymbolTableRecord
100
AcDbLayerTableRecord
  2
SK4
 70
     0
 62
     2
  6
CENTER2
370
    25
390
300
  0
LAYER
  5
2E
102
{ACAD_XDICTIONARY
360
C59
102
}
330
2
100
AcDbSymbolTableRecord
100
AcDbLayerTableRecord
  2
SK6
 70
     0
 62
     5
  6
CONTINUOUS
370
    -3
390
300
  0
LAYER
  5
2F
330
2
100
AcDbSymbolTableRecord
100
AcDbLayerTableRecord
  2
DEFPOINTS
 70
     0
 62
     7
  6
CONTINUOUS
290
     0
370
    25
390
300
  0
LAYER
  5
375
102
{ACAD_XDICTIONARY
360
C5B
102
}
330
2
100
AcDbSymbolTableRecord
100
AcDbLayerTableRecord
  2
CUT
 70
     0
 62
     1
  6
CONTINUOUS
370
    25
390
300
  0
LAYER
  5
376
102
{ACAD_XDICTIONARY
360
C5D
102
}
330
2
100
AcDbSymbolTableRecord
100
AcDbLayerTableRecord
  2
NOCUT
 70
     0
 62
     7
  6
CONTINUOUS
370
    -3
390
300
  0
LAYER
  5
49B
102
{ACAD_XDICTIONARY
360
C5F
102
}
330
2
100
AcDbSymbolTableRecord
100
AcDbLayerTableRecord
  2
INFTOTAL
 70
     0
 62
     9
  6
CONTINUOUS
370
    18
390
300
1001
AcAecLayerStandard
1000

1000

  0
LAYER
  5
E22
330
2
100
AcDbSymbolTableRecord
100
AcDbLayerTableRecord
  2
SK3
 70
     0
 62
     1
  6
HIDDEN
370
    35
390
300
  0
ENDTAB
  0
TABLE
  2
STYLE
  5
3
330
0
100
AcDbSymbolTable
 70
     1
  0
STYLE
  5
10
330
3
100
AcDbSymbolTableRecord
100
AcDbTextStyleTableRecord
  2
STANDARD
 70
     0
 40
0.0
 41
1.0
 50
0.0
 71
     0
 42
5.0
  3
monos.ttf
  4

1001
ACAD
1000
Monospac821 BT
1071
       49
  0
ENDTAB
  0
TABLE
  2
VIEW
  5
6
330
0
100
AcDbSymbolTable
 70
     0
  0
ENDTAB
  0
TABLE
  2
UCS
  5
7
330
0
100
AcDbSymbolTable
 70
     0
  0
ENDTAB
  0
TABLE
  2
APPID
  5
9
330
0
100
AcDbSymbolTable
 70
    18
  0
APPID
  5
11
330
9
100
AcDbSymbolTableRecord
100
AcDbRegAppTableRecord
  2
ACAD
 70
     0
  0
APPID
  5
3A6
330
9
100
AcDbSymbolTableRecord
100
AcDbRegAppTableRecord
  2
ACAD_PSEXT
 70
     0
  0
APPID
  5
3A8
330
9
100
AcDbSymbolTableRecord
100
AcDbRegAppTableRecord
  2
ACAD_EXEMPT_FROM_CAD_STANDARDS
 70
     0
  0
APPID
  5
43E
330
9
100
AcDbSymbolTableRecord
100
AcDbRegAppTableRecord
  2
ACAD_MLEADERVER
 70
     0
  0
APPID
  5
460
330
9
100
AcDbSymbolTableRecord
100
AcDbRegAppTableRecord
  2
ACAD_DSTYLE_DIMJAG
 70
     0
  0
APPID
  5
461
330
9
100
AcDbSymbolTableRecord
100
AcDbRegAppTableRecord
  2
ACAD_DSTYLE_DIMBREAK
 70
     0
  0
APPID
  5
462
330
9
100
AcDbSymbolTableRecord
100
AcDbRegAppTableRecord
  2
ACAD_DSTYLE_DIMTALN
 70
     0
  0
APPID
  5
47A
330
9
100
AcDbSymbolTableRecord
100
AcDbRegAppTableRecord
  2
AcAecLayerStandard
 70
     0
  0
APPID
  5
4AB
330
9
100
AcDbSymbolTableRecord
100
AcDbRegAppTableRecord
  2
DCO15
 70
     0
  0
APPID
  5
4B9
330
9
100
AcDbSymbolTableRecord
100
AcDbRegAppTableRecord
  2
AcadAnnoPO
 70
     0
  0
APPID
  5
55F
330
9
100
AcDbSymbolTableRecord
100
AcDbRegAppTableRecord
  2
ACAD_DSTYLE_DIMRADIAL_EXTENSION
 70
     0
  0
APPID
  5
701
330
9
100
AcDbSymbolTableRecord
100
AcDbRegAppTableRecord
  2
AcadAnnotative
 70
     0
  0
APPID
  5
702
330
9
100
AcDbSymbolTableRecord
100
AcDbRegAppTableRecord
  2
AcDbDynamicBlockGUID
 70
     0
  0
APPID
  5
703
330
9
100
AcDbSymbolTableRecord
100
AcDbRegAppTableRecord
  2
AcDbBlockRepETag
 70
     0
  0
APPID
  5
C28
330
9
100
AcDbSymbolTableRecord
100
AcDbRegAppTableRecord
  2
310397229
 70
     0
  0
APPID
  5
D2B
330
9
100
AcDbSymbolTableRecord
100
AcDbRegAppTableRecord
  2
ACAD_NAV_VCDISPLAY
 70
     0
  0
APPID
  5
D91
330
9
100
AcDbSymbolTableRecord
100
AcDbRegAppTableRecord
  2
ACAUTHENVIRON
 70
     0
  0
APPID
  5
DA6
330
9
100
AcDbSymbolTableRecord
100
AcDbRegAppTableRecord
  2
AcDbDynamicBlockTrueName
 70
     0
  0
ENDTAB
  0
TABLE
  2
DIMSTYLE
  5
A
330
0
100
AcDbSymbolTable
 70
     3
100
AcDbDimStyleTable
 71
     2
340
3F
340
467
  0
DIMSTYLE
105
3F
102
{ACAD_REACTORS
330
A07
330
A1D
330
A50
330
A66
330
A90
102
}
330
A
100
AcDbSymbolTableRecord
100
AcDbDimStyleTableRecord
  2
STANDARD
 70
     0
 41
2.5
 42
0.0
 43
3.75
 44
1.25
 73
     0
 74
     0
 77
     1
 78
     1
140
3.5
141
0.0
143
0.039370078
147
0.625
171
     3
179
     2
271
     2
272
     2
274
     3
283
     0
284
     8
340
10
1001
ACAD_DSTYLE_DIMJAG
1070
   388
1040
1.5
1001
ACAD_DSTYLE_DIMTALN
1070
   392
1070
     0
  0
DIMSTYLE
105
467
102
{ACAD_REACTORS
330
AFC
102
}
330
A
100
AcDbSymbolTableRecord
100
AcDbDimStyleTableRecord
  2
DIAMETER
 70
     0
 41
2.5
 42
0.0
 43
3.75
 44
1.25
 73
     0
 74
     0
 76
     1
 77
     1
 78
     1
140
3.5
141
0.0
143
0.039370078
147
0.625
171
     3
173
     1
179
     2
271
     2
272
     2
274
     3
283
     0
284
     8
340
10
344
464
1001
ACAD_DSTYLE_DIMBREAK
1070
   391
1040
3.75
1001
ACAD_DSTYLE_DIMJAG
1070
   388
1040
1.5
1001
ACAD_DSTYLE_DIMTALN
1070
   392
1070
     0
  0
ENDTAB
  0
TABLE
  2
BLOCK_RECORD
  5
1
330
0
100
AcDbSymbolTable
 70
    25
  0
BLOCK_RECORD
  5
18
102
{ACAD_XDICTIONARY
360
BD8
102
}
330
1
100
AcDbSymbolTableRecord
100
AcDbBlockTableRecord
  2
*MODEL_SPACE
340
303
  0
BLOCK_RECORD
  5
338
330
1
100
AcDbSymbolTableRecord
100
AcDbBlockTableRecord
  2
*Paper_Space
340
33B
  0
BLOCK_RECORD
  5
464
330
1
100
AcDbSymbolTableRecord
100
AcDbBlockTableRecord
  2
_None
340
0
  0
BLOCK_RECORD
  5
51F
330
1
100
AcDbSymbolTableRecord
100
AcDbBlockTableRecord
  2
CERO_POINT
340
0
310
2800000020000000200000000100080000000000000400000000000000000000000000000000000000000000000080000080000000808000800000008000800080800000C0C0C000C0DCC000F0CAA6000020400000206000002080000020A0000020C0000020E00000400000004020000040400000406000004080000040A0
310
000040C0000040E00000600000006020000060400000606000006080000060A0000060C0000060E00000800000008020000080400000806000008080000080A0000080C0000080E00000A0000000A0200000A0400000A0600000A0800000A0A00000A0C00000A0E00000C0000000C0200000C0400000C0600000C0800000C0
310
A00000C0C00000C0E00000E0000000E0200000E0400000E0600000E0800000E0A00000E0C00000E0E00040000000400020004000400040006000400080004000A0004000C0004000E00040200000402020004020400040206000402080004020A0004020C0004020E000404000004040200040404000404060004040800040
310
40A0004040C0004040E00040600000406020004060400040606000406080004060A0004060C0004060E00040800000408020004080400040806000408080004080A0004080C0004080E00040A0000040A0200040A0400040A0600040A0800040A0A00040A0C00040A0E00040C0000040C0200040C0400040C0600040C08000
310
40C0A00040C0C00040C0E00040E0000040E0200040E0400040E0600040E0800040E0A00040E0C00040E0E00080000000800020008000400080006000800080008000A0008000C0008000E00080200000802020008020400080206000802080008020A0008020C0008020E00080400000804020008040400080406000804080
310
008040A0008040C0008040E00080600000806020008060400080606000806080008060A0008060C0008060E00080800000808020008080400080806000808080008080A0008080C0008080E00080A0000080A0200080A0400080A0600080A0800080A0A00080A0C00080A0E00080C0000080C0200080C0400080C0600080C0
310
800080C0A00080C0C00080C0E00080E0000080E0200080E0400080E0600080E0800080E0A00080E0C00080E0E000C0000000C0002000C0004000C0006000C0008000C000A000C000C000C000E000C0200000C0202000C0204000C0206000C0208000C020A000C020C000C020E000C0400000C0402000C0404000C0406000C0
310
408000C040A000C040C000C040E000C0600000C0602000C0604000C0606000C0608000C060A000C060C000C060E000C0800000C0802000C0804000C0806000C0808000C080A000C080C000C080E000C0A00000C0A02000C0A04000C0A06000C0A08000C0A0A000C0A0C000C0A0E000C0C00000C0C02000C0C04000C0C06000
310
C0C08000C0C0A000F0FBFF00A4A0A000808080000000FF0000FF000000FFFF00FF000000FF00FF00FFFF0000FFFFFF00000000000000000000000000000000000000000000000000000000000000000000000000000000000000000000000000FF0000000000000000000000000000000000000000000000000000000000FF
310
FFFFFFFF000000000000000000000000000000000000000000FFFFFFFFFFFF0000FF0000FFFF00FF00000000000000000000000000000000FF00000000000000FFFFFF0000FFFFFFFF000000000000000000000000000000FF0000000000000000FF00FF0000FF00FFFF00000000000000000000000000FF00000000000000
310
0000FFFF00FF0000FF0000FFFF00000000000000000000FF000000000000000000FFFF00FF00FF0000FF0000FF000000000000000000FF0000000000000000000000FF0000FF00FF0000FF0000FF0000000000000000FF00000000000000000000FFFFFF0000FFFFFF0000FF00FFFF000000000000FF000000000000000000
310
000000FF00FF000000FFFF0000FF00FF0000000000FF00000000000000000000000000FFFF00FFFF0000FFFF0000FFFF0000000000FF000000000000000000000000FFFF00FF0000FF0000FFFF0000FF0000000000FF00000000000000000000000000FF0000FF0000FF0000FFFF0000FF00000000FF000000000000000000
310
000000FFFFFF0000FF0000FF0000FFFF00FF00000000FF00FF00000000FF0000FF00FF00FFFFFF0000FF0000FF0000FFFF00FF0000FFFFFFFFFFFFFFFFFFFFFFFFFFFFFFFFFFFFFFFFFFFFFFFFFFFFFFFFFFFF000000FF00FF00FF00FF0000FF0000FFFFFF00000000000000000000000000FF000000FF0000FF00FF00FF00
310
00FF0000FFFF000000000000000000000000FF00000000FFFF0000FF00FF00FF00FF000000FF000000000000000000000000FF00000000FF00FF0000FF00FF00FF00FF0000FF0000000000000000000000FF000000000000FF00FF0000FFFF0000FF00FF00FF0000000000000000000000FF000000000000FFFF00FF00FF00
310
FF0000FF00FFFF00000000000000000000FF0000000000000000FF0000FF00FF00FF0000FF00FF00000000000000000000FF000000000000000000FF0000FF00FF00FF0000FFFF000000000000000000FF0000000000000000000000FF0000FF00FF00FF0000FF000000000000000000FF000000000000000000000000FF00
310
00FF00FF00FF00FF00000000000000FFFF00000000000000000000000000FFFF0000FF00FF00FFFF0000000000FFFF00000000000000000000000000000000FFFFFFFFFF00FF00FF000000FFFF0000000000000000000000000000000000000000000000FFFFFFFFFFFFFF0000000000000000000000000000000000000000
310
0000000000000000FF0000000000000000000000000000000000000000000000000000000000000000000000000000000000000000000000
102
{BLKREFS
331
984
102
}
1001
ACAD
1000
DesignCenter Data
1002
{
1070
     1
1070
     4
1002
}
  0
BLOCK_RECORD
  5
6D0
102
{ACAD_XDICTIONARY
360
6D1
102
}
330
1
100
AcDbSymbolTableRecord
100
AcDbBlockTableRecord
  2
ISCAR_LOGO
340
0
310
2800000020000000200000000100080000000000000400000000000000000000000000000000000000000000000080000080000000808000800000008000800080800000C0C0C000C0DCC000F0CAA6000020400000206000002080000020A0000020C0000020E00000400000004020000040400000406000004080000040A0
310
000040C0000040E00000600000006020000060400000606000006080000060A0000060C0000060E00000800000008020000080400000806000008080000080A0000080C0000080E00000A0000000A0200000A0400000A0600000A0800000A0A00000A0C00000A0E00000C0000000C0200000C0400000C0600000C0800000C0
310
A00000C0C00000C0E00000E0000000E0200000E0400000E0600000E0800000E0A00000E0C00000E0E00040000000400020004000400040006000400080004000A0004000C0004000E00040200000402020004020400040206000402080004020A0004020C0004020E000404000004040200040404000404060004040800040
310
40A0004040C0004040E00040600000406020004060400040606000406080004060A0004060C0004060E00040800000408020004080400040806000408080004080A0004080C0004080E00040A0000040A0200040A0400040A0600040A0800040A0A00040A0C00040A0E00040C0000040C0200040C0400040C0600040C08000
310
40C0A00040C0C00040C0E00040E0000040E0200040E0400040E0600040E0800040E0A00040E0C00040E0E00080000000800020008000400080006000800080008000A0008000C0008000E00080200000802020008020400080206000802080008020A0008020C0008020E00080400000804020008040400080406000804080
310
008040A0008040C0008040E00080600000806020008060400080606000806080008060A0008060C0008060E00080800000808020008080400080806000808080008080A0008080C0008080E00080A0000080A0200080A0400080A0600080A0800080A0A00080A0C00080A0E00080C0000080C0200080C0400080C0600080C0
310
800080C0A00080C0C00080C0E00080E0000080E0200080E0400080E0600080E0800080E0A00080E0C00080E0E000C0000000C0002000C0004000C0006000C0008000C000A000C000C000C000E000C0200000C0202000C0204000C0206000C0208000C020A000C020C000C020E000C0400000C0402000C0404000C0406000C0
310
408000C040A000C040C000C040E000C0600000C0602000C0604000C0606000C0608000C060A000C060C000C060E000C0800000C0802000C0804000C0806000C0808000C080A000C080C000C080E000C0A00000C0A02000C0A04000C0A06000C0A08000C0A0A000C0A0C000C0A0E000C0C00000C0C02000C0C04000C0C06000
310
C0C08000C0C0A000F0FBFF00A4A0A000808080000000FF0000FF000000FFFF00FF000000FF00FF00FFFF0000FFFFFF0000000000000000000000000000000000000000000000000000000000000000000000000000000000000000000000000000000000000000000000000000000000000000000000000000000000000000
310
0000000000000000000000000000000000000000000000000000000000FC0000FC00000000000000000000000000000000000000000000000000000000FC000000FC000000000000000000000000000000000000000000000000000000FCFC0000FC000000000000000000000000000000000000000000000000000000FC00
310
000000FC0000000000000000000000000000000000000000000000000000FCFCFCFCFCFC000000000000000000000000000000000000000000000000000000000000000000000000000000000000000000000000000000000000000000FCFC00FCFCFC00FC000000000000000000000000000000000000000000000000FCFC
310
FCFCFCFCFCFC000000000000000000000000000000000000000000000000FC00FCFCFC00FCFC000000000000000000000000000000000000000000000000FC0000FCFC0000FC000000000000000000000000000000000000000000000000000000000000000000000000000000000000000000000000000000000000000000
310
000000000000000000000000000000000000000000FCFCFCFCFCFCFCFC0000000000FCFCFCFCFCFCFCFCFCFCFCFCFC000000000000FC0000FCFC000000FC000000FC000000FC0000FCFC00FCFC00FC000000000000FC0000FCFC000000FC0000FC00000000FC0000FCFC00FCFC00FC000000000000FC0000FCFCFCFCFCFCFC
310
FCFCFCFCFCFCFC0000FCFC00FCFCFCFC000000000000FC0000FCFCFCFCFCFCFCFCFCFCFCFCFCFC0000FCFC00FCFCFCFCFCFCFCFC0000FC0000FC00FC000000FC00FCFC000000FCFCFCFCFCFC0000FC00000000FC0000FCFCFCFC0000FCFCFCFC000000FCFCFCFC0000FCFC00000000FCFCFCFCFC0000000000FC0000000000
310
000000000000000000000000000000000000000000000000FCFCFC00000000000000000000000000000000000000000000000000000000FC0000FC00000000000000000000000000000000000000000000000000000000FC0000FC00000000000000000000000000000000000000000000000000000000FC00FC0000000000
310
000000000000000000000000000000000000000000000000FCFC000000000000000000000000000000000000000000000000000000000000FC00000000000000000000000000000000000000000000000000000000000000000000000000000000000000000000000000000000000000000000000000000000000000000000
310
0000000000000000000000000000000000000000000000000000000000000000000000000000000000000000000000000000000000000000
102
{BLKREFS
331
985
102
}
1001
AcDbDynamicBlockGUID
1000
{7F157122-0310-41DF-BAC8-CAC40B0A72D2}
1001
AcDbBlockRepETag
1070
     1
1071
       42
  0
BLOCK_RECORD
  5
A08
330
1
100
AcDbSymbolTableRecord
100
AcDbBlockTableRecord
  2
*D3
340
0
  0
BLOCK_RECORD
  5
A1E
330
1
100
AcDbSymbolTableRecord
100
AcDbBlockTableRecord
  2
*D4
340
0
  0
BLOCK_RECORD
  5
A51
330
1
100
AcDbSymbolTableRecord
100
AcDbBlockTableRecord
  2
*D5
340
0
  0
BLOCK_RECORD
  5
A67
330
1
100
AcDbSymbolTableRecord
100
AcDbBlockTableRecord
  2
*D6
340
0
  0
BLOCK_RECORD
  5
A91
330
1
100
AcDbSymbolTableRecord
100
AcDbBlockTableRecord
  2
*D7
340
0
  0
BLOCK_RECORD
  5
AFD
330
1
100
AcDbSymbolTableRecord
100
AcDbBlockTableRecord
  2
*D8
340
0
  0
BLOCK_RECORD
  5
D88
102
{ACAD_XDICTIONARY
360
D92
102
}
330
1
100
AcDbSymbolTableRecord
100
AcDbBlockTableRecord
  2
CUT
340
0
310
2800000020000000200000000100200000000000001000000100000001000000000000000000000001000000302821FF302821FF302821FF302821FF302821FF302821FF302821FF302821FF302821FF302821FF302821FF302821FF302821FF302821FF302821FF302821FF302821FF302821FF302821FF302821FF302821
310
FF302821FF302821FF302821FF302821FF302821FF302821FF302821FF302821FF302821FF302821FF302821FF302821FF302821FF302821FF302821FF302821FF302821FF302821FF302821FF302821FF302821FF302821FF302821FF302821FF302821FF302821FF302821FF302821FF302821FF302821FF302821FF3028
310
21FF302821FF302821FF302821FF302821FF302821FF302821FF302821FF302821FF302821FF302821FF302821FF302821FF302821FF302821FF302821FF302821FF302821FF302821FF302821FF302821FF302821FF302821FF302821FF302821FF302821FF302821FF302821FF302821FF302821FF302821FF302821FF30
310
2821FF302821FF302821FF302821FF302821FF302821FF302821FF302821FF302821FF302821FF302821FF302821FF302821FF302821FF302821FF302821FF302821FF302821FF302821FF302821FF302821FF302821FF302821FF302821FF302821FF302821FF302821FF302821FF302821FF302821FF302821FF302821FF
310
302821FF302821FF302821FF302821FF302821FF302821FF302821FF302821FF302821FF302821FF302821FF302821FF302821FF0000FFFF0000FFFF0000FFFF0000FFFF0000FFFF0000FFFF0000FFFF0000FFFF0000FFFF0000FFFF0000FFFF0000FFFF0000FFFF0000FFFF0000FFFF0000FFFF0000FFFF0000FFFF0000FF
310
FF0000FFFF0000FFFF0000FFFF0000FFFF0000FFFF0000FFFF0000FFFF0000FFFF0000FFFF0000FFFF0000FFFF302821FF302821FF0000FFFF302821FF302821FF302821FF302821FF302821FF302821FF302821FF302821FF302821FF302821FF302821FF302821FF302821FF302821FF302821FF302821FF302821FF3028
310
21FF302821FF302821FF302821FF302821FF302821FF302821FF302821FF302821FF0000FFFF0000FFFF302821FF302821FF302821FF0000FFFF302821FF302821FF302821FF302821FF302821FF302821FF302821FF302821FF302821FF302821FF302821FF302821FF302821FF302821FF302821FF302821FF302821FF30
310
2821FF302821FF302821FF302821FF302821FF302821FF302821FF302821FF302821FF0000FFFF302821FF302821FF302821FF302821FF0000FFFF302821FF302821FF302821FF302821FF302821FF302821FF302821FF302821FF302821FF302821FF302821FF302821FF302821FF302821FF302821FF302821FF302821FF
310
302821FF302821FF302821FF302821FF302821FF302821FF302821FF302821FF302821FF0000FFFF302821FF302821FF302821FF302821FF0000FFFF302821FF302821FF302821FF302821FF302821FF302821FF302821FF302821FF302821FF302821FF302821FF302821FF302821FF302821FF302821FF302821FF302821
310
FF302821FF302821FF302821FF302821FF302821FF302821FF302821FF302821FF0000FFFF302821FF302821FF302821FF302821FF302821FF0000FFFF302821FF302821FF302821FF302821FF302821FF302821FF302821FF302821FF302821FF302821FF302821FF302821FF302821FF302821FF302821FF302821FF3028
310
21FF302821FF302821FF302821FF302821FF302821FF302821FF302821FF302821FF0000FFFF302821FF302821FF302821FF302821FF302821FF0000FFFF302821FF302821FF302821FF302821FF302821FF302821FF302821FF302821FF302821FF302821FF302821FF302821FF302821FF302821FF302821FF302821FF30
310
2821FF302821FF302821FF302821FF302821FF302821FF302821FF302821FF0000FFFF302821FF302821FF302821FF302821FF302821FF302821FF0000FFFF302821FF302821FF302821FF302821FF302821FF302821FF302821FF302821FF302821FF302821FF302821FF302821FF302821FF302821FF302821FF302821FF
310
302821FF302821FF302821FF302821FF302821FF302821FF302821FF302821FF0000FFFF302821FF302821FF302821FF302821FF302821FF302821FF0000FFFF302821FF302821FF302821FF302821FF302821FF302821FF302821FF302821FF302821FF302821FF302821FF302821FF302821FF302821FF302821FF302821
310
FF302821FF302821FF302821FF302821FF302821FF302821FF302821FF0000FFFF302821FF302821FF302821FF302821FF302821FF302821FF302821FF0000FFFF302821FF302821FF302821FF302821FF302821FF302821FF302821FF302821FF302821FF302821FF302821FF302821FF302821FF302821FF302821FF3028
310
21FF302821FF302821FF302821FF302821FF302821FF302821FF302821FF0000FFFF302821FF302821FF302821FF302821FF302821FF302821FF302821FF0000FFFF302821FF302821FF302821FF302821FF302821FF302821FF302821FF302821FF302821FF302821FF302821FF302821FF302821FF302821FF302821FF30
310
2821FF302821FF302821FF302821FF302821FF302821FF302821FF0000FFFF302821FF302821FF302821FF302821FF302821FF302821FF302821FF302821FF0000FFFF302821FF302821FF302821FF302821FF302821FF302821FF302821FF302821FF302821FF302821FF302821FF302821FF302821FF302821FF302821FF
310
302821FF302821FF302821FF302821FF302821FF302821FF302821FF0000FFFF302821FF302821FF302821FF302821FF302821FF302821FF302821FF302821FF0000FFFF302821FF302821FF302821FF302821FF302821FF302821FF302821FF302821FF302821FF302821FF302821FF302821FF302821FF302821FF302821
310
FF302821FF302821FF302821FF302821FF302821FF302821FF0000FFFF302821FF302821FF302821FF302821FF302821FF302821FF302821FF302821FF302821FF0000FFFF302821FF302821FF302821FF302821FF302821FF302821FF302821FF302821FF302821FF302821FF302821FF302821FF302821FF302821FF3028
310
21FF302821FF302821FF302821FF302821FF302821FF0000FFFF302821FF302821FF302821FF302821FF302821FF302821FF302821FF302821FF302821FF302821FF0000FFFF302821FF302821FF302821FF302821FF302821FF302821FF302821FF302821FF302821FF302821FF302821FF302821FF302821FF302821FF30
310
2821FF302821FF302821FF302821FF302821FF302821FF0000FFFF302821FF302821FF302821FF302821FF302821FF302821FF302821FF302821FF302821FF302821FF0000FFFF302821FF302821FF302821FF302821FF302821FF302821FF302821FF302821FF302821FF302821FF302821FF302821FF302821FF302821FF
310
302821FF302821FF302821FF302821FF302821FF0000FFFF302821FF302821FF302821FF302821FF302821FF302821FF302821FF302821FF302821FF302821FF302821FF0000FFFF302821FF302821FF302821FF302821FF302821FF302821FF302821FF302821FF302821FF302821FF302821FF302821FF302821FF302821
310
FF302821FF302821FF302821FF302821FF302821FF0000FFFF302821FF302821FF302821FF302821FF302821FF302821FF302821FF302821FF302821FF302821FF302821FF0000FFFF302821FF302821FF302821FF302821FF302821FF302821FF302821FF302821FF302821FF302821FF302821FF302821FF302821FF3028
310
21FF302821FF302821FF302821FF302821FF0000FFFF302821FF302821FF302821FF302821FF302821FF302821FF302821FF302821FF302821FF302821FF302821FF302821FF0000FFFF302821FF302821FF302821FF302821FF302821FF302821FF302821FF302821FF302821FF302821FF302821FF302821FF302821FF30
310
2821FF302821FF302821FF302821FF302821FF0000FFFF302821FF302821FF302821FF302821FF302821FF302821FF302821FF302821FF302821FF302821FF302821FF302821FF0000FFFF302821FF302821FF302821FF302821FF302821FF302821FF302821FF302821FF302821FF302821FF302821FF302821FF302821FF
310
302821FF302821FF302821FF302821FF0000FFFF302821FF302821FF302821FF302821FF302821FF302821FF302821FF302821FF302821FF302821FF302821FF302821FF302821FF0000FFFF302821FF302821FF302821FF302821FF302821FF302821FF302821FF302821FF302821FF302821FF302821FF302821FF302821
310
FF302821FF302821FF302821FF302821FF0000FFFF302821FF302821FF302821FF302821FF302821FF302821FF302821FF302821FF302821FF302821FF302821FF302821FF302821FF0000FFFF302821FF302821FF302821FF302821FF302821FF302821FF302821FF302821FF302821FF302821FF302821FF302821FF3028
310
21FF302821FF302821FF302821FF0000FFFF302821FF302821FF302821FF302821FF302821FF302821FF302821FF302821FF302821FF302821FF302821FF302821FF302821FF302821FF0000FFFF302821FF302821FF302821FF302821FF302821FF302821FF302821FF302821FF302821FF302821FF302821FF302821FF30
310
2821FF302821FF302821FF302821FF0000FFFF302821FF302821FF302821FF302821FF302821FF302821FF302821FF302821FF302821FF302821FF302821FF302821FF302821FF302821FF0000FFFF0000FFFF0000FFFF0000FFFF0000FFFF0000FFFF0000FFFF0000FFFF0000FFFF0000FFFF0000FFFF0000FFFF0000FFFF
310
0000FFFF0000FFFF0000FFFF0000FFFF302821FF302821FF302821FF302821FF302821FF302821FF302821FF302821FF302821FF302821FF302821FF302821FF302821FF302821FF302821FF302821FF302821FF302821FF302821FF302821FF302821FF302821FF302821FF302821FF302821FF302821FF302821FF302821
310
FF302821FF302821FF302821FF302821FF302821FF302821FF302821FF302821FF302821FF302821FF302821FF302821FF302821FF302821FF302821FF302821FF302821FF302821FF302821FF302821FF302821FF302821FF302821FF302821FF302821FF302821FF302821FF302821FF302821FF302821FF302821FF3028
310
21FF302821FF302821FF302821FF302821FF302821FF302821FF302821FF302821FF302821FF302821FF302821FF302821FF302821FF302821FF302821FF302821FF302821FF302821FF302821FF302821FF302821FF302821FF302821FF302821FF302821FF302821FF302821FF302821FF302821FF302821FF302821FF30
310
2821FF302821FF302821FF302821FF302821FF302821FF302821FF302821FF302821FF302821FF302821FF302821FF302821FF302821FF302821FF302821FF302821FF302821FF302821FF302821FF302821FF302821FF302821FF302821FF302821FF302821FF302821FF302821FF302821FF302821FF302821FF302821FF
310
302821FF302821FF302821FF302821FF302821FF302821FF302821FF302821FF302821FF302821FF302821FF302821FF302821FF302821FF302821FF302821FF302821FF302821FF
102
{BLKREFS
331
D8C
102
}
1001
AcDbDynamicBlockGUID
1000
{5D31242B-B1E7-6A4F-B2B8-065C65490231}
1001
ACAD
1000
DesignCenter Data
1002
{
1070
     1
1070
     4
1002
}
  0
BLOCK_RECORD
  5
E19
330
1
100
AcDbSymbolTableRecord
100
AcDbBlockTableRecord
  2
NOCUT
340
0
310
2800000020000000200000000100200000000000001000000100000001000000000000000000000000000000302821FF302821FF302821FF302821FF302821FF302821FF302821FF302821FF302821FF302821FF302821FF302821FF302821FF302821FF302821FF302821FF302821FF302821FF302821FF302821FF302821
310
FF302821FF302821FF302821FF302821FF302821FF302821FF302821FF302821FF302821FF302821FF302821FF302821FF302821FF302821FF302821FF302821FF302821FF302821FF302821FF302821FF302821FF302821FF302821FF302821FF302821FF302821FF302821FF302821FF302821FF302821FF302821FF3028
310
21FF302821FF302821FF302821FF302821FF302821FF302821FF302821FF302821FF302821FF302821FF302821FF302821FF302821FF302821FF302821FF302821FF302821FF302821FF302821FF302821FF302821FF302821FF302821FF302821FF302821FF302821FF302821FF302821FF302821FF302821FF302821FF30
310
2821FF302821FF302821FF302821FF302821FF302821FF302821FF302821FF302821FF302821FF302821FF302821FF302821FF302821FF302821FF302821FF302821FF302821FF302821FF302821FF302821FF302821FF302821FF302821FF302821FF302821FF302821FF302821FF302821FF302821FF302821FF302821FF
310
302821FF302821FF302821FF302821FF302821FF302821FF302821FF302821FF302821FF302821FF302821FF302821FF302821FF302821FF302821FF302821FF302821FF302821FF302821FF302821FF302821FF302821FF302821FF302821FF302821FF302821FF302821FF302821FF302821FF302821FF302821FF302821
310
FF302821FF302821FF302821FF302821FF302821FF302821FF302821FF302821FF302821FF302821FF302821FF302821FF302821FF302821FF302821FF302821FF302821FF302821FF302821FF302821FF302821FF302821FF302821FF302821FF302821FF302821FF302821FF302821FF302821FF302821FF302821FF3028
310
21FF302821FF302821FF302821FF302821FF302821FF302821FF302821FF302821FF302821FF302821FF302821FF302821FF302821FF302821FF302821FF302821FF302821FF302821FF302821FF302821FF302821FF302821FF302821FF302821FF302821FF302821FF302821FF302821FF302821FF302821FF302821FF30
310
2821FF302821FF302821FF302821FF302821FF302821FF302821FF302821FF302821FF302821FF302821FF302821FF302821FF302821FF302821FF302821FF302821FF302821FF302821FF302821FF302821FF302821FF302821FF302821FF302821FF302821FF302821FF302821FF302821FF302821FF302821FF302821FF
310
302821FF302821FF302821FF302821FF302821FF302821FF302821FF302821FF302821FF302821FF302821FF302821FF302821FF302821FF302821FF302821FF302821FF302821FF302821FF302821FF302821FF302821FF302821FF302821FF302821FF302821FF302821FF302821FF302821FF302821FF302821FF302821
310
FF302821FF302821FF302821FF302821FF302821FF302821FF302821FF302821FF302821FF302821FF302821FF302821FF302821FF302821FF302821FF302821FF302821FF302821FF302821FF302821FF302821FF302821FF302821FF302821FF302821FF302821FF302821FF302821FF302821FF302821FF302821FF3028
310
21FF302821FF302821FF302821FF302821FF302821FF302821FF302821FF302821FF302821FF302821FF302821FF302821FF302821FF302821FF302821FF302821FF302821FF302821FF302821FF302821FF302821FF302821FF302821FF302821FF302821FF302821FF302821FF302821FF302821FF302821FF302821FF30
310
2821FF302821FF302821FF302821FF302821FF302821FF302821FF302821FF302821FF302821FF302821FF302821FF302821FF302821FF302821FF302821FF302821FF302821FF302821FF302821FF302821FF302821FF302821FF302821FF302821FF302821FF302821FF302821FF302821FF302821FF302821FF302821FF
310
302821FF302821FF302821FF302821FF302821FF302821FF302821FF302821FF302821FF302821FF302821FF302821FF302821FF302821FF302821FF302821FF302821FF302821FF302821FF302821FF302821FF302821FF302821FF302821FF302821FF302821FF302821FF302821FF302821FF302821FF302821FF302821
310
FF302821FF302821FF302821FF302821FF302821FF302821FF302821FF302821FF302821FF302821FF302821FF302821FF302821FF302821FF302821FFFFFFFFFFFFFFFFFFFFFFFFFFFFFFFFFFFFFFFFFFFFFFFFFFFFFFFFFFFFFFFFFFFFFFFFFFFFFFFFFFFFFFFFFFFFFFFFFFFFFFFFFFFFFFFFFFFFFFFFFFFFFFFFFFFFFF
310
FFFFFFFFFFFFFFFFFFFFFFFFFFFFFFFFFFFFFFFFFFFFFFFFFFFFFFFFFFFFFFFFFFFFFFFFFFFFFFFFFFFFFFFFFFFFFFFFFFFFFFFFFFFF302821FF302821FFFFFFFFFF302821FF302821FF302821FF302821FF302821FF302821FF302821FF302821FF302821FF302821FF302821FF302821FF302821FF302821FF302821FF30
310
2821FF302821FF302821FF302821FF302821FF302821FF302821FF302821FF302821FF302821FF302821FF302821FF302821FFFFFFFFFF302821FF302821FFFFFFFFFF302821FF302821FF302821FF302821FF302821FF302821FF302821FF302821FF302821FF302821FF302821FF302821FF302821FF302821FF302821FF
310
302821FF302821FF302821FF302821FF302821FF302821FF302821FF302821FF302821FF302821FF302821FF302821FF302821FFFFFFFFFF302821FF302821FFFFFFFFFF302821FF302821FF302821FF302821FF302821FFFFFFFFFFFFFFFFFFFFFFFFFFFFFFFFFFFFFFFFFFFFFFFFFFFFFFFFFFFFFFFFFFFFFFFFFFFFFFFF
310
FFFFFFFFFFFFFFFFFFFFFFFFFFFFFFFFFFFFFFFFFFFFFFFFFFFFFFFFFFFFFFFFFFFFFFFFFFFFFFFFFFFFFFFFFFFFFFFFFFFFFFFFFFFFFFFFFF302821FF302821FFFFFFFFFF302821FF302821FF302821FFFFFFFFFFFFFFFFFF302821FF302821FF302821FF302821FF302821FF302821FF302821FF302821FF302821FF3028
310
21FF302821FF302821FF302821FF302821FF302821FF302821FF302821FF302821FF302821FF302821FF302821FF302821FF302821FF302821FF302821FF302821FFFFFFFFFFFFFFFFFFFFFFFFFFFFFFFFFF302821FF302821FF302821FF302821FF302821FF302821FF302821FF302821FF302821FF302821FF302821FF30
310
2821FF302821FF302821FF302821FF302821FF302821FF302821FF302821FF302821FF302821FF302821FF302821FF302821FF302821FF302821FF302821FF302821FF302821FF302821FF302821FF302821FF302821FF302821FF302821FF302821FF302821FF302821FF302821FF302821FF302821FF302821FF302821FF
310
302821FF302821FF302821FF302821FF302821FF302821FF302821FF302821FF302821FF302821FF302821FF302821FF302821FF302821FF302821FF302821FF302821FF302821FF302821FF302821FF302821FF302821FF302821FF302821FF302821FF302821FF302821FF302821FF302821FF302821FF302821FF302821
310
FF302821FF302821FF302821FF302821FF302821FF302821FF302821FF302821FF302821FF302821FF302821FF302821FF302821FF302821FF302821FF302821FF302821FF302821FF302821FF302821FF302821FF302821FF302821FF302821FF302821FF302821FF302821FF302821FF302821FF302821FF302821FF3028
310
21FF302821FF302821FF302821FF302821FF302821FF302821FF302821FF302821FF302821FF302821FF302821FF302821FF302821FF302821FF302821FF302821FF302821FF302821FF302821FF302821FF302821FF302821FF302821FF302821FF302821FF302821FF302821FF302821FF302821FF302821FF302821FF30
310
2821FF302821FF302821FF302821FF302821FF302821FF302821FF302821FF302821FF302821FF302821FF302821FF302821FF302821FF302821FF302821FF302821FF302821FF302821FF302821FF302821FF302821FF302821FF302821FF302821FF302821FF302821FF302821FF302821FF302821FF302821FF302821FF
310
302821FF302821FF302821FF302821FF302821FF302821FF302821FF302821FF302821FF302821FF302821FF302821FF302821FF302821FF302821FF302821FF302821FF302821FF302821FF302821FF302821FF302821FF302821FF302821FF302821FF302821FF302821FF302821FF302821FF302821FF302821FF302821
310
FF302821FF302821FF302821FF302821FF302821FF302821FF302821FF302821FF302821FF302821FF302821FF302821FF302821FF302821FF302821FF302821FF302821FF302821FF302821FF302821FF302821FF302821FF302821FF302821FF302821FF302821FF302821FF302821FF302821FF302821FF302821FF3028
310
21FF302821FF302821FF302821FF302821FF302821FF302821FF302821FF302821FF302821FF302821FF302821FF302821FF302821FF302821FF302821FF302821FF302821FF302821FF302821FF302821FF302821FF302821FF302821FF302821FF302821FF302821FF302821FF302821FF302821FF302821FF302821FF30
310
2821FF302821FF302821FF302821FF302821FF302821FF302821FF302821FF302821FF302821FF302821FF302821FF302821FF302821FF302821FF302821FF302821FF302821FF302821FF302821FF302821FF302821FF302821FF302821FF302821FF302821FF302821FF302821FF302821FF302821FF302821FF302821FF
310
302821FF302821FF302821FF302821FF302821FF302821FF302821FF302821FF302821FF302821FF302821FF302821FF302821FF302821FF302821FF302821FF302821FF302821FF302821FF302821FF302821FF302821FF302821FF302821FF302821FF302821FF302821FF302821FF302821FF302821FF302821FF302821
310
FF302821FF302821FF302821FF302821FF302821FF302821FF302821FF302821FF302821FF302821FF302821FF302821FF302821FF302821FF302821FF302821FF302821FF302821FF302821FF302821FF302821FF302821FF302821FF302821FF302821FF302821FF302821FF302821FF302821FF302821FF302821FF3028
310
21FF302821FF302821FF302821FF302821FF302821FF302821FF302821FF302821FF302821FF302821FF302821FF302821FF302821FF302821FF302821FF302821FF302821FF302821FF302821FF302821FF302821FF302821FF302821FF302821FF302821FF302821FF302821FF302821FF302821FF302821FF302821FF30
310
2821FF302821FF302821FF302821FF302821FF302821FF302821FF302821FF302821FF302821FF302821FF302821FF302821FF302821FF302821FF302821FF302821FF302821FF302821FF302821FF302821FF302821FF302821FF302821FF302821FF302821FF302821FF302821FF302821FF302821FF302821FF302821FF
310
302821FF302821FF302821FF302821FF302821FF302821FF302821FF302821FF302821FF302821FF302821FF302821FF302821FF302821FF302821FF302821FF302821FF302821FF
102
{BLKREFS
331
E1D
102
}
1001
ACAD
1000
DesignCenter Data
1002
{
1070
     1
1070
     4
1002
}
  0
BLOCK_RECORD
  5
E24
330
1
100
AcDbSymbolTableRecord
100
AcDbBlockTableRecord
  2
CIRCLE_H_ALL
340
0
102
{BLKREFS
331
E3C
102
}
  0
BLOCK_RECORD
  5
E27
330
1
100
AcDbSymbolTableRecord
100
AcDbBlockTableRecord
  2
CIRCLE_L_ALL
340
0
102
{BLKREFS
331
E3D
102
}
  0
BLOCK_RECORD
  5
E2A
330
1
100
AcDbSymbolTableRecord
100
AcDbBlockTableRecord
  2
CIRCLE_H_ORIGIN
340
0
102
{BLKREFS
331
E3E
102
}
  0
BLOCK_RECORD
  5
E2D
330
1
100
AcDbSymbolTableRecord
100
AcDbBlockTableRecord
  2
CIRCLE_L_ORIGIN
340
0
102
{BLKREFS
331
E3F
102
}
  0
BLOCK_RECORD
  5
E30
330
1
100
AcDbSymbolTableRecord
100
AcDbBlockTableRecord
  2
CIRCLE_FAR_ORIGIN
340
0
102
{BLKREFS
331
E41
102
}
  0
BLOCK_RECORD
  5
E33
330
1
100
AcDbSymbolTableRecord
100
AcDbBlockTableRecord
  2
CIRCLE_FAR_ALL
340
0
102
{BLKREFS
331
E40
102
}
  0
ENDTAB
  0
ENDSEC
  0
SECTION
  2
BLOCKS
  0
BLOCK
  5
32
330
18
100
AcDbEntity
  8
0
100
AcDbBlockBegin
  2
*MODEL_SPACE
 70
     0
 10
0.0
 20
0.0
 30
0.0
  3
*MODEL_SPACE
  1

  0
ENDBLK
  5
33
330
18
100
AcDbEntity
  8
0
100
AcDbBlockEnd
  0
BLOCK
  5
339
330
338
100
AcDbEntity
 67
     1
  8
0
100
AcDbBlockBegin
  2
*Paper_Space
 70
     0
 10
0.0
 20
0.0
 30
0.0
  3
*Paper_Space
  1

  0
ENDBLK
  5
33A
330
338
100
AcDbEntity
 67
     1
  8
0
100
AcDbBlockEnd
  0
BLOCK
  5
465
330
464
100
AcDbEntity
  8
0
100
AcDbBlockBegin
  2
_None
 70
     0
 10
0.0
 20
0.0
 30
0.0
  3
_None
  1

  0
ENDBLK
  5
466
330
464
100
AcDbEntity
  8
0
100
AcDbBlockEnd
  0
BLOCK
  5
520
330
51F
100
AcDbEntity
  8
0
100
AcDbBlockBegin
  2
CERO_POINT
 70
     0
 10
0.0
 20
0.0
 30
0.0
  3
CERO_POINT
  1

  0
CIRCLE
  5
521
102
{ACAD_REACTORS
330
526
102
}
330
51F
100
AcDbEntity
  8
SK2
100
AcDbCircle
 10
0.0
 20
0.0
 30
0.0
 40
2.5
  0
LINE
  5
522
330
51F
100
AcDbEntity
  8
SK2
100
AcDbLine
 10
0.0900000000037835
 20
0.0
 30
0.0
 11
-0.0899999999965076
 21
0.0
 31
0.0
  0
LINE
  5
523
330
51F
100
AcDbEntity
  8
SK2
100
AcDbLine
 10
0.0
 20
0.0899999999999182
 30
0.0
 11
0.0
 21
-0.0899999999999182
 31
0.0
  0
LINE
  5
524
102
{ACAD_REACTORS
330
526
102
}
330
51F
100
AcDbEntity
  8
SK2
100
AcDbLine
 10
0.0
 20
-2.5
 30
0.0
 11
0.0
 21
2.5
 31
0.0
  0
LINE
  5
525
102
{ACAD_REACTORS
330
526
102
}
330
51F
100
AcDbEntity
  8
SK2
100
AcDbLine
 10
2.5
 20
0.0
 30
0.0
 11
-2.5
 21
0.0
 31
0.0
  0
HATCH
  5
526
330
51F
100
AcDbEntity
  8
SK2
100
AcDbHatch
 10
0.0
 20
0.0
 30
0.0
210
0.0
220
0.0
230
1.0
  2
ANSI31
 70
     0
 71
     1
 91
        2
 92
        7
 72
     1
 73
     1
 93
        3
 10
0.0
 20
-2.5
 42
0.4142135623730951
 10
2.5
 20
0.0
 42
0.0
 10
0.0
 20
0.0
 42
0.0
 97
        3
330
521
330
525
330
524
 92
        7
 72
     1
 73
     1
 93
        3
 10
0.0
 20
0.0
 42
0.0
 10
0.0
 20
2.5
 42
0.4142135623730951
 10
-2.5
 20
0.0
 42
0.0
 97
        3
330
525
330
524
330
521
 75
     0
 76
     1
 52
180.0
 41
0.1
 77
     0
 78
     1
 53
225.0
 43
5.170976743218488
 44
0.0
 45
0.2245064030267288
 46
-0.2245064030267289
 79
     0
 47
0.0243816376539857
 98
        2
 10
0.8789156907296272
 20
-1.044463114528752
 10
-0.8545028512526187
 20
0.7841600866017872
  0
ENDBLK
  5
527
330
51F
100
AcDbEntity
  8
0
100
AcDbBlockEnd
  0
BLOCK
  5
6D3
330
6D0
100
AcDbEntity
  8
0
100
AcDbBlockBegin
  2
ISCAR_LOGO
 70
     2
 10
0.0
 20
0.0
 30
0.0
  3
ISCAR_LOGO
  1

  0
LINE
  5
6D4
330
6D0
100
AcDbEntity
  8
SK6
100
AcDbLine
 10
0.0
 20
6.250000000000794
 30
0.0
 11
1.750000000007275
 21
4.499999999999204
 31
0.0
  0
LINE
  5
6D5
330
6D0
100
AcDbEntity
  8
SK6
100
AcDbLine
 10
1.750000000007275
 20
4.499999999999204
 30
0.0
 11
1.750000000007275
 21
6.750000000000341
 31
0.0
  0
LINE
  5
6D6
330
6D0
100
AcDbEntity
  8
SK6
100
AcDbLine
 10
4.000000000007275
 20
4.0
 30
0.0
 11
6.250000000007275
 21
4.0
 31
0.0
  0
LINE
  5
6D7
330
6D0
100
AcDbEntity
  8
SK6
100
AcDbLine
 10
8.500000000003637
 20
4.0
 30
0.0
 11
10.74999999999636
 21
4.0
 31
0.0
  0
LINE
  5
6D8
330
6D0
100
AcDbEntity
  8
SK6
100
AcDbLine
 10
17.49999999997453
 20
4.0
 30
0.0
 11
19.74999999996362
 21
4.0
 31
0.0
  0
LINE
  5
6D9
330
6D0
100
AcDbEntity
  8
SK6
100
AcDbLine
 10
0.0
 20
4.0
 30
0.0
 11
1.750000000007275
 21
4.0
 31
0.0
  0
LINE
  5
6DA
330
6D0
100
AcDbEntity
  8
SK6
100
AcDbLine
 10
15.75000000000727
 20
1.750000000000681
 30
0.0
 11
17.49999999997453
 21
1.750000000000681
 31
0.0
  0
LINE
  5
6DB
330
6D0
100
AcDbEntity
  8
SK6
100
AcDbLine
 10
15.75000000000727
 20
2.250000000000113
 30
0.0
 11
19.74999999996362
 21
2.250000000000113
 31
0.0
  0
LINE
  5
6DC
330
6D0
100
AcDbEntity
  8
SK6
100
AcDbLine
 10
15.75000000000727
 20
0.0
 30
0.0
 11
17.49999999997453
 21
0.0
 31
0.0
  0
LINE
  5
6DD
330
6D0
100
AcDbEntity
  8
SK6
100
AcDbLine
 10
15.24999999997453
 20
0.0
 30
0.0
 11
15.24999999997453
 21
2.250000000000113
 31
0.0
  0
LINE
  5
6DE
330
6D0
100
AcDbEntity
  8
SK6
100
AcDbLine
 10
11.25000000000727
 20
0.0
 30
0.0
 11
11.25000000000727
 21
2.250000000000113
 31
0.0
  0
LINE
  5
6DF
330
6D0
100
AcDbEntity
  8
SK6
100
AcDbLine
 10
2.249999999996359
 20
1.750000000000681
 30
0.0
 11
6.250000000007275
 21
1.750000000000681
 31
0.0
  0
ARC
  5
6E0
330
6D0
100
AcDbEntity
  8
SK6
100
AcDbCircle
 10
4.499999999974534
 20
1.750000000000681
 30
0.0
 40
1.749999999999998
100
AcDbArc
 50
270.0
 51
0.0
  0
LINE
  5
6E1
330
6D0
100
AcDbEntity
  8
SK6
100
AcDbLine
 10
2.249999999996359
 20
0.0
 30
0.0
 11
4.499999999974534
 21
0.0
 31
0.0
  0
LINE
  5
6E2
330
6D0
100
AcDbEntity
  8
SK6
100
AcDbLine
 10
2.249999999996359
 20
0.0
 30
0.0
 11
2.249999999996359
 21
1.750000000000681
 31
0.0
  0
LINE
  5
6E3
330
6D0
100
AcDbEntity
  8
SK6
100
AcDbLine
 10
8.500000000003637
 20
0.0
 30
0.0
 11
10.74999999999636
 21
0.0
 31
0.0
  0
LINE
  5
6E4
330
6D0
100
AcDbEntity
  8
SK6
100
AcDbLine
 10
6.750000000003637
 20
1.750000000000681
 30
0.0
 11
10.74999999999636
 21
1.750000000000681
 31
0.0
  0
ARC
  5
6E5
330
6D0
100
AcDbEntity
  8
SK6
100
AcDbCircle
 10
8.500000000003637
 20
1.750000000000681
 30
0.0
 40
1.749999999999998
100
AcDbArc
 50
180.0
 51
270.0
  0
LINE
  5
6E6
330
6D0
100
AcDbEntity
  8
SK6
100
AcDbLine
 10
10.74999999999636
 20
0.0
 30
0.0
 11
10.74999999999636
 21
1.750000000000681
 31
0.0
  0
LINE
  5
6E7
330
6D0
100
AcDbEntity
  8
SK6
100
AcDbLine
 10
15.75000000000727
 20
0.0
 30
0.0
 11
15.75000000000727
 21
1.750000000000681
 31
0.0
  0
LINE
  5
6E8
330
6D0
100
AcDbEntity
  8
SK6
100
AcDbLine
 10
11.25000000000727
 20
0.0
 30
0.0
 11
12.99999999999272
 21
0.0
 31
0.0
  0
LINE
  5
6E9
330
6D0
100
AcDbEntity
  8
SK6
100
AcDbLine
 10
13.4999999999527
 20
0.0
 30
0.0
 11
15.24999999997453
 21
0.0
 31
0.0
  0
LINE
  5
6EA
330
6D0
100
AcDbEntity
  8
SK6
100
AcDbLine
 10
2.249999999996359
 20
2.250000000000113
 30
0.0
 11
6.250000000007275
 21
2.250000000000113
 31
0.0
  0
LINE
  5
6EB
330
6D0
100
AcDbEntity
  8
SK6
100
AcDbLine
 10
6.750000000003637
 20
2.250000000000113
 30
0.0
 11
10.74999999999636
 21
2.250000000000113
 31
0.0
  0
LINE
  5
6EC
330
6D0
100
AcDbEntity
  8
SK6
100
AcDbLine
 10
17.49999999997453
 20
0.0
 30
0.0
 11
17.49999999997453
 21
1.750000000000681
 31
0.0
  0
LINE
  5
6ED
330
6D0
100
AcDbEntity
  8
SK6
100
AcDbLine
 10
0.0
 20
0.0
 30
0.0
 11
1.750000000007275
 21
0.0
 31
0.0
  0
ARC
  5
6EE
330
6D0
100
AcDbEntity
  8
SK6
100
AcDbCircle
 10
17.49999999997453
 20
2.250000000000113
 30
0.0
 40
1.749999999999998
100
AcDbArc
 50
90.0
 51
180.0
  0
LINE
  5
6EF
330
6D0
100
AcDbEntity
  8
SK6
100
AcDbLine
 10
0.0
 20
0.0
 30
0.0
 11
0.0
 21
4.0
 31
0.0
  0
LINE
  5
6F0
330
6D0
100
AcDbEntity
  8
SK6
100
AcDbLine
 10
1.750000000007275
 20
0.0
 30
0.0
 11
1.750000000007275
 21
4.0
 31
0.0
  0
LINE
  5
6F1
330
6D0
100
AcDbEntity
  8
SK6
100
AcDbLine
 10
12.99999999999272
 20
0.0
 30
0.0
 11
12.99999999999272
 21
4.0
 31
0.0
  0
LINE
  5
6F2
330
6D0
100
AcDbEntity
  8
SK6
100
AcDbLine
 10
13.4999999999527
 20
0.0
 30
0.0
 11
13.4999999999527
 21
4.0
 31
0.0
  0
ARC
  5
6F3
330
6D0
100
AcDbEntity
  8
SK6
100
AcDbCircle
 10
4.000000000007275
 20
2.250000000000113
 30
0.0
 40
1.749999999999998
100
AcDbArc
 50
90.0
 51
180.0
  0
ARC
  5
6F4
330
6D0
100
AcDbEntity
  8
SK6
100
AcDbCircle
 10
12.99999999999272
 20
2.250000000000113
 30
0.0
 40
1.749999999999998
100
AcDbArc
 50
90.0
 51
180.0
  0
LINE
  5
6F5
330
6D0
100
AcDbEntity
  8
SK6
100
AcDbLine
 10
6.250000000007275
 20
2.250000000000113
 30
0.0
 11
6.250000000007275
 21
4.0
 31
0.0
  0
ARC
  5
6F6
330
6D0
100
AcDbEntity
  8
SK6
100
AcDbCircle
 10
8.500000000003637
 20
2.250000000000113
 30
0.0
 40
1.749999999999998
100
AcDbArc
 50
90.0
 51
180.0
  0
LINE
  5
6F7
330
6D0
100
AcDbEntity
  8
SK6
100
AcDbLine
 10
10.74999999999636
 20
2.250000000000113
 30
0.0
 11
10.74999999999636
 21
4.0
 31
0.0
  0
ARC
  5
6F8
330
6D0
100
AcDbEntity
  8
SK6
100
AcDbCircle
 10
13.4999999999527
 20
2.250000000000113
 30
0.0
 40
1.749999999999998
100
AcDbArc
 50
0.0
 51
90.0
  0
LINE
  5
6F9
330
6D0
100
AcDbEntity
  8
SK6
100
AcDbLine
 10
19.74999999996362
 20
2.250000000000113
 30
0.0
 11
19.74999999996362
 21
4.0
 31
0.0
  0
LINE
  5
6FA
330
6D0
100
AcDbEntity
  8
SK6
100
AcDbLine
 10
0.0
 20
8.499999999999545
 30
0.0
 11
1.750000000007275
 21
6.750000000000341
 31
0.0
  0
LINE
  5
6FB
330
6D0
100
AcDbEntity
  8
SK6
100
AcDbLine
 10
0.0
 20
6.250000000000794
 30
0.0
 11
0.0
 21
8.499999999999545
 31
0.0
  0
ATTDEF
  5
6FC
330
6D0
100
AcDbEntity
  8
SK6
100
AcDbText
 10
3.07280028710756
 20
-6.38769206708217
 30
0.0
 40
3.5
  1
----
 72
     1
 11
9.138155171155347
 21
-6.38769206708217
 31
0.0
100
AcDbAttributeDefinition
  3
NAME OF TOOL?
  2
MM
 70
     0
  0
ATTDEF
  5
6FD
330
6D0
100
AcDbEntity
  8
SK6
100
AcDbText
 10
9.138155171155347
 20
-12.42271564516345
 30
0.0
 40
3.5
  1

 72
     1
 11
9.138155171155347
 21
-12.42271564516345
 31
0.0
100
AcDbAttributeDefinition
  3

  2
F7
 70
     0
  0
ENDBLK
  5
6FE
330
6D0
100
AcDbEntity
  8
0
100
AcDbBlockEnd
  0
BLOCK
  5
A09
330
A08
100
AcDbEntity
  8
0
100
AcDbBlockBegin
  2
*D3
 70
     1
 10
0.0
 20
0.0
 30
0.0
  3
*D3
  1

  0
LINE
  5
DDE
330
A08
100
AcDbEntity
  8
SK2
 62
     0
370
    -2
100
AcDbLine
 10
-55.00000000000368
 20
12.50000000000001
 30
0.0
 11
-73.26028658989335
 21
12.5
 31
0.0
  0
LINE
  5
DDF
330
A08
100
AcDbEntity
  8
SK2
 62
     0
370
    -2
100
AcDbLine
 10
-55.00000000000368
 20
-12.50000000000001
 30
0.0
 11
-73.26028658989335
 21
-12.50000000000001
 31
0.0
  0
LINE
  5
DE0
330
A08
100
AcDbEntity
  8
SK2
 62
     0
370
    -2
100
AcDbLine
 10
-72.01028658989335
 20
10.0
 30
0.0
 11
-72.01028658989335
 21
-10.0
 31
0.0
  0
SOLID
  5
DE1
330
A08
100
AcDbEntity
  8
SK2
 62
     0
100
AcDbTrace
 10
-72.42695325656002
 20
10.0
 30
0.0
 11
-71.59361992322669
 21
10.0
 31
0.0
 12
-72.01028658989335
 22
12.5
 32
0.0
 13
-72.01028658989335
 23
12.5
 33
0.0
  0
SOLID
  5
DE2
330
A08
100
AcDbEntity
  8
SK2
 62
     0
100
AcDbTrace
 10
-72.42695325656002
 20
-10.0
 30
0.0
 11
-71.59361992322669
 21
-10.0
 31
0.0
 12
-72.01028658989335
 22
-12.50000000000001
 32
0.0
 13
-72.01028658989335
 23
-12.50000000000001
 33
0.0
  0
MTEXT
  5
DE3
330
A08
100
AcDbEntity
  8
SK2
 62
     0
100
AcDbMText
 10
-74.49842784077176
 20
0.0000000000000189
 30
0.0
 40
3.5
 41
0.0
 71
     5
 72
     1
  1
%%C25
 11
0.0000000000000001
 21
1.0
 31
0.0
 73
     1
 44
1.0
1001
ACAD
1000
MTEXTBEGIN
1070
    73
1070
     1
1070
    44
1040
1.0
1070
    74
1070
     0
1000
MTEXTEND
  0
POINT
  5
DE4
330
A08
100
AcDbEntity
  8
DEFPOINTS
 62
     0
100
AcDbPoint
 10
-55.00000000000368
 20
12.50000000000001
 30
0.0
  0
POINT
  5
DE5
330
A08
100
AcDbEntity
  8
DEFPOINTS
 62
     0
100
AcDbPoint
 10
-55.00000000000368
 20
-12.50000000000001
 30
0.0
  0
POINT
  5
DE6
330
A08
100
AcDbEntity
  8
DEFPOINTS
 62
     0
100
AcDbPoint
 10
-72.01028658989335
 20
-12.50000000000001
 30
0.0
  0
ENDBLK
  5
A0A
330
A08
100
AcDbEntity
  8
0
100
AcDbBlockEnd
  0
BLOCK
  5
A1F
330
A1E
100
AcDbEntity
  8
0
100
AcDbBlockBegin
  2
*D4
 70
     1
 10
0.0
 20
0.0
 30
0.0
  3
*D4
  1

  0
LINE
  5
DD5
330
A1E
100
AcDbEntity
  8
SK2
 62
     0
370
    -2
100
AcDbLine
 10
0.3000030517541746
 20
16.0
 30
0.0
 11
-88.91014688482247
 21
15.99999999999999
 31
0.0
  0
LINE
  5
DD6
330
A1E
100
AcDbEntity
  8
SK2
 62
     0
370
    -2
100
AcDbLine
 10
0.3000030517541746
 20
-16.0
 30
0.0
 11
-88.91014688482247
 21
-16.00000000000002
 31
0.0
  0
LINE
  5
DD7
330
A1E
100
AcDbEntity
  8
SK2
 62
     0
370
    -2
100
AcDbLine
 10
-87.66014688482247
 20
13.49999999999999
 30
0.0
 11
-87.66014688482247
 21
-13.50000000000002
 31
0.0
  0
SOLID
  5
DD8
330
A1E
100
AcDbEntity
  8
SK2
 62
     0
100
AcDbTrace
 10
-88.07681355148913
 20
13.49999999999999
 30
0.0
 11
-87.24348021815579
 21
13.49999999999999
 31
0.0
 12
-87.66014688482247
 22
15.99999999999999
 32
0.0
 13
-87.66014688482247
 23
15.99999999999999
 33
0.0
  0
SOLID
  5
DD9
330
A1E
100
AcDbEntity
  8
SK2
 62
     0
100
AcDbTrace
 10
-88.07681355148913
 20
-13.50000000000002
 30
0.0
 11
-87.24348021815579
 21
-13.50000000000002
 31
0.0
 12
-87.66014688482247
 22
-16.00000000000002
 32
0.0
 13
-87.66014688482247
 23
-16.00000000000002
 33
0.0
  0
MTEXT
  5
DDA
330
A1E
100
AcDbEntity
  8
SK2
 62
     0
100
AcDbMText
 10
-90.14828813570089
 20
0.0000000000000119
 30
0.0
 40
3.5
 41
0.0
 71
     5
 72
     1
  1
%%C32
 11
0.0000000000000001
 21
1.0
 31
0.0
 73
     1
 44
1.0
1001
ACAD
1000
MTEXTBEGIN
1070
    73
1070
     1
1070
    44
1040
1.0
1070
    74
1070
     0
1000
MTEXTEND
  0
POINT
  5
DDB
330
A1E
100
AcDbEntity
  8
DEFPOINTS
 62
     0
100
AcDbPoint
 10
0.3000030517541746
 20
16.0
 30
0.0
  0
POINT
  5
DDC
330
A1E
100
AcDbEntity
  8
DEFPOINTS
 62
     0
100
AcDbPoint
 10
0.3000030517541746
 20
-16.0
 30
0.0
  0
POINT
  5
DDD
330
A1E
100
AcDbEntity
  8
DEFPOINTS
 62
     0
100
AcDbPoint
 10
-87.66014688482247
 20
-16.00000000000002
 30
0.0
  0
ENDBLK
  5
A20
330
A1E
100
AcDbEntity
  8
0
100
AcDbBlockEnd
  0
BLOCK
  5
A52
330
A51
100
AcDbEntity
  8
0
100
AcDbBlockBegin
  2
*D5
 70
     1
 10
0.0
 20
0.0
 30
0.0
  3
*D5
  1

  0
LINE
  5
DCC
330
A51
100
AcDbEntity
  8
SK2
 62
     0
370
    -2
100
AcDbLine
 10
-56.00000000000363
 20
11.5
 30
0.0
 11
-56.00000000000363
 21
35.63749512724058
 31
0.0
  0
LINE
  5
DCD
330
A51
100
AcDbEntity
  8
SK2
 62
     0
370
    -2
100
AcDbLine
 10
-0.000000000003638
 20
11.5
 30
0.0
 11
-0.0000000000036365
 21
35.63749512724058
 31
0.0
  0
LINE
  5
DCE
330
A51
100
AcDbEntity
  8
SK2
 62
     0
370
    -2
100
AcDbLine
 10
-53.50000000000363
 20
34.38749512724058
 30
0.0
 11
-2.500000000003636
 21
34.38749512724058
 31
0.0
  0
SOLID
  5
DCF
330
A51
100
AcDbEntity
  8
SK2
 62
     0
100
AcDbTrace
 10
-53.50000000000363
 20
34.80416179390724
 30
0.0
 11
-53.50000000000363
 21
33.97082846057391
 31
0.0
 12
-56.00000000000363
 22
34.38749512724058
 32
0.0
 13
-56.00000000000363
 23
34.38749512724058
 33
0.0
  0
SOLID
  5
DD0
330
A51
100
AcDbEntity
  8
SK2
 62
     0
100
AcDbTrace
 10
-2.500000000003636
 20
34.80416179390724
 30
0.0
 11
-2.500000000003636
 21
33.97082846057391
 31
0.0
 12
-0.0000000000036366
 22
34.38749512724058
 32
0.0
 13
-0.0000000000036366
 23
34.38749512724058
 33
0.0
  0
MTEXT
  5
DD1
330
A51
100
AcDbEntity
  8
SK2
 62
     0
100
AcDbMText
 10
-28.00000000000363
 20
36.82398493750059
 30
0.0
 40
3.5
 41
0.0
 71
     5
 72
     1
  1
56
 73
     1
 44
1.0
1001
ACAD
1000
MTEXTBEGIN
1070
    73
1070
     1
1070
    44
1040
1.0
1070
    74
1070
     0
1000
MTEXTEND
  0
POINT
  5
DD2
330
A51
100
AcDbEntity
  8
DEFPOINTS
 62
     0
100
AcDbPoint
 10
-56.00000000000363
 20
11.5
 30
0.0
  0
POINT
  5
DD3
330
A51
100
AcDbEntity
  8
DEFPOINTS
 62
     0
100
AcDbPoint
 10
-0.000000000003638
 20
11.5
 30
0.0
  0
POINT
  5
DD4
330
A51
100
AcDbEntity
  8
DEFPOINTS
 62
     0
100
AcDbPoint
 10
-0.0000000000036366
 20
34.38749512724058
 30
0.0
  0
ENDBLK
  5
A53
330
A51
100
AcDbEntity
  8
0
100
AcDbBlockEnd
  0
BLOCK
  5
A68
330
A67
100
AcDbEntity
  8
0
100
AcDbBlockBegin
  2
*D6
 70
     1
 10
0.0
 20
0.0
 30
0.0
  3
*D6
  1

  0
LINE
  5
DE7
330
A67
100
AcDbEntity
  8
2
 62
     0
370
    -2
100
AcDbLine
 10
0.0900000000001455
 20
0.0
 30
0.0
 11
0.0900000000001477
 21
35.63749512724058
 31
0.0
  0
LINE
  5
DE8
330
A67
100
AcDbEntity
  8
2
 62
     0
370
    -2
100
AcDbLine
 10
87.09000000000015
 20
0.0
 30
0.0
 11
87.09000000000015
 21
35.63749512724058
 31
0.0
  0
LINE
  5
DE9
330
A67
100
AcDbEntity
  8
2
 62
     0
370
    -2
100
AcDbLine
 10
2.590000000000147
 20
34.38749512724058
 30
0.0
 11
84.59000000000015
 21
34.38749512724058
 31
0.0
  0
SOLID
  5
DEA
330
A67
100
AcDbEntity
  8
2
 62
     0
100
AcDbTrace
 10
2.590000000000147
 20
34.80416179390724
 30
0.0
 11
2.590000000000147
 21
33.97082846057391
 31
0.0
 12
0.0900000000001476
 22
34.38749512724058
 32
0.0
 13
0.0900000000001476
 23
34.38749512724058
 33
0.0
  0
SOLID
  5
DEB
330
A67
100
AcDbEntity
  8
2
 62
     0
100
AcDbTrace
 10
84.59000000000015
 20
34.80416179390724
 30
0.0
 11
84.59000000000015
 21
33.97082846057391
 31
0.0
 12
87.09000000000015
 22
34.38749512724058
 32
0.0
 13
87.09000000000015
 23
34.38749512724058
 33
0.0
  0
MTEXT
  5
DEC
330
A67
100
AcDbEntity
  8
2
 62
     0
100
AcDbMText
 10
43.59000000000015
 20
36.82398493750059
 30
0.0
 40
3.5
 41
0.0
 71
     5
 72
     1
  1
87
 73
     1
 44
1.0
1001
ACAD
1000
MTEXTBEGIN
1070
    73
1070
     1
1070
    44
1040
1.0
1070
    74
1070
     0
1000
MTEXTEND
  0
POINT
  5
DED
330
A67
100
AcDbEntity
  8
DEFPOINTS
 62
     0
100
AcDbPoint
 10
0.0900000000001455
 20
0.0
 30
0.0
  0
POINT
  5
DEE
330
A67
100
AcDbEntity
  8
DEFPOINTS
 62
     0
100
AcDbPoint
 10
87.09000000000015
 20
0.0
 30
0.0
  0
POINT
  5
DEF
330
A67
100
AcDbEntity
  8
DEFPOINTS
 62
     0
100
AcDbPoint
 10
87.09000000000015
 20
34.38749512724058
 30
0.0
  0
ENDBLK
  5
A69
330
A67
100
AcDbEntity
  8
0
100
AcDbBlockEnd
  0
BLOCK
  5
A92
330
A91
100
AcDbEntity
  8
0
100
AcDbBlockBegin
  2
*D7
 70
     1
 10
0.0
 20
0.0
 30
0.0
  3
*D7
  1

  0
LINE
  5
E10
330
A91
100
AcDbEntity
  8
2
 62
     0
370
    -2
100
AcDbLine
 10
26.57057113647097
 20
9.350000381469726
 30
0.0
 11
26.57057113647097
 21
23.10013989178657
 31
0.0
  0
LINE
  5
E11
330
A91
100
AcDbEntity
  8
2
 62
     0
370
    -2
100
AcDbLine
 10
87.09000000000015
 20
0.0
 30
0.0
 11
87.09000000000015
 21
23.10013989178657
 31
0.0
  0
LINE
  5
E12
330
A91
100
AcDbEntity
  8
2
 62
     0
370
    -2
100
AcDbLine
 10
29.07057113647097
 20
21.85013989178657
 30
0.0
 11
84.59000000000015
 21
21.85013989178657
 31
0.0
  0
SOLID
  5
E13
330
A91
100
AcDbEntity
  8
2
 62
     0
100
AcDbTrace
 10
29.07057113647097
 20
22.26680655845324
 30
0.0
 11
29.07057113647097
 21
21.4334732251199
 31
0.0
 12
26.57057113647097
 22
21.85013989178657
 32
0.0
 13
26.57057113647097
 23
21.85013989178657
 33
0.0
  0
SOLID
  5
E14
330
A91
100
AcDbEntity
  8
2
 62
     0
100
AcDbTrace
 10
84.59000000000015
 20
22.26680655845324
 30
0.0
 11
84.59000000000015
 21
21.4334732251199
 31
0.0
 12
87.09000000000015
 22
21.85013989178657
 32
0.0
 13
87.09000000000015
 23
21.85013989178657
 33
0.0
  0
MTEXT
  5
E15
330
A91
100
AcDbEntity
  8
2
 62
     0
100
AcDbMText
 10
56.83028556823556
 20
24.28662970204659
 30
0.0
 40
3.5
 41
0.0
 71
     5
 72
     1
  1
60.5
 73
     1
 44
1.0
1001
ACAD
1000
MTEXTBEGIN
1070
    73
1070
     1
1070
    44
1040
1.0
1070
    74
1070
     0
1000
MTEXTEND
  0
POINT
  5
E16
330
A91
100
AcDbEntity
  8
DEFPOINTS
 62
     0
100
AcDbPoint
 10
26.57057113647097
 20
9.350000381469726
 30
0.0
  0
POINT
  5
E17
330
A91
100
AcDbEntity
  8
DEFPOINTS
 62
     0
100
AcDbPoint
 10
87.09000000000015
 20
0.0
 30
0.0
  0
POINT
  5
E18
330
A91
100
AcDbEntity
  8
DEFPOINTS
 62
     0
100
AcDbPoint
 10
87.09000000000015
 20
21.85013989178657
 30
0.0
  0
ENDBLK
  5
A93
330
A91
100
AcDbEntity
  8
0
100
AcDbBlockEnd
  0
BLOCK
  5
AFE
330
AFD
100
AcDbEntity
  8
0
100
AcDbBlockBegin
  2
*D8
 70
     1
 10
0.0
 20
0.0
 30
0.0
  3
*D8
  1

  0
LINE
  5
DF7
330
AFD
100
AcDbEntity
  8
2
 62
     0
370
    -2
100
AcDbLine
 10
82.17526497796685
 20
9.350000381469616
 30
0.0
 11
103.302668052053
 21
9.350000381469619
 31
0.0
  0
LINE
  5
DF8
330
AFD
100
AcDbEntity
  8
2
 62
     0
370
    -2
100
AcDbLine
 10
102.052668052053
 20
6.850000381469619
 30
0.0
 11
102.052668052053
 21
-9.649999618530387
 31
0.0
  0
SOLID
  5
DF9
330
AFD
100
AcDbEntity
  8
2
 62
     0
100
AcDbTrace
 10
101.6360013853863
 20
6.850000381469619
 30
0.0
 11
102.4693347187197
 21
6.850000381469619
 31
0.0
 12
102.052668052053
 22
9.350000381469619
 32
0.0
 13
102.052668052053
 23
9.350000381469619
 33
0.0
  0
MTEXT
  5
DFA
330
AFD
100
AcDbEntity
  8
2
 62
     0
100
AcDbMText
 10
99.56452680117457
 20
-1.399999618530393
 30
0.0
 40
3.5
 41
0.0
 71
     5
 72
     1
  1
%%c19.00
 11
0.0000000000000001
 21
1.0
 31
0.0
 73
     1
 44
1.0
1001
ACAD
1000
MTEXTBEGIN
1070
    73
1070
     1
1070
    44
1040
1.0
1070
    74
1070
     0
1000
MTEXTEND
  0
POINT
  5
DFB
330
AFD
100
AcDbEntity
  8
DEFPOINTS
 62
     0
100
AcDbPoint
 10
82.17526497796685
 20
9.350000381469616
 30
0.0
  0
POINT
  5
DFC
330
AFD
100
AcDbEntity
  8
DEFPOINTS
 62
     0
100
AcDbPoint
 10
82.17526497796685
 20
-9.64999961853039
 30
0.0
  0
POINT
  5
DFD
330
AFD
100
AcDbEntity
  8
DEFPOINTS
 62
     0
100
AcDbPoint
 10
102.052668052053
 20
-9.649999618530387
 30
0.0
  0
ENDBLK
  5
AFF
330
AFD
100
AcDbEntity
  8
0
100
AcDbBlockEnd
  0
BLOCK
  5
D89
330
D88
100
AcDbEntity
  8
0
100
AcDbBlockBegin
  2
CUT
 70
     0
 10
0.0
 20
0.0
 30
0.0
  3
CUT
  1

  0
LINE
  5
D95
330
D88
100
AcDbEntity
  8
CUT
100
AcDbLine
 10
86.41502139585204
 20
1.00451125546352
 30
0.0
 11
84.55482983588913
 21
4.791470527646527
 31
0.0
  0
LINE
  5
D96
330
D88
100
AcDbEntity
  8
CUT
100
AcDbLine
 10
84.55482983588913
 20
4.791470527646527
 30
0.0
 11
82.17526497796676
 21
9.350000381469612
 31
0.0
  0
LINE
  5
D97
330
D88
100
AcDbEntity
  8
CUT
100
AcDbLine
 10
82.17526497796676
 20
9.350000381469612
 30
0.0
 11
75.99999999999635
 21
9.350000381469612
 31
0.0
  0
LINE
  5
D98
330
D88
100
AcDbEntity
  8
CUT
100
AcDbLine
 10
75.99999999999635
 20
9.350000381469612
 30
0.0
 11
75.99999999999638
 21
0.0
 31
0.0
  0
LINE
  5
D99
330
D88
100
AcDbEntity
  8
CUT
100
AcDbLine
 10
75.99999999999638
 20
0.0
 30
0.0
 11
86.99999999999636
 21
0.0
 31
0.0
  0
LINE
  5
D9A
330
D88
100
AcDbEntity
  8
CUT
100
AcDbLine
 10
86.99999999999636
 20
0.0
 30
0.0
 11
86.99999999999636
 21
0.0689023137089679
 31
0.0
  0
LINE
  5
D9B
330
D88
100
AcDbEntity
  8
CUT
100
AcDbLine
 10
86.99999999999636
 20
0.0689023137089679
 30
0.0
 11
86.98712219900642
 21
0.1319301839188153
 31
0.0
  0
LINE
  5
D9C
330
D88
100
AcDbEntity
  8
CUT
100
AcDbLine
 10
86.98712219900642
 20
0.1319301839188153
 30
0.0
 11
86.94106034523604
 21
0.1707268353487734
 31
0.0
  0
LINE
  5
D9D
330
D88
100
AcDbEntity
  8
CUT
100
AcDbLine
 10
86.94106034523604
 20
0.1707268353487734
 30
0.0
 11
86.88799881984328
 21
0.2275364143782781
 31
0.0
  0
LINE
  5
D9E
330
D88
100
AcDbEntity
  8
CUT
100
AcDbLine
 10
86.88799881984328
 20
0.2275364143782781
 30
0.0
 11
86.82892622641551
 21
0.3013004826857468
 31
0.0
  0
LINE
  5
D9F
330
D88
100
AcDbEntity
  8
CUT
100
AcDbLine
 10
86.82892622641551
 20
0.3013004826857468
 30
0.0
 11
86.76494318058368
 21
0.3906446992803012
 31
0.0
  0
LINE
  5
DA0
330
D88
100
AcDbEntity
  8
CUT
100
AcDbLine
 10
86.76494318058368
 20
0.3906446992803012
 30
0.0
 11
86.69724178745569
 21
0.4939044404235349
 31
0.0
  0
LINE
  5
DA1
330
D88
100
AcDbEntity
  8
CUT
100
AcDbLine
 10
86.69724178745569
 20
0.4939044404235349
 30
0.0
 11
86.62708343081684
 21
0.6091558141960718
 31
0.0
  0
LINE
  5
DA2
330
D88
100
AcDbEntity
  8
CUT
100
AcDbLine
 10
86.62708343081684
 20
0.6091558141960718
 30
0.0
 11
86.55577527155982
 21
0.7342515056402023
 31
0.0
  0
LINE
  5
DA3
330
D88
100
AcDbEntity
  8
CUT
100
AcDbLine
 10
86.55577527155982
 20
0.7342515056402023
 30
0.0
 11
86.48464589321449
 21
0.8668607846258279
 31
0.0
  0
LINE
  5
DA4
330
D88
100
AcDbEntity
  8
CUT
100
AcDbLine
 10
86.48464589321449
 20
0.8668607846258279
 30
0.0
 11
86.41502139585204
 21
1.00451125546352
 31
0.0
  0
ENDBLK
  5
D8A
330
D88
100
AcDbEntity
  8
0
100
AcDbBlockEnd
  0
BLOCK
  5
E1A
330
E19
100
AcDbEntity
  8
0
100
AcDbBlockBegin
  2
NOCUT
 70
     0
 10
0.0
 20
0.0
 30
0.0
  3
NOCUT
  1

  0
LWPOLYLINE
  5
E1C
330
E19
100
AcDbEntity
  8
NOCUT
100
AcDbPolyline
 90
       10
 70
     1
 43
0.0
 10
19.99768829345339
 20
9.350000381469612
 10
19.62853523679513
 20
9.363645447103607
 42
-0.0701157303269584
 10
18.26488276416807
 20
9.659862436440107
 10
18.07875316550589
 20
9.732892241928382
 10
2.999999999996352
 20
15.99999999999988
 10
0.3000030517541745
 20
15.99999999999992
 10
-0.0000000000035811
 20
15.69999980926513
 10
-0.000000000003638
 20
0.0
 10
75.99999999999636
 20
0.0
 10
75.99999999999636
 20
9.350000381469612
  0
ENDBLK
  5
E1B
330
E19
100
AcDbEntity
  8
0
100
AcDbBlockEnd
  0
BLOCK
  5
E25
330
E24
100
AcDbEntity
  8
0
100
AcDbBlockBegin
  2
CIRCLE_H_ALL
 70
     0
 10
0.0
 20
0.0
 30
0.0
  3
CIRCLE_H_ALL
  1

  0
CIRCLE
  5
E36
330
E24
100
AcDbEntity
  8
SK3
100
AcDbCircle
 10
0.0
 20
38.63547474776061
 30
0.0
 40
0.001
  0
ENDBLK
  5
E26
330
E24
100
AcDbEntity
  8
0
100
AcDbBlockEnd
  0
BLOCK
  5
E28
330
E27
100
AcDbEntity
  8
0
100
AcDbBlockBegin
  2
CIRCLE_L_ALL
 70
     0
 10
0.0
 20
0.0
 30
0.0
  3
CIRCLE_L_ALL
  1

  0
CIRCLE
  5
E37
330
E27
100
AcDbEntity
  8
SK3
100
AcDbCircle
 10
0.0
 20
-16.0
 30
0.0
 40
0.001
  0
ENDBLK
  5
E29
330
E27
100
AcDbEntity
  8
0
100
AcDbBlockEnd
  0
BLOCK
  5
E2B
330
E2A
100
AcDbEntity
  8
0
100
AcDbBlockBegin
  2
CIRCLE_H_ORIGIN
 70
     0
 10
0.0
 20
0.0
 30
0.0
  3
CIRCLE_H_ORIGIN
  1

  0
CIRCLE
  5
E39
330
E2A
100
AcDbEntity
  8
SK3
100
AcDbCircle
 10
0.0
 20
15.69999980926695
 30
0.0
 40
0.001
  0
ENDBLK
  5
E2C
330
E2A
100
AcDbEntity
  8
0
100
AcDbBlockEnd
  0
BLOCK
  5
E2E
330
E2D
100
AcDbEntity
  8
0
100
AcDbBlockBegin
  2
CIRCLE_L_ORIGIN
 70
     0
 10
0.0
 20
0.0
 30
0.0
  3
CIRCLE_L_ORIGIN
  1

  0
CIRCLE
  5
E38
330
E2D
100
AcDbEntity
  8
SK3
100
AcDbCircle
 10
0.0
 20
-15.69999980926877
 30
0.0
 40
0.001
  0
ENDBLK
  5
E2F
330
E2D
100
AcDbEntity
  8
0
100
AcDbBlockEnd
  0
BLOCK
  5
E31
330
E30
100
AcDbEntity
  8
0
100
AcDbBlockBegin
  2
CIRCLE_FAR_ORIGIN
 70
     0
 10
0.0
 20
0.0
 30
0.0
  3
CIRCLE_FAR_ORIGIN
  1

  0
CIRCLE
  5
E3B
330
E30
100
AcDbEntity
  8
SK3
100
AcDbCircle
 10
86.99999999999636
 20
0.0
 30
0.0
 40
0.001
  0
ENDBLK
  5
E32
330
E30
100
AcDbEntity
  8
0
100
AcDbBlockEnd
  0
BLOCK
  5
E34
330
E33
100
AcDbEntity
  8
0
100
AcDbBlockBegin
  2
CIRCLE_FAR_ALL
 70
     0
 10
0.0
 20
0.0
 30
0.0
  3
CIRCLE_FAR_ALL
  1

  0
CIRCLE
  5
E3A
330
E33
100
AcDbEntity
  8
SK3
100
AcDbCircle
 10
103.302668052053
 20
0.0
 30
0.0
 40
0.001
  0
ENDBLK
  5
E35
330
E33
100
AcDbEntity
  8
0
100
AcDbBlockEnd
  0
ENDSEC
  0
SECTION
  2
ENTITIES
  0
LINE
  5
893
330
18
100
AcDbEntity
  8
4
100
AcDbLine
 10
-0.000000000003638
 20
0.0
 30
0.0
 11
92.34784628688057
 21
0.0
 31
0.0
  0
ARC
  5
894
330
18
100
AcDbEntity
  8
1
100
AcDbCircle
 10
72.54055023192996
 20
2.608918905258178
 30
0.0
 40
2.277685403823852
100
AcDbArc
 50
164.4382931547534
 51
179.8021071091478
  0
ARC
  5
895
330
18
100
AcDbEntity
  8
1
100
AcDbCircle
 10
65.72732543944947
 20
2.640787363052368
 30
0.0
 40
4.53584814071655
100
AcDbArc
 50
353.8169207268991
 51
359.6968009898303
  0
ARC
  5
896
330
18
100
AcDbEntity
  8
1
100
AcDbCircle
 10
77.01928424834841
 20
-5.275879859924316
 30
0.0
 40
10.05867290496826
100
AcDbArc
 50
132.39824483682
 51
135.8666140186663
  0
LINE
  5
897
330
18
100
AcDbEntity
  8
1
100
AcDbLine
 10
69.7999992370569
 20
3.037550210952758
 30
0.0
 11
69.7999992370569
 21
1.72825527191162
 31
0.0
  0
ARC
  5
898
330
18
100
AcDbEntity
  8
1
100
AcDbCircle
 10
52.76712417602174
 20
-5.400556087493896
 30
0.0
 40
17.62936401367187
100
AcDbArc
 50
10.22839586105295
 51
13.65097590620131
  0
LINE
  5
899
330
18
100
AcDbEntity
  8
1
100
AcDbLine
 10
69.7999992370569
 20
-1.12527048587799
 30
0.0
 11
69.7999992370569
 21
-2.044601440429687
 31
0.0
  0
LINE
  5
89A
330
18
100
AcDbEntity
  8
1
100
AcDbLine
 10
69.89851379394167
 20
-1.239895343780517
 30
0.0
 11
69.7999992370569
 21
-1.12527048587799
 31
0.0
  0
ARC
  5
89B
330
18
100
AcDbEntity
  8
1
100
AcDbCircle
 10
70.44428443908326
 20
2.616611003875731
 30
0.0
 40
1.255716323852539
100
AcDbArc
 50
0.0079397605215487
 51
5.842424669045628
  0
LWPOLYLINE
  5
89C
330
18
100
AcDbEntity
  8
1
100
AcDbPolyline
 90
        8
 70
     0
 43
0.0
 10
71.70119953155154
 20
2.54695987701416
 10
71.72588825225466
 20
2.302786588668823
 10
71.75823593139284
 20
2.189161777496337
 10
71.79364681243533
 20
2.146519422531127
 10
71.84363842010134
 20
2.193392276763916
 10
71.85903739928836
 20
2.237711429595945
 10
71.88882541656131
 20
2.404133796691894
 10
71.89880084991091
 20
2.54695987701416
  0
LINE
  5
89D
330
18
100
AcDbEntity
  8
1
100
AcDbLine
 10
71.89880084991091
 20
2.54695987701416
 30
0.0
 11
71.89999961852662
 21
2.616785049438476
 31
0.0
  0
LINE
  5
89E
330
18
100
AcDbEntity
  8
1
100
AcDbLine
 10
71.70119953155154
 20
2.54695987701416
 30
0.0
 11
71.69999980926148
 21
2.616785049438476
 31
0.0
  0
LINE
  5
89F
330
18
100
AcDbEntity
  8
1
100
AcDbLine
 10
71.89999961852662
 20
2.731151103973388
 30
0.0
 11
71.89999961852662
 21
2.616785049438476
 31
0.0
  0
ARC
  5
8A0
330
18
100
AcDbEntity
  8
1
100
AcDbCircle
 10
77.5701990127527
 20
5.665441989898681
 30
0.0
 40
3.657854080200193
100
AcDbArc
 50
111.1860678295815
 51
115.421070879442
  0
LINE
  5
8A1
330
18
100
AcDbEntity
  8
1
100
AcDbLine
 10
69.7999992370569
 20
1.659112572669982
 30
0.0
 11
69.7999992370569
 21
1.72825527191162
 31
0.0
  0
LINE
  5
8A2
330
18
100
AcDbEntity
  8
1
100
AcDbLine
 10
69.7999992370569
 20
-1.125269293785094
 30
0.0
 11
69.7999992370569
 21
1.659112572669982
 31
0.0
  0
LINE
  5
8A3
330
18
100
AcDbEntity
  8
1
100
AcDbLine
 10
75.99999999999636
 20
-3.093477964401245
 30
0.0
 11
75.99999999999636
 21
-3.062312841415403
 31
0.0
  0
LINE
  5
8A4
330
18
100
AcDbEntity
  8
1
100
AcDbLine
 10
75.99999999999636
 20
-3.062312841415403
 30
0.0
 11
75.99965190887087
 21
-3.046772718429564
 31
0.0
  0
LWPOLYLINE
  5
8A5
330
18
100
AcDbEntity
  8
1
100
AcDbPolyline
 90
        3
 70
     0
 43
0.0
 10
75.99999999999636
 20
-3.046628952026365
 10
75.99483680724734
 20
-2.960746526718138
 10
75.99535751342409
 20
-2.696065902709959
  0
LWPOLYLINE
  5
8A6
330
18
100
AcDbEntity
  8
1
100
AcDbPolyline
 90
        5
 70
     0
 43
0.0
 10
76.19971084594363
 20
-2.882711172103881
 10
76.19175529479615
 20
-2.827316761016845
 10
76.16303443908328
 20
-2.774334192275999
 10
76.11843013763063
 20
-2.731470108032226
 10
76.00344657897584
 20
-2.687529087066649
  0
LINE
  5
8A7
330
18
100
AcDbEntity
  8
1
100
AcDbLine
 10
75.99615955352419
 20
-2.686682939529417
 30
0.0
 11
76.00344657897584
 21
-2.687529087066649
 31
0.0
  0
LINE
  5
8A8
330
18
100
AcDbEntity
  8
1
100
AcDbLine
 10
75.99535655974978
 20
-2.696066379547119
 30
0.0
 11
75.99616622924441
 21
-2.686681032180786
 31
0.0
  0
LINE
  5
8A9
330
18
100
AcDbEntity
  8
1
100
AcDbLine
 10
75.99999999999636
 20
-3.093477964401245
 30
0.0
 11
75.99999999999636
 21
-3.56773042678833
 31
0.0
  0
ARC
  5
8AA
330
18
100
AcDbEntity
  8
1
100
AcDbCircle
 10
70.16825866698855
 20
1.444856882095336
 30
0.0
 40
7.689952850341794
100
AcDbArc
 50
319.3197834820262
 51
321.7051985025531
  0
ARC
  5
8AB
330
18
100
AcDbEntity
  8
1
100
AcDbCircle
 10
79.77756643294924
 20
-3.071510076522825
 30
0.0
 40
3.582742214202879
100
AcDbArc
 50
176.9793810870011
 51
183.9878930474636
  0
ARC
  5
8AC
330
18
100
AcDbEntity
  8
1
100
AcDbCircle
 10
84.29401826858157
 20
4.512026786804199
 30
0.0
 40
0.0145516842603684
100
AcDbArc
 50
282.2556581222004
 51
14.93426973117064
  0
LWPOLYLINE
  5
8AD
330
18
100
AcDbEntity
  8
1
100
AcDbPolyline
 90
       12
 70
     0
 43
0.0
 10
84.07739226398339
 20
4.798130049342943
 10
84.10053425455663
 20
4.75543570205815
 10
84.1244556077711
 20
4.713610483875299
 10
84.14866935632673
 20
4.673505831307636
 10
84.17268258062762
 20
4.635938155291738
 10
84.19600644315286
 20
4.601672221499313
 10
84.21816613972806
 20
4.571405581992451
 10
84.23871056512036
 20
4.545754375147282
 10
84.25722149619364
 20
4.525240782916853
 10
84.27332210568193
 20
4.510282400766356
 10
84.28668463326749
 20
4.501183736676637
 10
84.29703705780159
 20
4.498130012271699
  0
LINE
  5
8AE
330
18
100
AcDbEntity
  8
1
100
AcDbLine
 10
84.0773923397028
 20
4.798130035400388
 30
0.0
 11
81.82123374938601
 21
9.076062202453613
 31
0.0
  0
LINE
  5
8AF
330
18
100
AcDbEntity
  8
1
100
AcDbLine
 10
81.82123374938601
 20
9.076062202453613
 30
0.0
 11
76.24826049804323
 21
9.076062202453613
 31
0.0
  0
LINE
  5
8B0
330
18
100
AcDbEntity
  8
1
100
AcDbLine
 10
84.0773923397028
 20
-4.798130035400388
 30
0.0
 11
81.82123374938601
 21
-9.076062202453613
 31
0.0
  0
LINE
  5
8B1
330
18
100
AcDbEntity
  8
1
100
AcDbLine
 10
81.82123374938601
 20
-9.076062202453613
 30
0.0
 11
81.01912498473756
 21
-9.076062202453613
 31
0.0
  0
LWPOLYLINE
  5
8B2
330
18
100
AcDbEntity
  8
1
100
AcDbPolyline
 90
       14
 70
     0
 43
0.0
 10
81.82909917831057
 20
-1.264130115509032
 10
81.96566724776856
 20
-1.484269142150878
 10
82.08355140685672
 20
-1.721624851226804
 10
82.16937637328738
 20
-1.955989003181455
 10
82.22590112685793
 20
-2.204574108123779
 10
82.24476051330203
 20
-2.464062452316284
 10
82.21935653686159
 20
-2.722739458084106
 10
82.14941644668215
 20
-2.969584465026855
 10
82.04769039153687
 20
-3.183765172958372
 10
81.91966676711672
 20
-3.374964714050291
 10
81.74628067016238
 20
-3.570034980773924
 10
81.55510663985841
 20
-3.737900972366333
 10
81.33696365356081
 20
-3.891843557357788
 10
81.06500911712283
 20
-4.045845508575438
  0
LWPOLYLINE
  5
8B3
330
18
100
AcDbEntity
  8
1
100
AcDbPolyline
 90
       10
 70
     0
 43
0.0
 10
81.82909917831057
 20
-1.264130115509032
 10
81.72522354125613
 20
-1.06990110874176
 10
81.67852592467898
 20
-0.8671391606330869
 10
81.68201303481692
 20
-0.7724285721778871
 10
81.70424556731815
 20
-0.6841153502464296
 10
81.74514818191164
 20
-0.605204463005066
 10
81.80332517623538
 20
-0.5379602313041687
 10
81.93906450271242
 20
-0.4509010314941408
 10
82.10376596450442
 20
-0.4002470374107361
 10
82.28305101394289
 20
-0.3783518671989441
  0
ARC
  5
8B4
330
18
100
AcDbEntity
  8
1
100
AcDbCircle
 10
82.38690376281374
 20
-2.292655229568481
 30
0.0
 40
1.91713428497314
100
AcDbArc
 50
88.80452128817299
 51
93.10530703059631
  0
LINE
  5
8B5
330
18
100
AcDbEntity
  8
1
100
AcDbLine
 10
82.42690229415529
 20
-0.3759217858314514
 30
0.0
 11
82.48090171813601
 21
-0.3769407272338867
 31
0.0
  0
ARC
  5
8B6
330
18
100
AcDbEntity
  8
1
100
AcDbCircle
 10
103.6626892089808
 20
155.6380462646484
 30
0.0
 40
160.4696960449218
100
AcDbArc
 50
257.8537561089204
 51
259.9646468504168
  0
LWPOLYLINE
  5
8B7
330
18
100
AcDbEntity
  8
1
100
AcDbPolyline
 90
        5
 70
     0
 43
0.0
 10
75.99616622924441
 20
-2.686678886413574
 10
75.95058155059451
 20
-2.56268286705017
 10
75.89614105224246
 20
-2.488891839981079
 10
75.82617473601931
 20
-2.428438425064086
 10
75.6999998092615
 20
-2.376013278961181
  0
ARC
  5
8B8
330
18
100
AcDbEntity
  8
1
100
AcDbCircle
 10
95.71759796142215
 20
110.7731246948242
 30
0.0
 40
115.7503433227539
100
AcDbArc
 50
260.2943396906105
 51
262.7275194005182
  0
LINE
  5
8B9
330
18
100
AcDbEntity
  8
1
100
AcDbLine
 10
75.99999999999636
 20
-3.56773042678833
 30
0.0
 11
75.99999999999636
 21
-3.793870925903318
 31
0.0
  0
ARC
  5
8BA
330
18
100
AcDbEntity
  8
1
100
AcDbCircle
 10
84.48859739303225
 20
-4.541469573974608
 30
0.0
 40
0.2585868835449219
100
AcDbArc
 50
270.7026532232208
 51
284.838406241371
  0
LWPOLYLINE
  5
8BB
330
18
100
AcDbEntity
  8
1
100
AcDbPolyline
 90
       10
 70
     0
 43
0.0
 10
81.06500072396318
 20
-4.045847263830181
 10
81.40498260050355
 20
-4.185258931850851
 10
81.75968794204687
 20
-4.311310558744253
 10
82.12798496830416
 20
-4.423599943782162
 10
82.50869853115665
 20
-4.521768798273058
 10
82.9006138642738
 20
-4.60550388877658
 10
83.30248045914322
 20
-4.674538036556268
 10
83.71301605514579
 20
-4.728650970083719
 10
84.13091073094378
 20
-4.767670027872383
 10
84.55483108412806
 20
-4.791470709399447
  0
ARC
  5
8BC
330
18
100
AcDbEntity
  8
1
100
AcDbCircle
 10
-234.3327636718786
 20
-308.3915100097656
 30
0.0
 40
444.161376953125
100
AcDbArc
 50
43.88950652612136
 51
44.3014694897757
  0
ARC
  5
8BD
330
18
100
AcDbEntity
  8
1
100
AcDbCircle
 10
111.9567127227746
 20
8.360434532165527
 30
0.0
 40
29.15615653991699
100
AcDbArc
 50
190.6095468706105
 51
192.9517271805829
  0
LINE
  5
8BE
330
18
100
AcDbEntity
  8
1
100
AcDbLine
 10
83.38382863998049
 20
2.892582178115843
 30
0.0
 11
83.29901766776675
 21
2.992350816726683
 31
0.0
  0
ARC
  5
8BF
330
18
100
AcDbEntity
  8
1
100
AcDbCircle
 10
107.6671066284142
 20
7.480923652648923
 30
0.0
 40
24.71292304992676
100
AcDbArc
 50
188.1463205175236
 51
190.6999099656936
  0
LINE
  5
8C0
330
18
100
AcDbEntity
  8
1
100
AcDbLine
 10
86.99999999999636
 20
0.068902313709259
 30
0.0
 11
83.20359134673708
 21
3.979069709777832
 31
0.0
  0
LINE
  5
8C1
330
18
100
AcDbEntity
  8
1
100
AcDbLine
 10
86.99999999999636
 20
0.068902313709259
 30
0.0
 11
86.99999999999636
 21
-0.068902313709259
 31
0.0
  0
LINE
  5
8C2
330
18
100
AcDbEntity
  8
1
100
AcDbLine
 10
86.98712215385967
 20
-0.131930410861969
 30
0.0
 11
86.99999999999636
 21
-0.068902313709259
 31
0.0
  0
ARC
  5
8C3
330
18
100
AcDbEntity
  8
1
100
AcDbCircle
 10
86.90105248987311
 20
-0.3044610023498535
 30
0.0
 40
0.1872361153364181
100
AcDbArc
 50
93.04170430479008
 51
107.4028668754418
  0
ARC
  5
8C4
330
18
100
AcDbEntity
  8
1
100
AcDbCircle
 10
86.90090199559563
 20
-0.3753781914710998
 30
0.0
 40
0.2581710815429687
100
AcDbArc
 50
70.49774189330628
 51
92.17288378587928
  0
LINE
  5
8C5
330
18
100
AcDbEntity
  8
1
100
AcDbLine
 10
85.76471149921053
 20
-0.4677291214466095
 30
0.0
 11
86.84505441784494
 21
-0.1258022487163544
 31
0.0
  0
ARC
  5
8C6
330
18
100
AcDbEntity
  8
1
100
AcDbCircle
 10
79.75327253341311
 20
-159.8422698974609
 30
0.0
 40
159.4882354736328
100
AcDbArc
 50
87.83988686359029
 51
89.02006157694504
  0
LWPOLYLINE
  5
8C7
330
18
100
AcDbEntity
  8
1
100
AcDbPolyline
 90
       10
 70
     0
 43
0.0
 10
86.98712236645047
 20
-0.131930274787635
 10
86.94106052194937
 20
-0.1707269040181814
 10
86.88799898617279
 20
-0.2275364733489482
 10
86.82892637926224
 20
-0.3013005308590095
 10
86.76494331709989
 20
-0.3906447357586558
 10
86.69724190509779
 20
-0.4939044645272477
 10
86.62708352739306
 20
-0.60915582547608
 10
86.55577534527076
 20
-0.7342515038862985
 10
86.48464594268681
 20
-0.8668607698707544
 10
86.41502057265205
 20
-1.004512903549255
  0
LINE
  5
8C8
330
18
100
AcDbEntity
  8
1
100
AcDbLine
 10
86.41502058505649
 20
-1.004512906074521
 30
0.0
 11
84.55482983588808
 21
-4.791470527648924
 31
0.0
  0
LINE
  5
8C9
330
18
100
AcDbEntity
  8
1
100
AcDbLine
 10
86.98712204303232
 20
0.131930947303772
 30
0.0
 11
86.99999999999636
 21
0.068902313709259
 31
0.0
  0
LWPOLYLINE
  5
8CA
330
18
100
AcDbEntity
  8
1
100
AcDbPolyline
 90
       10
 70
     0
 43
0.0
 10
84.49176803591484
 20
4.799999851083441
 10
84.4558853060643
 20
4.796457948778481
 10
84.42379153929541
 20
4.785836436948386
 10
84.39553421486619
 20
4.768151028971431
 10
84.371155136433
 20
4.743427888496681
 10
84.35069037020658
 20
4.711703590737386
 10
84.33417019159596
 20
4.673025068362107
 10
84.32161904041924
 20
4.627449542062946
 10
84.31305548474751
 20
4.575044435903407
 10
84.30849219343565
 20
4.515887277572176
  0
ARC
  5
8CB
330
18
100
AcDbEntity
  8
1
100
AcDbCircle
 10
84.48859739303225
 20
4.541469573974608
 30
0.0
 40
0.2585868835449219
100
AcDbArc
 50
75.16159375862904
 51
89.29734677677926
  0
LWPOLYLINE
  5
8CC
330
18
100
AcDbEntity
  8
1
100
AcDbPolyline
 90
       10
 70
     0
 43
0.0
 10
86.41502054834015
 20
1.004512931030603
 10
86.48464589321449
 20
0.8668607846258279
 10
86.55577527155987
 20
0.7342515056402023
 10
86.62708343081687
 20
0.6091558141960718
 10
86.69724178745571
 20
0.4939044404235349
 10
86.76494318058372
 20
0.3906446992803012
 10
86.82892622641553
 20
0.3013004826857468
 10
86.88799881984332
 20
0.2275364143782781
 10
86.94106034523612
 20
0.1707268353487734
 10
86.98712218264583
 20
0.1319301976989209
  0
LINE
  5
8CD
330
18
100
AcDbEntity
  8
1
100
AcDbLine
 10
86.41502058505649
 20
1.004512906074521
 30
0.0
 11
84.55482983588808
 21
4.791470527648924
 31
0.0
  0
LINE
  5
8CE
330
18
100
AcDbEntity
  8
1
100
AcDbLine
 10
82.47702360152834
 20
5.796747207641601
 30
0.0
 11
78.37934875487917
 21
5.796747207641601
 31
0.0
  0
LINE
  5
8CF
330
18
100
AcDbEntity
  8
1
100
AcDbLine
 10
82.47702360152834
 20
5.796747207641601
 30
0.0
 11
84.20057058333986
 21
3.470449447631834
 31
0.0
  0
LWPOLYLINE
  5
8D0
330
18
100
AcDbEntity
  8
1
100
AcDbPolyline
 90
       10
 70
     0
 43
0.0
 10
84.30305077996989
 20
3.358464633110202
 10
84.30756931962992
 20
3.357375344953423
 10
84.31092372189306
 20
3.358180233592065
 10
84.313091657227
 20
3.360873941055956
 10
84.3140586941538
 20
3.365438535915586
 10
84.31381839531722
 20
3.371843632647595
 10
84.31237236033487
 20
3.380046593904636
 10
84.30973021514963
 20
3.389992814343031
 10
84.30590954795215
 20
3.4016160841187
 10
84.30093579209978
 20
3.414839029631933
  0
LWPOLYLINE
  5
8D1
330
18
100
AcDbEntity
  8
1
100
AcDbPolyline
 90
       10
 70
     0
 43
0.0
 10
84.20057054968259
 20
3.470449576127066
 10
84.21588885922759
 20
3.450118714232246
 10
84.23048931372415
 20
3.431442770290118
 10
84.24424593856091
 20
3.414582882762656
 10
84.25704003979793
 20
3.399684520941832
 10
84.26876122827357
 20
3.386876229822121
 10
84.27930837205641
 20
3.3762685209972
 10
84.28859046902459
 20
3.367952919152116
 10
84.29652743204384
 20
3.362001172375868
 10
84.30305077996989
 20
3.358464633110202
  0
ARC
  5
8D2
330
18
100
AcDbEntity
  8
1
100
AcDbCircle
 10
78.36479759215944
 20
6.666613578796386
 30
0.0
 40
0.8695245981216428
100
AcDbArc
 50
250.3370101794284
 51
270.9583413678392
  0
LWPOLYLINE
  5
8D3
330
18
100
AcDbEntity
  8
1
100
AcDbPolyline
 90
        3
 70
     0
 43
0.0
 10
78.07242107390994
 20
5.848371505737302
 10
78.00047588348025
 20
5.886392116546628
 10
77.9513196945154
 20
5.952295303344726
  0
LWPOLYLINE
  5
8D4
330
18
100
AcDbEntity
  8
1
100
AcDbPolyline
 90
       12
 70
     0
 43
0.0
 10
83.85970882855586
 20
4.529420387044922
 10
83.84833584008873
 20
4.556135087794245
 10
83.83376936320891
 20
4.586928742309282
 10
83.81630592937336
 20
4.621174480598368
 10
83.79630104372745
 20
4.658175158200492
 10
83.77416194804544
 20
4.697177548036108
 10
83.75033933046228
 20
4.737387673937746
 10
83.72531815076355
 20
4.777986973715087
 10
83.6996077680024
 20
4.818148962719988
 10
83.67373157141873
 20
4.857056058690488
 10
83.64821632574345
 20
4.893916225367433
 10
83.62358144778829
 20
4.927979096068384
  0
LINE
  5
8D5
330
18
100
AcDbEntity
  8
1
100
AcDbLine
 10
84.30093574523562
 20
3.414839029312133
 30
0.0
 11
83.85970878600707
 21
4.529420375823972
 31
0.0
  0
ARC
  5
8D6
330
18
100
AcDbEntity
  8
1
100
AcDbCircle
 10
114.8759098052941
 20
17.70305824279785
 30
0.0
 40
34.51761627197266
100
AcDbArc
 50
200.1779444247578
 51
203.4276529959737
  0
LWPOLYLINE
  5
8D7
330
18
100
AcDbEntity
  8
1
100
AcDbPolyline
 90
       10
 70
     0
 43
0.0
 10
81.82123332434725
 20
9.076062099945033
 10
81.78575986927759
 20
8.950855253501231
 10
81.76611854258579
 20
8.798588516706445
 10
81.76236882061891
 20
8.619722971922101
 10
81.77452205799516
 20
8.414800245963874
 10
81.80254145322072
 20
8.184440869989089
 10
81.84634216012881
 20
7.929342400452354
 10
81.90579154480486
 20
7.650277306818963
 10
81.98070958721791
 20
7.348090632432445
 10
82.07086942634331
 20
7.023697435619963
  0
LINE
  5
8D8
330
18
100
AcDbEntity
  8
1
100
AcDbLine
 10
82.07086944579714
 20
7.023698329925537
 30
0.0
 11
83.62358140945071
 21
4.927979469299316
 31
0.0
  0
LINE
  5
8D9
330
18
100
AcDbEntity
  8
1
100
AcDbLine
 10
82.07086944579714
 20
7.023698329925537
 30
0.0
 11
78.37934875487917
 21
7.023698329925537
 31
0.0
  0
ARC
  5
8DA
330
18
100
AcDbEntity
  8
1
100
AcDbCircle
 10
80.72468137740726
 20
6.424925327301025
 30
0.0
 40
2.812744617462158
100
AcDbArc
 50
170.469349918221
 51
189.6713070472324
  0
LWPOLYLINE
  5
8DB
330
18
100
AcDbEntity
  8
1
100
AcDbPolyline
 90
        5
 70
     0
 43
0.0
 10
78.37934875487917
 20
7.023698329925537
 10
78.22938251494997
 20
7.014377117156982
 10
78.08476829528443
 20
6.984157085418701
 10
78.00047111510867
 20
6.947636604309082
 10
77.9513196945154
 20
6.890552520751952
  0
LINE
  5
8DC
330
18
100
AcDbEntity
  8
1
100
AcDbLine
 10
75.99999999999636
 20
8.969138145446777
 30
0.0
 11
75.99999999999636
 21
6.054404735565182
 31
0.0
  0
LINE
  5
8DD
330
18
100
AcDbEntity
  8
1
100
AcDbLine
 10
75.99999999999636
 20
6.054404735565182
 30
0.0
 11
75.99999999999636
 21
5.838588237762451
 31
0.0
  0
ARC
  5
8DE
330
18
100
AcDbEntity
  8
1
100
AcDbCircle
 10
75.27227306365602
 20
-9.183256149291992
 30
0.0
 40
14.16205024719238
100
AcDbArc
 50
85.65010792738496
 51
87.05451745048343
  0
LINE
  5
8DF
330
18
100
AcDbEntity
  8
1
100
AcDbLine
 10
75.99999999999636
 20
1.282214641571042
 30
0.0
 11
75.99999999999636
 21
4.960084915161131
 31
0.0
  0
LWPOLYLINE
  5
8E0
330
18
100
AcDbEntity
  8
1
100
AcDbPolyline
 90
        6
 70
     0
 43
0.0
 10
75.99999999999636
 20
1.282214641571042
 10
75.98144626617068
 20
1.176137447357177
 10
75.92575931548708
 20
1.084234714508055
 10
75.85127925872439
 20
1.029507637023925
 10
75.75392246245974
 20
1.00860571861267
 10
75.6999998092615
 20
1.015229344367978
  0
ARC
  5
8E1
330
18
100
AcDbEntity
  8
1
100
AcDbCircle
 10
51.47376632690065
 20
-101.5797653198242
 30
0.0
 40
105.4158859252929
100
AcDbArc
 50
76.71385698144376
 51
79.74715097235756
  0
LWPOLYLINE
  5
8E2
330
18
100
AcDbEntity
  8
1
100
AcDbPolyline
 90
        5
 70
     0
 43
0.0
 10
83.54228281974428
 20
1.825660109519956
 10
81.30017566680544
 20
2.838615179061888
 10
79.04786634444826
 20
3.821578502655027
 10
77.69745349883669
 20
4.38930606842041
 10
76.34640979766482
 20
4.938002109527587
  0
LWPOLYLINE
  5
8E3
330
18
100
AcDbEntity
  8
1
100
AcDbPolyline
 90
        5
 70
     0
 43
0.0
 10
83.29901766776675
 20
2.992352247238157
 10
81.55593490600223
 20
3.75193667411804
 10
79.80954456328982
 20
4.485430240631103
 10
78.07993221282595
 20
5.179429531097412
 10
76.34641075133912
 20
5.837554931640625
  0
LINE
  5
8E4
330
18
100
AcDbEntity
  8
1
100
AcDbLine
 10
76.34640979766482
 20
5.837555408477782
 30
0.0
 11
76.34640979766482
 21
4.938002109527587
 31
0.0
  0
LINE
  5
8E5
330
18
100
AcDbEntity
  8
1
100
AcDbLine
 10
75.99999999999636
 20
5.838590145111081
 30
0.0
 11
76.34641075133912
 21
5.837555408477782
 31
0.0
  0
LINE
  5
8E6
330
18
100
AcDbEntity
  8
1
100
AcDbLine
 10
75.99999999999636
 20
5.838590145111081
 30
0.0
 11
75.99999999999636
 21
2.633589744567871
 31
0.0
  0
LWPOLYLINE
  5
8E7
330
18
100
AcDbEntity
  8
1
100
AcDbPolyline
 90
        5
 70
     0
 43
0.0
 10
75.72651195525759
 20
-2.947755336761473
 10
75.83242702483767
 20
-2.969486474990843
 10
75.92223644256228
 20
-3.019103050231933
 10
75.97133636474246
 20
-3.073037862777708
 10
75.99999999999636
 20
-3.166888713836668
  0
LWPOLYLINE
  5
8E8
330
18
100
AcDbEntity
  8
1
100
AcDbPolyline
 90
        5
 70
     0
 43
0.0
 10
75.99999999999636
 20
2.148045063018798
 10
75.98147487640017
 20
2.099454164505004
 10
75.94312191009158
 20
2.065602540969848
 10
75.83453941344851
 20
2.022317647933959
 10
75.6999998092615
 20
2.007384538650512
  0
LWPOLYLINE
  5
8E9
330
18
100
AcDbEntity
  8
1
100
AcDbPolyline
 90
        6
 70
     0
 43
0.0
 10
75.6999998092615
 20
2.007384538650512
 10
75.64679050445192
 20
2.045206546783445
 10
75.6212759017908
 20
2.09381055831909
 10
75.58965206145876
 20
2.193467855453489
 10
75.57063007354372
 20
2.288179397583005
 10
75.55010700225466
 20
2.471640825271606
  0
LINE
  5
8EA
330
18
100
AcDbEntity
  8
1
100
AcDbLine
 10
69.60000038146609
 20
1.399999976158142
 30
0.0
 11
69.49999809264773
 21
1.399999976158142
 31
0.0
  0
LINE
  5
8EB
330
18
100
AcDbEntity
  8
1
100
AcDbLine
 10
69.60000038146609
 20
-1.399999976158142
 30
0.0
 11
69.50226593017214
 21
-1.399999976158142
 31
0.0
  0
ARC
  5
8EC
330
18
100
AcDbEntity
  8
1
100
AcDbCircle
 10
69.60000038146609
 20
1.600000023841857
 30
0.0
 40
0.2000000029802322
100
AcDbArc
 50
270.0000043257107
 51
359.9999981188931
  0
ARC
  5
8ED
330
18
100
AcDbEntity
  8
1
100
AcDbCircle
 10
69.60000038146609
 20
-1.600000023841857
 30
0.0
 40
0.2000000029802322
100
AcDbArc
 50
0.0000018811329088
 51
89.99999567428933
  0
LINE
  5
8EE
330
18
100
AcDbEntity
  8
1
100
AcDbLine
 10
81.49999856948488
 20
-4.800000190734863
 30
0.0
 11
84.49176788329713
 21
-4.800000190734863
 31
0.0
  0
LINE
  5
8EF
330
18
100
AcDbEntity
  8
1
100
AcDbLine
 10
84.07640409469241
 20
4.800000190734863
 30
0.0
 11
84.49176788329713
 21
4.800000190734863
 31
0.0
  0
LINE
  5
8F0
330
18
100
AcDbEntity
  8
SK1
100
AcDbLine
 10
-56.00000000000363
 20
-11.5
 30
0.0
 11
-56.00000000000363
 21
-3.950949192047117
 31
0.0
  0
LINE
  5
8F1
330
18
100
AcDbEntity
  8
SK1
100
AcDbLine
 10
-56.00000000000363
 20
3.950949192047117
 30
0.0
 11
-56.00000000000363
 21
11.5
 31
0.0
  0
LINE
  5
8F2
330
18
100
AcDbEntity
  8
SK1
100
AcDbLine
 10
-56.00000000000363
 20
-3.950949192047117
 30
0.0
 11
-56.00000000000363
 21
3.950949192047117
 31
0.0
  0
LINE
  5
8F3
330
18
100
AcDbEntity
  8
1
100
AcDbLine
 10
81.49999999999636
 20
-8.303047180175781
 30
0.0
 11
81.49999999999636
 21
-8.010199546813963
 31
0.0
  0
LWPOLYLINE
  5
8F4
330
18
100
AcDbEntity
  8
1
100
AcDbPolyline
 90
       10
 70
     0
 43
0.0
 10
81.25457052603673
 20
-8.592285558524507
 10
81.25398545229547
 20
-8.597662847933463
 10
81.25373575235448
 20
-8.602419751934405
 10
81.2538215519263
 20
-8.60655387564287
 10
81.25424280781478
 20
-8.610063137715826
 10
81.25499930793671
 20
-8.612945771399777
 10
81.25609067142887
 20
-8.615200325419944
 10
81.25751634883931
 20
-8.616825664711084
 10
81.25927562240445
 20
-8.617820970988928
 10
81.26136760641026
 20
-8.618185743162085
  0
LWPOLYLINE
  5
8F5
330
18
100
AcDbEntity
  8
1
100
AcDbPolyline
 90
        5
 70
     0
 43
0.0
 10
81.26136779784792
 20
-8.618185997009277
 10
81.26409530639284
 20
-8.617849349975584
 10
81.27080535888309
 20
-8.614813804626463
 10
81.30111742019289
 20
-8.586529731750486
 10
81.49999999999636
 20
-8.30305004119873
  0
LWPOLYLINE
  5
8F6
330
18
100
AcDbEntity
  8
1
100
AcDbPolyline
 90
        3
 70
     0
 43
0.0
 10
81.2545709609949
 20
-8.59228515625
 10
81.31697273254031
 20
-8.405875205993652
 10
81.49999999999636
 20
-8.010110855102539
  0
ARC
  5
8F7
330
18
100
AcDbEntity
  8
SK1
100
AcDbCircle
 10
-38.22676849365592
 20
2.262876749038694
 30
0.0
 40
18.82888412475586
100
AcDbArc
 50
199.2705005355154
 51
207.0274896218694
  0
LINE
  5
8F8
330
18
100
AcDbEntity
  8
SK1
100
AcDbLine
 10
-55.00000000000365
 20
-12.5
 30
0.0
 11
-55.00000000000365
 21
-6.293647766113281
 31
0.0
  0
ARC
  5
8F9
330
18
100
AcDbEntity
  8
SK1
100
AcDbCircle
 10
-38.22676849365592
 20
-2.262876749038694
 30
0.0
 40
18.82888412475586
100
AcDbArc
 50
152.9725103781306
 51
160.7294994644845
  0
LINE
  5
8FA
330
18
100
AcDbEntity
  8
SK1
100
AcDbLine
 10
-55.00000000000365
 20
6.293647766113281
 30
0.0
 11
-55.00000000000365
 21
12.5
 31
0.0
  0
LINE
  5
8FB
330
18
100
AcDbEntity
  8
SK1
100
AcDbLine
 10
-55.00000000000365
 20
-6.293647766113281
 30
0.0
 11
-7.331367492679419
 21
-6.293647766113281
 31
0.0
  0
LINE
  5
8FC
330
18
100
AcDbEntity
  8
SK1
100
AcDbLine
 10
-55.00000000000365
 20
6.293647766113281
 30
0.0
 11
-7.331367492679419
 21
6.293647766113281
 31
0.0
  0
LWPOLYLINE
  5
8FD
330
18
100
AcDbEntity
  8
SK1
100
AcDbPolyline
 90
        6
 70
     0
 43
0.0
 10
-7.331367492679419
 20
-6.293647766113281
 10
-7.177581787113012
 20
-6.267972469329831
 10
-7.043373107913794
 20
-6.200684547424316
 10
-6.930419921878637
 20
-6.105027675628662
 10
-6.838478088382544
 20
-5.992644786834714
 10
-6.765686035159871
 20
-5.873150825500487
  0
ARC
  5
8FE
330
18
100
AcDbEntity
  8
SK1
100
AcDbCircle
 10
-17.80002593994504
 20
0.0000098009750218
 30
0.0
 40
12.50002574920654
100
AcDbArc
 50
331.9753176642619
 51
28.02464718087091
  0
LINE
  5
8FF
330
18
100
AcDbEntity
  8
SK1
100
AcDbLine
 10
-3.000000000003636
 20
-12.5
 30
0.0
 11
-3.000000000003636
 21
-3.58738589286804
 31
0.0
  0
LWPOLYLINE
  5
900
330
18
100
AcDbEntity
  8
SK1
100
AcDbPolyline
 90
        6
 70
     0
 43
0.0
 10
-7.331367492679419
 20
6.293647766113281
 10
-7.177581787113012
 20
6.267972469329831
 10
-7.043373107913794
 20
6.200684547424316
 10
-6.930419921878637
 20
6.105027675628662
 10
-6.838478088382544
 20
5.992644786834714
 10
-6.765686035159871
 20
5.873150825500487
  0
LINE
  5
901
330
18
100
AcDbEntity
  8
SK1
100
AcDbLine
 10
-3.000000000003636
 20
-3.58738589286804
 30
0.0
 11
-3.000000000003636
 21
12.5
 31
0.0
  0
ARC
  5
902
330
18
100
AcDbEntity
  8
1
100
AcDbCircle
 10
78.94489479064578
 20
-4.565460205078125
 30
0.0
 40
2.104092836380004
100
AcDbArc
 50
318.0825212134633
 51
348.1456210628536
  0
LWPOLYLINE
  5
903
330
18
100
AcDbEntity
  8
1
100
AcDbPolyline
 90
        5
 70
     0
 43
0.0
 10
80.5099716186487
 20
-5.970585823059082
 10
80.22750854491823
 20
-6.223291397094726
 10
79.90602064132326
 20
-6.413968563079831
 10
79.55551242828005
 20
-6.542782783508298
 10
79.2790260314905
 20
-6.600315093994137
  0
LINE
  5
904
330
18
100
AcDbEntity
  8
1
100
AcDbLine
 10
79.22806692123049
 20
-7.634553432464596
 30
0.0
 11
79.21120500564211
 21
-7.555682659149169
 31
0.0
  0
ARC
  5
905
330
18
100
AcDbEntity
  8
1
100
AcDbCircle
 10
85.75391042232148
 20
1.73349070549011
 30
0.0
 40
11.41647911071776
100
AcDbArc
 50
235.1386658240226
 51
244.551415981751
  0
ARC
  5
906
330
18
100
AcDbEntity
  8
1
100
AcDbCircle
 10
65.52425193786257
 20
5.724647045135497
 30
0.0
 40
20.95913887023926
100
AcDbArc
 50
316.9827978738001
 51
319.6613800323766
  0
LINE
  5
907
330
18
100
AcDbEntity
  8
1
100
AcDbLine
 10
81.49999999999636
 20
-7.84229564666748
 30
0.0
 11
81.49999999999636
 21
-5.152900695800781
 31
0.0
  0
LINE
  5
908
330
18
100
AcDbEntity
  8
SK1
100
AcDbLine
 10
-2.313133239749729
 20
-12.25
 30
0.0
 11
-2.313133239749729
 21
-3.515638351440428
 31
0.0
  0
LINE
  5
909
330
18
100
AcDbEntity
  8
SK1
100
AcDbLine
 10
-2.313133239749729
 20
-3.515638351440428
 30
0.0
 11
-2.313133239749729
 21
12.25
 31
0.0
  0
LINE
  5
90A
330
18
100
AcDbEntity
  8
1
100
AcDbLine
 10
81.49999999999636
 20
-5.152840614318846
 30
0.0
 11
81.49999999999636
 21
-4.63236618041992
 31
0.0
  0
ARC
  5
90B
330
18
100
AcDbEntity
  8
1
100
AcDbCircle
 10
90.17223906516665
 20
-7.055459022521972
 30
0.0
 40
9.39498233795166
100
AcDbArc
 50
164.1267138303831
 51
167.3495388180823
  0
ARC
  5
90C
330
18
100
AcDbEntity
  8
1
100
AcDbCircle
 10
83.76710677146547
 20
1.533293962478635
 30
0.0
 40
6.569260120391843
100
AcDbArc
 50
246.3845507442151
 51
249.8115762524019
  0
ARC
  5
90D
330
18
100
AcDbEntity
  8
1
100
AcDbCircle
 10
57.19087028503054
 20
-229.7794189453125
 30
0.0
 40
232.9756774902344
100
AcDbArc
 50
85.43230668953858
 51
86.51747349882143
  0
LINE
  5
90E
330
18
100
AcDbEntity
  8
1
100
AcDbLine
 10
70.99999999999636
 20
3.006853580474853
 30
0.0
 11
71.34279632567995
 21
2.76642107963562
 31
0.0
  0
LWPOLYLINE
  5
90F
330
18
100
AcDbEntity
  8
1
100
AcDbPolyline
 90
       12
 70
     0
 43
0.0
 10
70.99999999999636
 20
3.006853580474853
 10
70.74501037597292
 20
3.142025709152221
 10
70.46623420714968
 20
3.212350606918333
 10
70.32390594482058
 20
3.220073461532591
 10
70.18325614928835
 20
3.207788228988647
 10
69.98368835448855
 20
3.149913072586058
 10
69.8072128295862
 20
3.043483734130858
 10
69.66605758666628
 20
2.89218211174011
 10
69.59592819213503
 20
2.77138352394104
 10
69.54590797423953
 20
2.639628171920775
 10
69.51074981689089
 20
2.471316337585449
 10
69.49999999999636
 20
2.299235820770263
  0
LINE
  5
910
330
18
100
AcDbEntity
  8
1
100
AcDbLine
 10
69.49999999999636
 20
-1.328006267547605
 30
0.0
 11
69.49999999999636
 21
2.299235582351684
 31
0.0
  0
LWPOLYLINE
  5
911
330
18
100
AcDbEntity
  8
1
100
AcDbPolyline
 90
       10
 70
     0
 43
0.0
 10
70.99999999999636
 20
-2.383964538574218
 10
70.79434204101199
 20
-2.420098066329956
 10
70.57168579101198
 20
-2.412420988082884
 10
70.34497451781863
 20
-2.363001108169555
 10
70.12318801879519
 20
-2.273698568344115
 10
69.92551803588503
 20
-2.15174913406372
 10
69.7615585327112
 20
-2.004069328308105
 10
69.61254119872683
 20
-1.794137001037595
 10
69.52680778503054
 20
-1.565785169601438
 10
69.49999999999636
 20
-1.32800817489624
  0
LINE
  5
912
330
18
100
AcDbEntity
  8
1
100
AcDbLine
 10
70.99999999999636
 20
-2.383964538574218
 30
0.0
 11
71.02930355071658
 21
-2.375103950500488
 31
0.0
  0
ARC
  5
913
330
18
100
AcDbEntity
  8
1
100
AcDbCircle
 10
94.09536838531128
 20
295.6358947753907
 30
0.0
 40
298.9024353027344
100
AcDbArc
 50
265.5741307785927
 51
266.2063190672892
  0
ARC
  5
914
330
18
100
AcDbEntity
  8
1
100
AcDbCircle
 10
90.55208015441532
 20
102.0461273193359
 30
0.0
 40
105.9092788696289
100
AcDbArc
 50
261.1832208824438
 51
261.8844009123714
  0
ARC
  5
915
330
18
100
AcDbEntity
  8
1
100
AcDbCircle
 10
90.19026207923522
 20
9.703167915344238
 30
0.0
 40
19.21575736999512
100
AcDbArc
 50
220.6021921702783
 51
222.3988322430233
  0
LINE
  5
916
330
18
100
AcDbEntity
  8
1
100
AcDbLine
 10
75.99999999999636
 20
-3.794047117233276
 30
0.0
 11
75.99999999999636
 21
-3.253785610198973
 31
0.0
  0
LWPOLYLINE
  5
917
330
18
100
AcDbEntity
  8
1
100
AcDbPolyline
 90
        6
 70
     0
 43
0.0
 10
75.99999999999636
 20
-3.79404878616333
 10
76.03041267394655
 20
-3.92787218093872
 10
76.11899662017458
 20
-4.051027297973631
 10
76.26354217528933
 20
-4.149350166320799
 10
76.43889236449831
 20
-4.196609497070311
 10
76.60000038146609
 20
-4.181165218353271
  0
ARC
  5
918
330
18
100
AcDbEntity
  8
1
100
AcDbCircle
 10
72.55254364013308
 20
8.863327026367187
 30
0.0
 40
13.65800666809082
100
AcDbArc
 50
287.2381176857617
 51
289.8935104016116
  0
ARC
  5
919
330
18
100
AcDbEntity
  8
1
100
AcDbCircle
 10
91.63077497481936
 20
92.63942718505864
 30
0.0
 40
97.69074249267578
100
AcDbArc
 50
261.5052500387244
 51
263.8325893994529
  0
LINE
  5
91A
330
18
100
AcDbEntity
  8
1
100
AcDbLine
 10
75.74430465697878
 20
2.455969810485837
 30
0.0
 11
75.75024414062136
 21
2.986214637756346
 31
0.0
  0
LINE
  5
91B
330
18
100
AcDbEntity
  8
1
100
AcDbLine
 10
79.0444068908655
 20
-6.632689952850339
 30
0.0
 11
79.27902460097903
 21
-6.600317001342772
 31
0.0
  0
LWPOLYLINE
  5
91C
330
18
100
AcDbEntity
  8
1
100
AcDbPolyline
 90
        8
 70
     0
 43
0.0
 10
51.83673477172487
 20
3.542130708694458
 10
54.68016052245729
 20
2.44245433807373
 10
58.01250839233034
 20
1.092914700508117
 10
62.12816810607545
 20
-0.6075577139854432
 10
64.85653114318484
 20
-1.727062344551084
 10
67.72682189941042
 20
-2.870723009109497
 10
70.01481628417605
 20
-3.742280960083006
 10
72.3115549087488
 20
-4.569726467132568
  0
LWPOLYLINE
  5
91D
330
18
100
AcDbEntity
  8
1
100
AcDbPolyline
 90
        6
 70
     0
 43
0.0
 10
72.3115549087488
 20
-4.569726467132568
 10
73.8141708373987
 20
-5.081244945526123
 10
75.16543197631472
 20
-5.518959999084471
 10
76.51740169524781
 20
-5.9332275390625
 10
77.78127098083131
 20
-6.29626989364624
 10
79.04440784453981
 20
-6.632686138153076
  0
ARC
  5
91E
330
18
100
AcDbEntity
  8
1
100
AcDbCircle
 10
95.1173171997034
 20
-4.209250926971433
 30
0.0
 40
16.25444984436034
100
AcDbArc
 50
188.5743543734239
 51
191.8809592753609
  0
LWPOLYLINE
  5
91F
330
18
100
AcDbEntity
  8
1
100
AcDbPolyline
 90
        6
 70
     0
 43
0.0
 10
65.67569732665652
 20
-2.683364629745482
 10
62.87050437926883
 20
-1.425244808197019
 10
60.07005691527957
 20
-0.150915190577507
 10
57.25397300719849
 20
1.14093542098999
 10
53.41782760619754
 20
2.855751752853393
 10
51.6646232604944
 20
3.611180543899536
  0
LWPOLYLINE
  5
920
330
18
100
AcDbEntity
  8
1
100
AcDbPolyline
 90
       19
 70
     0
 43
0.0
 10
51.6646232604944
 20
3.611180543899536
 10
50.01457977294556
 20
4.300284862518308
 10
48.36324310302369
 20
4.95770215988159
 10
46.87106704711548
 20
5.521353721618652
 10
45.66199874877564
 20
5.958950042724606
 10
44.45429992675417
 20
6.377173423767087
 10
43.25338745116822
 20
6.770655155181882
 10
42.05178070067995
 20
7.138743877410887
 10
40.87112808227175
 20
7.474710941314697
 10
39.66361618041629
 20
7.793309211730957
 10
38.45751953124636
 20
8.085899353027341
 10
37.25280380248661
 20
8.350356101989746
 10
35.4528541564905
 20
8.689170837402341
 10
33.66800308227175
 20
8.957014083862304
 10
32.47120285033816
 20
9.099018096923828
 10
31.26809692382449
 20
9.210445404052734
 10
30.0665130615198
 20
9.289483070373536
 10
28.33240890502566
 20
9.346116065979003
 10
27.74345397948855
 20
9.350000381469726
  0
LWPOLYLINE
  5
921
330
18
100
AcDbEntity
  8
1
100
AcDbPolyline
 90
        9
 70
     0
 43
0.0
 10
79.22806644439333
 20
-7.634553432464596
 10
77.54126167296998
 20
-7.158237934112547
 10
75.85165405273073
 20
-6.638071537017822
 10
74.16032314300173
 20
-6.076033592224121
 10
72.432224273678
 20
-5.458144664764403
 10
71.06897735595339
 20
-4.938793659210205
 10
69.7122421264612
 20
-4.397097587585448
 10
67.02112960815066
 20
-3.269026756286621
 10
65.67569732665652
 20
-2.683364629745482
  0
ARC
  5
922
330
18
100
AcDbEntity
  8
1
100
AcDbCircle
 10
471.9185791015586
 20
989.6829833984376
 30
0.0
 40
1086.406494140625
100
AcDbArc
 50
245.689346431451
 51
245.9850934672917
  0
ARC
  5
923
330
18
100
AcDbEntity
  8
1
100
AcDbCircle
 10
313.219421386715
 20
638.3973388671875
 30
0.0
 40
700.9369506835938
100
AcDbArc
 50
245.2709213323577
 51
245.6900144462556
  0
ARC
  5
924
330
18
100
AcDbEntity
  8
1
100
AcDbCircle
 10
28.93142318725222
 20
21.29054832458496
 30
0.0
 40
21.49570274353028
100
AcDbArc
 50
242.323449314664
 51
245.4427557561242
  0
LWPOLYLINE
  5
925
330
18
100
AcDbEntity
  8
1
100
AcDbPolyline
 90
       19
 70
     0
 43
0.0
 10
29.77913284301394
 20
-2.683364629745482
 10
31.24003219604129
 20
-3.32241940498352
 10
32.70097732543582
 20
-3.941225290298461
 10
34.99356460570925
 20
-4.866584300994873
 10
36.29972076415653
 20
-5.369864940643307
 10
37.60369873046511
 20
-5.851041316986081
 10
39.22392272948855
 20
-6.412384510040282
 10
40.85263061523074
 20
-6.931742668151855
 10
42.80406951903933
 20
-7.498280525207516
 10
44.11004257201784
 20
-7.842572689056396
 10
45.41293334960572
 20
-8.153861045837402
 10
46.70856094359986
 20
-8.428328514099121
 10
48.00965499877564
 20
-8.667913436889646
 10
49.33441543578736
 20
-8.876211166381835
 10
50.64459991454715
 20
-9.047059059143066
 10
52.26995468139286
 20
-9.20743942260742
 10
53.89091110229127
 20
-9.307731628417966
 10
55.52069664001099
 20
-9.348840713500976
 10
55.84419250487917
 20
-9.350000381469726
  0
ARC
  5
926
330
18
100
AcDbEntity
  8
1
100
AcDbCircle
 10
70.47539901733035
 20
1.340072512626645
 30
0.0
 40
0.9750016927719116
100
AcDbArc
 50
133.8259184814689
 51
176.4748760122366
  0
LWPOLYLINE
  5
927
330
18
100
AcDbEntity
  8
1
100
AcDbPolyline
 90
       12
 70
     0
 43
0.0
 10
21.99560546874636
 20
-7.997391700744628
 10
23.9307823181116
 20
-8.21539306640625
 10
25.33569335937136
 20
-8.327668190002441
 10
26.51683425902957
 20
-8.392468452453611
 10
27.69844055175417
 20
-8.430543899536132
 10
29.58536148070925
 20
-8.434164047241209
 10
31.46799850463504
 20
-8.362838745117187
 10
33.35409545898074
 20
-8.21865177154541
 10
35.24446105956668
 20
-8.006258964538574
 10
37.16812515258425
 20
-7.7176194190979
 10
39.04997634887332
 20
-7.365908145904541
 10
40.93032073974245
 20
-6.955440521240231
  0
ARC
  5
928
330
18
100
AcDbEntity
  8
1
100
AcDbCircle
 10
29.30072021484011
 20
47.19190979003911
 30
0.0
 40
55.67095565795899
100
AcDbArc
 50
255.6378580672014
 51
262.4598919857588
  0
LINE
  5
929
330
18
100
AcDbEntity
  8
1
100
AcDbLine
 10
15.3883895873987
 20
-6.711326599121092
 30
0.0
 11
15.49150848388308
 21
-6.739408016204831
 31
0.0
  0
ARC
  5
92A
330
18
100
AcDbEntity
  8
1
100
AcDbCircle
 10
10.36369323730103
 20
23.43885803222656
 30
0.0
 40
33.08428192138672
100
AcDbArc
 50
277.9247385398389
 51
283.4848873332973
  0
ARC
  5
92B
330
18
100
AcDbEntity
  8
1
100
AcDbCircle
 10
19.15810394286748
 20
-13.44765377044678
 30
0.0
 40
4.836484909057617
100
AcDbArc
 50
80.00466942122359
 51
102.8976268445837
  0
LWPOLYLINE
  5
92C
330
18
100
AcDbEntity
  8
1
100
AcDbPolyline
 90
       12
 70
     0
 43
0.0
 10
41.79746627807253
 20
-7.213234901428222
 10
40.40203857421511
 20
-7.601439476013182
 10
38.98239135741825
 20
-7.961878299713132
 10
37.56454086303347
 20
-8.284727096557617
 10
36.50618743896121
 20
-8.499286651611326
 10
35.44696426391239
 20
-8.690165519714355
 10
34.39946365356082
 20
-8.855340957641601
 10
33.33961868285769
 20
-8.99901008605957
 10
31.92230606078738
 20
-9.15381908416748
 10
30.50740814208621
 20
-9.264267921447752
 10
28.75480651855105
 20
-9.338549613952636
 10
27.74345397948855
 20
-9.350000381469726
  0
LWPOLYLINE
  5
92D
330
18
100
AcDbEntity
  8
1
100
AcDbPolyline
 90
        6
 70
     0
 43
0.0
 10
27.74345397948855
 20
-9.350000381469726
 10
26.0502891540491
 20
-9.317753791809082
 10
24.36101913451785
 20
-9.221128463745117
 10
22.67350769042605
 20
-9.061394691467283
 10
21.75400543212527
 20
-8.948599815368652
 10
19.99768829345339
 20
-8.683831214904785
  0
LINE
  5
92E
330
18
100
AcDbEntity
  8
1
100
AcDbLine
 10
75.99999999999636
 20
9.104487419128416
 30
0.0
 11
75.99999999999636
 21
5.541423320770261
 31
0.0
  0
LINE
  5
92F
330
18
100
AcDbEntity
  8
1
100
AcDbLine
 10
75.99999999999636
 20
3.342764139175415
 30
0.0
 11
75.99999999999636
 21
5.541423320770261
 31
0.0
  0
LWPOLYLINE
  5
930
330
18
100
AcDbEntity
  8
1
100
AcDbPolyline
 90
        7
 70
     0
 43
0.0
 10
76.60000038146609
 20
9.178584098815916
 10
76.3581914901697
 20
9.188404083251953
 10
76.12889003753299
 20
9.168274879455566
 10
76.02608299255006
 20
9.136537551879882
 10
76.00815010070437
 20
9.122897148132324
 10
76.00292682647341
 20
9.11564254760742
 10
75.99999999999636
 20
9.104487419128416
  0
LINE
  5
931
330
18
100
AcDbEntity
  8
1
100
AcDbLine
 10
77.02679538726442
 20
9.127289772033693
 30
0.0
 11
77.02679538726442
 21
9.076062202453613
 31
0.0
  0
LINE
  5
932
330
18
100
AcDbEntity
  8
1
100
AcDbLine
 10
76.60000038146609
 20
9.178584098815916
 30
0.0
 11
77.02679538726442
 21
9.127289772033693
 31
0.0
  0
LWPOLYLINE
  5
933
330
18
100
AcDbEntity
  8
1
100
AcDbPolyline
 90
       11
 70
     0
 43
0.0
 10
41.7965812683069
 20
7.213148593902587
 10
43.2037506103479
 20
7.606871604919432
 10
44.60723495483033
 20
7.965371131896972
 10
46.00009536742798
 20
8.282711029052732
 10
47.39580535888307
 20
8.559322357177732
 10
49.16715240478152
 20
8.851855278015136
 10
50.22502136230103
 20
8.996257781982421
 10
51.62794876098267
 20
9.15112018585205
 10
53.02643966674439
 20
9.261697769165039
 10
54.77718734740847
 20
9.337409973144533
 10
55.84419250487917
 20
9.350000381469726
  0
LWPOLYLINE
  5
934
330
18
100
AcDbEntity
  8
1
100
AcDbPolyline
 90
       15
 70
     0
 43
0.0
 10
55.84419250487917
 20
9.350000381469726
 10
56.84457588195435
 20
9.33882999420166
 10
57.84345436095827
 20
9.30510139465332
 10
58.83834266662232
 20
9.248839378356931
 10
59.82903099059694
 20
9.170570373535156
 10
61.5555667877161
 20
8.983284950256347
 10
62.57287788390748
 20
8.843894004821777
 10
63.824163436886
 20
8.642486572265625
 10
64.82325935363404
 20
8.457220077514646
 10
65.81853103637332
 20
8.251265525817871
 10
67.79705238341922
 20
7.782986164093017
 10
69.79513549804322
 20
7.240373611450195
 10
71.78762626647586
 20
6.630810737609862
 10
73.77644062041873
 20
5.953563213348387
 10
75.77166557311648
 20
5.217983245849608
  0
LINE
  5
935
330
18
100
AcDbEntity
  8
1
100
AcDbLine
 10
75.75023078918093
 20
2.986293792724609
 30
0.0
 11
75.77166557311648
 21
5.217983245849608
 31
0.0
  0
LINE
  5
936
330
18
100
AcDbEntity
  8
1
100
AcDbLine
 10
75.77166557311648
 20
5.217983245849608
 30
0.0
 11
75.99999999999636
 21
5.541423320770261
 31
0.0
  0
LINE
  5
937
330
18
100
AcDbEntity
  8
1
100
AcDbLine
 10
75.98932266234988
 20
2.610722780227661
 30
0.0
 11
75.99999999999636
 21
2.633589744567871
 31
0.0
  0
LINE
  5
938
330
18
100
AcDbEntity
  8
1
100
AcDbLine
 10
75.7443056106531
 20
2.455968618392943
 30
0.0
 11
75.98932266234988
 21
2.610722780227661
 31
0.0
  0
ARC
  5
939
330
18
100
AcDbEntity
  8
1
100
AcDbCircle
 10
48.77197265624634
 20
53.9488143920899
 30
0.0
 40
59.71199035644531
100
AcDbArc
 50
234.8785018524806
 51
239.06742820814
  0
LWPOLYLINE
  5
93A
330
18
100
AcDbEntity
  8
1
100
AcDbPolyline
 90
       22
 70
     0
 43
0.0
 10
2.999999999996361
 20
9.319106101989746
 10
3.113845825191673
 20
9.483368873596193
 10
3.280891418453392
 20
9.628379821777343
 10
3.522232055660423
 20
9.746362686157226
 10
3.676498413082298
 20
9.789977073669431
 10
3.862739562984656
 20
9.821147918701171
 10
4.086433410640905
 20
9.835968017578123
 10
4.351860046383093
 20
9.82992935180664
 10
4.694763183590126
 20
9.794254302978515
 10
5.083290100094018
 20
9.725775718688963
 10
5.500305175777612
 20
9.627439498901367
 10
5.919464111324487
 20
9.508500099182127
 10
6.521018981929955
 20
9.310226440429687
 10
7.082275390621362
 20
9.101825714111328
 10
7.685035705562768
 20
8.857400894165039
 10
8.243988037105737
 20
8.614449501037597
 10
9.371459960933863
 20
8.083406448364257
 10
10.55956268310183
 20
7.471094131469726
 10
11.37865447997683
 20
7.019105911254882
 10
12.12721252441042
 20
6.584389686584472
 10
13.45761871337527
 20
5.756499290466307
 10
14.41883087157839
 20
5.108066558837888
  0
LINE
  5
93B
330
18
100
AcDbEntity
  8
1
100
AcDbLine
 10
2.999999999996361
 20
9.319106101989746
 30
0.0
 11
2.999999999996361
 21
16.0
 31
0.0
  0
LINE
  5
93C
330
18
100
AcDbEntity
  8
1
100
AcDbLine
 10
18.82155609130498
 20
2.318854570388793
 30
0.0
 11
18.94717407226201
 21
2.254438638687133
 31
0.0
  0
ARC
  5
93D
330
18
100
AcDbEntity
  8
1
100
AcDbCircle
 10
25.47921752929324
 20
15.23788452148437
 30
0.0
 40
14.5330867767334
100
AcDbArc
 50
239.3881749304684
 51
242.7362100218368
  0
LWPOLYLINE
  5
93E
330
18
100
AcDbEntity
  8
1
100
AcDbPolyline
 90
        4
 70
     0
 43
0.0
 10
13.95380401610964
 20
-6.002220630645751
 10
14.39407348632449
 20
-6.296604633331297
 10
14.87662506103152
 20
-6.532526969909667
 10
15.3883895873987
 20
-6.711328506469726
  0
LWPOLYLINE
  5
93F
330
18
100
AcDbEntity
  8
1
100
AcDbPolyline
 90
        7
 70
     0
 43
0.0
 10
13.1773529052698
 20
-9.063133239746091
 10
13.38922119140261
 20
-9.185434341430664
 10
13.64765167235964
 20
-9.281832695007324
 10
13.96767425536745
 20
-9.346959114074707
 10
14.26313018798464
 20
-9.369293212890623
 10
14.62455749511355
 20
-9.360326766967773
 10
14.92501831054324
 20
-9.328917503356931
  0
ARC
  5
940
330
18
100
AcDbEntity
  8
1
100
AcDbCircle
 10
0.6744689941369871
 20
-22.78112983703613
 30
0.0
 40
21.39725494384766
100
AcDbArc
 50
51.64024359201523
 51
53.75622868159712
  0
ARC
  5
941
330
18
100
AcDbEntity
  8
1
100
AcDbCircle
 10
347.4770507812463
 20
-21.21582794189453
 30
0.0
 40
334.5204772949219
100
AcDbArc
 50
177.3113010382961
 51
177.918067732093
  0
ARC
  5
942
330
18
100
AcDbEntity
  8
1
100
AcDbCircle
 10
-8.173042297366919
 20
3.831643581390379
 30
0.0
 40
14.6007022857666
100
AcDbArc
 50
319.92751119589
 51
325.2342496206874
  0
LWPOLYLINE
  5
943
330
18
100
AcDbEntity
  8
1
100
AcDbPolyline
 90
        9
 70
     0
 43
0.0
 10
8.542343139644799
 20
-3.930760622024536
 10
9.157958984371363
 20
-4.851429462432861
 10
9.779083251949488
 20
-5.707639217376706
 10
10.40069580077761
 20
-6.490985393524169
 10
11.0230560302698
 20
-7.198638439178464
 10
11.64592742919558
 20
-7.829321861267087
 10
12.2653656005823
 20
-8.382205009460449
 10
12.72376251220339
 20
-8.744546890258789
 10
13.17691802978152
 20
-9.063508033752439
  0
LINE
  5
944
330
18
100
AcDbEntity
  8
1
100
AcDbLine
 10
2.999999999996361
 20
-16.0
 30
0.0
 11
2.999999999996361
 21
-5.567764282226561
 31
0.0
  0
LINE
  5
945
330
18
100
AcDbEntity
  8
1
100
AcDbLine
 10
0.3000030517541745
 20
5.567764282226561
 30
0.0
 11
2.999999999996361
 21
5.567764282226561
 31
0.0
  0
LINE
  5
946
330
18
100
AcDbEntity
  8
1
100
AcDbLine
 10
0.3000030517541745
 20
5.567764282226561
 30
0.0
 11
0.3000030517541745
 21
16.0
 31
0.0
  0
ARC
  5
947
330
18
100
AcDbEntity
  8
1
100
AcDbCircle
 10
5.567855834957299
 20
8.654720306396482
 30
0.0
 40
2.652834892272949
100
AcDbArc
 50
165.4938726347532
 51
182.039690722571
  0
ARC
  5
948
330
18
100
AcDbEntity
  8
1
100
AcDbCircle
 10
6.862609863277612
 20
8.685230255126951
 30
0.0
 40
3.9485764503479
100
AcDbArc
 50
181.8134375572119
 51
191.9947223425978
  0
LINE
  5
949
330
18
100
AcDbEntity
  8
1
100
AcDbLine
 10
2.999999999996361
 20
5.567764282226561
 30
0.0
 11
2.999999999996361
 21
7.864579677581787
 31
0.0
  0
LWPOLYLINE
  5
94A
330
18
100
AcDbEntity
  8
1
100
AcDbPolyline
 90
       10
 70
     0
 43
0.0
 10
3.000000806964678
 20
7.864581799211747
 10
3.049071499038205
 20
7.695291180420952
 10
3.105917875403235
 20
7.519117019251382
 10
3.170497487632673
 20
7.336190868785536
 10
3.242762112723808
 20
7.146649323963285
 10
3.322657789107423
 20
6.950633919583537
 10
3.410124856942259
 20
6.748291024617172
 10
3.505098002664068
 20
6.539771732910026
 10
3.607506307756806
 20
6.325231750357771
 10
3.717273301709113
 20
6.104831278637276
  0
LWPOLYLINE
  5
94B
330
18
100
AcDbEntity
  8
1
100
AcDbPolyline
 90
       13
 70
     0
 43
0.0
 10
3.717277526851828
 20
6.104828357696532
 10
4.276527404781518
 20
5.176072597503662
 10
5.191513061519813
 20
3.737016677856443
 10
5.832336425777612
 20
2.779792785644529
 10
6.483520507808862
 20
1.846783876419065
 10
7.438598632808862
 20
0.5486036539077759
 10
8.405647277828393
 20
-0.6811208128929139
 10
9.390808105465113
 20
-1.843873739242553
 10
10.37897491454714
 20
-2.915883302688598
 10
11.16580963134402
 20
-3.699633359909056
 10
11.8795013427698
 20
-4.355906009674071
 10
12.59980010985964
 20
-4.96501350402832
 10
13.32448577880495
 20
-5.52374458312988
  0
LWPOLYLINE
  5
94C
330
18
100
AcDbEntity
  8
1
100
AcDbPolyline
 90
        9
 70
     0
 43
0.0
 10
3.717269897457298
 20
6.104831218719482
 10
4.312820434566673
 20
4.500703811645506
 10
4.973411560054953
 20
2.894363403320312
 10
5.442481994625268
 20
1.835024237632749
 10
5.929763793941674
 20
0.793859601020813
 10
6.602859497066674
 20
-0.5565100908279419
 10
7.293899536129174
 20
-1.843600273132324
 10
8.004425048824487
 20
-3.067683935165403
 10
8.542343139644799
 20
-3.930760622024536
  0
LINE
  5
94D
330
18
100
AcDbEntity
  8
1
100
AcDbLine
 10
0.3000030517541745
 20
-5.567764282226561
 30
0.0
 11
2.999999999996361
 21
-5.567764282226561
 31
0.0
  0
LINE
  5
94E
330
18
100
AcDbEntity
  8
1
100
AcDbLine
 10
0.3000030517541745
 20
-16.0
 30
0.0
 11
0.3000030517541745
 21
-5.567764282226561
 31
0.0
  0
LWPOLYLINE
  5
94F
330
18
100
AcDbEntity
  8
1
100
AcDbPolyline
 90
       19
 70
     0
 43
0.0
 10
3.821151733394798
 20
-4.49390697479248
 10
4.328193664547143
 20
-3.693204402923582
 10
4.543601989742453
 20
-3.298730611801147
 10
4.734153747554953
 20
-2.907783746719358
 10
4.900070190426063
 20
-2.52045702934265
 10
5.041992187496362
 20
-2.13581371307373
 10
5.220085144039343
 20
-1.524538397788999
 10
5.338569641109657
 20
-0.9174264669418331
 10
5.398162841793237
 20
-0.3128265142440796
 10
5.399230957027612
 20
0.2909065783023834
 10
5.341766357418237
 20
0.8954202532768249
 10
5.235931396480737
 20
1.457988858222959
 10
5.078948974605737
 20
2.023991823196409
 10
4.870018005367453
 20
2.594767332077025
 10
4.608062744136987
 20
3.171658277511596
 10
4.403327941890893
 20
3.560317754745482
 10
4.173995971676048
 20
3.952701568603515
 10
3.639503479000267
 20
4.750288009643552
 10
2.999999999996361
 20
5.567764282226561
  0
ARC
  5
950
330
18
100
AcDbEntity
  8
1
100
AcDbCircle
 10
19.6563262939417
 20
1.177966594696042
 30
0.0
 40
20.49807929992676
100
AcDbArc
 50
196.4764872584325
 51
199.2135773261534
  0
LINE
  5
951
330
18
100
AcDbEntity
  8
1
100
AcDbLine
 10
-0.000000000003638
 20
4.635730743408203
 30
0.0
 11
-0.000000000003638
 21
-4.635730743408203
 31
0.0
  0
ARC
  5
952
330
18
100
AcDbEntity
  8
1
100
AcDbCircle
 10
19.6563262939417
 20
-1.177966594696042
 30
0.0
 40
20.49807929992676
100
AcDbArc
 50
160.7864226738465
 51
163.5235127415674
  0
LINE
  5
953
330
18
100
AcDbEntity
  8
1
100
AcDbLine
 10
-0.000000000003638
 20
4.635730743408203
 30
0.0
 11
-0.000000000003638
 21
15.69999980926513
 31
0.0
  0
LINE
  5
954
330
18
100
AcDbEntity
  8
1
100
AcDbLine
 10
-0.000000000003638
 20
-15.69999980926513
 30
0.0
 11
-0.000000000003638
 21
-4.635730743408203
 31
0.0
  0
LINE
  5
955
330
18
100
AcDbEntity
  8
1
100
AcDbLine
 10
79.75359010696047
 20
9.127289772033693
 30
0.0
 11
77.02679538726442
 21
9.127289772033693
 31
0.0
  0
LINE
  5
956
330
18
100
AcDbEntity
  8
1
100
AcDbLine
 10
79.75358963012332
 20
9.127289772033693
 30
0.0
 11
79.75358963012332
 21
9.076062202453613
 31
0.0
  0
LINE
  5
957
330
18
100
AcDbEntity
  8
1
100
AcDbLine
 10
80.84848785400026
 20
9.169451713562011
 30
0.0
 11
80.09999990462892
 21
9.169451713562011
 31
0.0
  0
LWPOLYLINE
  5
958
330
18
100
AcDbEntity
  8
1
100
AcDbPolyline
 90
        3
 70
     0
 43
0.0
 10
80.09999990462892
 20
9.169451713562011
 10
79.84770298003787
 20
9.151113510131835
 10
79.75359010696047
 20
9.127289772033693
  0
LINE
  5
959
330
18
100
AcDbEntity
  8
1
100
AcDbLine
 10
80.84848785400026
 20
9.168574333190916
 30
0.0
 11
80.84848785400026
 21
9.349140167236328
 31
0.0
  0
LINE
  5
95A
330
18
100
AcDbEntity
  8
1
100
AcDbLine
 10
80.90516662597293
 20
9.076066017150877
 30
0.0
 11
80.84848785400026
 21
9.168574333190916
 31
0.0
  0
LINE
  5
95B
330
18
100
AcDbEntity
  8
1
100
AcDbLine
 10
81.49999999999636
 20
-8.303049087524414
 30
0.0
 11
81.49999999999636
 21
-8.306502342224121
 31
0.0
  0
LINE
  5
95C
330
18
100
AcDbEntity
  8
1
100
AcDbLine
 10
81.49999999999636
 20
-7.84229564666748
 30
0.0
 11
81.49999999999636
 21
-8.010109901428222
 31
0.0
  0
LINE
  5
95D
330
18
100
AcDbEntity
  8
1
100
AcDbLine
 10
80.84848785400026
 20
-9.349140167236328
 30
0.0
 11
80.84848785400026
 21
-8.574076652526855
 31
0.0
  0
LINE
  5
95E
330
18
100
AcDbEntity
  8
SK1
100
AcDbLine
 10
-56.00000000000363
 20
-11.5
 30
0.0
 11
-55.00000000000365
 21
-12.5
 31
0.0
  0
LINE
  5
95F
330
18
100
AcDbEntity
  8
SK1
100
AcDbLine
 10
-56.00000000000363
 20
11.5
 30
0.0
 11
-55.00000000000365
 21
12.5
 31
0.0
  0
LINE
  5
960
330
18
100
AcDbEntity
  8
SK1
100
AcDbLine
 10
-55.00000000000365
 20
-12.5
 30
0.0
 11
-3.000000000003636
 21
-12.5
 31
0.0
  0
LINE
  5
961
330
18
100
AcDbEntity
  8
SK1
100
AcDbLine
 10
-55.00000000000365
 20
12.5
 30
0.0
 11
-3.000000000003636
 21
12.5
 31
0.0
  0
LINE
  5
962
330
18
100
AcDbEntity
  8
SK1
100
AcDbLine
 10
-2.313133239749729
 20
-12.25
 30
0.0
 11
-3.000000000003636
 21
-12.5
 31
0.0
  0
LINE
  5
963
330
18
100
AcDbEntity
  8
SK1
100
AcDbLine
 10
-2.313133239749729
 20
12.25
 30
0.0
 11
-3.000000000003636
 21
12.5
 31
0.0
  0
LINE
  5
964
330
18
100
AcDbEntity
  8
1
100
AcDbLine
 10
51.6646232604944
 20
3.611181497573852
 30
0.0
 11
51.83733749389284
 21
3.541903018951416
 31
0.0
  0
LINE
  5
965
330
18
100
AcDbEntity
  8
1
100
AcDbLine
 10
19.99768829345339
 20
9.350000381469726
 30
0.0
 11
27.74345397948855
 21
9.350000381469726
 31
0.0
  0
LINE
  5
967
330
18
100
AcDbEntity
  8
1
100
AcDbLine
 10
19.99768829345339
 20
-9.350000381469726
 30
0.0
 11
27.74345397948855
 21
-9.350000381469726
 31
0.0
  0
LINE
  5
968
330
18
100
AcDbEntity
  8
SK1
100
AcDbLine
 10
-2.313133239749729
 20
-12.25
 30
0.0
 11
-0.1999969482458255
 21
-12.25
 31
0.0
  0
LINE
  5
969
330
18
100
AcDbEntity
  8
SK1
100
AcDbLine
 10
-2.313133239749729
 20
12.25
 30
0.0
 11
-0.1999969482458255
 21
12.25
 31
0.0
  0
LINE
  5
96A
330
18
100
AcDbEntity
  8
1
100
AcDbLine
 10
18.07871246337524
 20
9.73291015625
 30
0.0
 11
2.999999999996361
 21
16.0
 31
0.0
  0
ARC
  5
96B
330
18
100
AcDbEntity
  8
1
100
AcDbCircle
 10
19.99768829345339
 20
14.34999942779541
 30
0.0
 40
5.0
100
AcDbArc
 50
247.4310099868989
 51
269.9999974955215
  0
LINE
  5
96C
330
18
100
AcDbEntity
  8
1
100
AcDbLine
 10
18.07871246337524
 20
-9.73291015625
 30
0.0
 11
2.999999999996361
 21
-16.0
 31
0.0
  0
ARC
  5
96D
330
18
100
AcDbEntity
  8
1
100
AcDbCircle
 10
19.99768829345339
 20
-14.34999942779541
 30
0.0
 40
5.0
100
AcDbArc
 50
90.00000250447845
 51
112.5689900131011
  0
ARC
  5
96E
330
18
100
AcDbEntity
  8
SK1
100
AcDbCircle
 10
-0.2000045776403567
 20
-12.65001106262207
 30
0.0
 40
0.4000105559825898
100
AcDbArc
 50
60.0009513829379
 51
89.99953805160513
  0
ARC
  5
96F
330
18
100
AcDbEntity
  8
SK1
100
AcDbCircle
 10
-0.2000045776403567
 20
12.65001106262207
 30
0.0
 40
0.4000105559825898
100
AcDbArc
 50
270.0004619483948
 51
299.998591134606
  0
LINE
  5
971
330
18
100
AcDbEntity
  8
1
100
AcDbLine
 10
0.3000030517541745
 20
-16.0
 30
0.0
 11
2.999999999996361
 21
-16.0
 31
0.0
  0
LINE
  5
972
330
18
100
AcDbEntity
  8
1
100
AcDbLine
 10
-0.000000000003638
 20
15.69999980926513
 30
0.0
 11
0.3000030517541745
 21
16.0
 31
0.0
  0
LINE
  5
973
330
18
100
AcDbEntity
  8
1
100
AcDbLine
 10
-0.000000000003638
 20
-15.69999980926513
 30
0.0
 11
0.3000030517541745
 21
-16.0
 31
0.0
  0
LINE
  5
974
330
18
100
AcDbEntity
  8
1
100
AcDbLine
 10
55.84419250487917
 20
9.350000381469726
 30
0.0
 11
80.84848785400026
 21
9.350000381469726
 31
0.0
  0
LINE
  5
975
330
18
100
AcDbEntity
  8
1
100
AcDbLine
 10
81.01912641524904
 20
9.076061248779296
 30
0.0
 11
80.84848785400026
 21
9.349140167236328
 31
0.0
  0
LINE
  5
976
330
18
100
AcDbEntity
  8
1
100
AcDbLine
 10
55.84419250487917
 20
-9.350000381469726
 30
0.0
 11
80.84848785400026
 21
-9.350000381469726
 31
0.0
  0
LINE
  5
977
330
18
100
AcDbEntity
  8
1
100
AcDbLine
 10
81.49999999999636
 20
-8.306502342224121
 30
0.0
 11
80.84848785400026
 21
-9.349140167236328
 31
0.0
  0
LINE
  5
980
330
18
100
AcDbEntity
  8
INFTOTAL
100
AcDbLine
 10
-114.3636355106237
 20
63.94870825683728
 30
0.0
 11
5.173527668654683
 21
63.94870825683728
 31
0.0
  0
LINE
  5
981
330
18
100
AcDbEntity
  8
INFTOTAL
100
AcDbLine
 10
124.710690847933
 20
0.4872287976650115
 30
0.0
 11
124.710690847933
 21
-62.9742506615072
 31
0.0
  0
LINE
  5
982
330
18
100
AcDbEntity
  8
INFTOTAL
100
AcDbLine
 10
124.710690847933
 20
-62.9742506615072
 30
0.0
 11
5.173527668654683
 21
-62.9742506615072
 31
0.0
  0
LINE
  5
983
330
18
100
AcDbEntity
  8
INFTOTAL
100
AcDbLine
 10
-114.3636355106237
 20
0.4872287976650115
 30
0.0
 11
-114.3636355106237
 21
63.94870825683728
 31
0.0
  0
INSERT
  5
984
102
{ACAD_REACTORS
330
A7D
102
}
330
18
100
AcDbEntity
  8
SK2
100
AcDbBlockReference
  2
CERO_POINT
 10
-0.000000000003638
 20
0.0
 30
0.0
  0
INSERT
  5
985
330
18
100
AcDbEntity
  8
SK6
100
AcDbBlockReference
 66
     1
  2
ISCAR_LOGO
 10
1.086855300759451
 20
-36.51441713252484
 30
0.0
  0
ATTRIB
  5
986
330
985
100
AcDbEntity
  8
SK6
100
AcDbText
 10
-17.06908650630024
 20
-42.90210919960702
 30
0.0
 40
3.5
  1
DCN 190-057-25A-3D
 72
     1
 11
10.2250104719148
 21
-42.90210919960702
 31
0.0
100
AcDbAttribute
  2
MM
 70
     0
  0
ATTRIB
  5
987
330
985
100
AcDbEntity
  8
SK6
100
AcDbText
 10
10.2250104719148
 20
-48.93713277768831
 30
0.0
 40
3.5
  1

 72
     1
 11
10.2250104719148
 21
-48.93713277768831
 31
0.0
100
AcDbAttribute
  2
F7
 70
     0
  0
SEQEND
  5
988
330
985
100
AcDbEntity
  8
SK6
  0
DIMENSION
  5
A07
330
18
100
AcDbEntity
  8
SK2
100
AcDbDimension
  2
*D3
 10
-72.01028658989335
 20
-12.50000000000001
 30
0.0
 11
-74.49842784077176
 21
0.0000000000000189
 31
0.0
 70
    32
 71
     5
 42
25.00000000000001
  3
STANDARD
100
AcDbAlignedDimension
 13
-55.00000000000365
 23
12.5
 33
0.0
 14
-55.00000000000365
 24
-12.5
 34
0.0
 50
90.0
100
AcDbRotatedDimension
1001
ACAD
1000
DSTYLE
1002
{
1070
   271
1070
     0
1070
     3
1000
%%C<>
1002
}
  0
DIMENSION
  5
A1D
330
18
100
AcDbEntity
  8
SK2
100
AcDbDimension
  2
*D4
 10
-87.66014688482247
 20
-16.00000000000002
 30
0.0
 11
-90.14828813570089
 21
0.0000000000000119
 31
0.0
 70
    32
 71
     5
 42
32.00000000000001
  3
STANDARD
100
AcDbAlignedDimension
 13
0.3000030517541745
 23
16.0
 33
0.0
 14
0.3000030517541745
 24
-16.0
 34
0.0
 50
90.0
100
AcDbRotatedDimension
1001
ACAD
1000
DSTYLE
1002
{
1070
   271
1070
     0
1070
     3
1000
%%C<>
1002
}
  0
DIMENSION
  5
A50
330
18
100
AcDbEntity
  8
SK2
100
AcDbDimension
  2
*D5
 10
-0.0000000000036366
 20
34.38749512724058
 30
0.0
 11
-28.00000000000363
 21
36.82398493750059
 31
0.0
 70
    32
 71
     5
 42
55.99999999999999
  3
STANDARD
100
AcDbAlignedDimension
 13
-56.00000000000363
 23
11.5
 33
0.0
 14
-0.000000000003638
 24
11.5
 34
0.0
100
AcDbRotatedDimension
1001
ACAD
1000
DSTYLE
1002
{
1070
   271
1070
     0
1002
}
  0
DIMENSION
  5
A66
102
{ACAD_XDICTIONARY
360
A73
102
}
102
{ACAD_REACTORS
330
A7D
102
}
330
18
100
AcDbEntity
  8
2
100
AcDbDimension
  2
*D6
 10
87.09000000000015
 20
34.38749512724058
 30
0.0
 11
43.59000000000015
 21
36.82398493750059
 31
0.0
 70
    32
 71
     5
 42
87.0
  3
STANDARD
100
AcDbAlignedDimension
 13
0.0900000000001455
 23
0.0
 33
0.0
 14
87.09000000000015
 24
0.0
 34
0.0
100
AcDbRotatedDimension
1001
ACAD
1000
DSTYLE
1002
{
1070
   271
1070
     0
1002
}
  0
DIMENSION
  5
A90
330
18
100
AcDbEntity
  8
2
100
AcDbDimension
  2
*D7
 10
87.09000000000015
 20
21.85013989178657
 30
0.0
 11
56.83028556823556
 21
24.28662970204659
 31
0.0
 70
    32
 71
     5
 42
60.51942886352917
  3
STANDARD
100
AcDbAlignedDimension
 13
26.57057113647097
 23
9.350000381469726
 33
0.0
 14
87.09000000000015
 24
0.0
 34
0.0
100
AcDbRotatedDimension
1001
ACAD
1000
DSTYLE
1002
{
1070
   271
1070
     1
1002
}
  0
DIMENSION
  5
AFC
330
18
100
AcDbEntity
  8
2
100
AcDbDimension
  2
*D8
 10
102.052668052053
 20
-9.649999618530387
 30
0.0
 11
102.052668052053
 21
-1.399999618530394
 31
0.0
 70
   160
  1
%%c19.00
 71
     5
 42
19.0
  3
DIAMETER
100
AcDbAlignedDimension
 13
82.17526497796681
 23
9.350000381469612
 33
0.0
 14
82.17526497796681
 24
-9.649999618530387
 34
0.0
 50
90.0
100
AcDbRotatedDimension
1001
ACAD
1000
DSTYLE
1002
{
1070
     3
1000
<>
1002
}
  0
LINE
  5
BB0
330
18
100
AcDbEntity
  8
SK4
100
AcDbLine
 10
-0.000000000003638
 20
0.0
 30
0.0
 11
-60.35723655761922
 21
0.0
 31
0.0
  0
LINE
  5
C4A
330
18
100
AcDbEntity
  8
1
100
AcDbLine
 10
0.3000030517541727
 20
16.0
 30
0.0
 11
2.999999999996358
 21
16.0
 31
0.0
  0
INSERT
  5
D8C
330
18
100
AcDbEntity
  8
CUT
100
AcDbBlockReference
  2
CUT
 10
0.0
 20
0.0
 30
0.0
  0
INSERT
  5
E1D
330
18
100
AcDbEntity
  8
NOCUT
100
AcDbBlockReference
  2
NOCUT
 10
0.0
 20
0.0
 30
0.0
  0
INSERT
  5
E3C
330
18
100
AcDbEntity
  8
SK3
100
AcDbBlockReference
  2
CIRCLE_H_ALL
 10
0.0
 20
0.0
 30
0.0
  0
INSERT
  5
E3D
330
18
100
AcDbEntity
  8
SK3
100
AcDbBlockReference
  2
CIRCLE_L_ALL
 10
0.0
 20
0.0
 30
0.0
  0
INSERT
  5
E3E
330
18
100
AcDbEntity
  8
SK3
100
AcDbBlockReference
  2
CIRCLE_H_ORIGIN
 10
0.0
 20
0.0
 30
0.0
  0
INSERT
  5
E3F
330
18
100
AcDbEntity
  8
SK3
100
AcDbBlockReference
  2
CIRCLE_L_ORIGIN
 10
0.0
 20
0.0
 30
0.0
  0
INSERT
  5
E40
330
18
100
AcDbEntity
  8
SK3
100
AcDbBlockReference
  2
CIRCLE_FAR_ALL
 10
0.0
 20
0.0
 30
0.0
  0
INSERT
  5
E41
330
18
100
AcDbEntity
  8
SK3
100
AcDbBlockReference
  2
CIRCLE_FAR_ORIGIN
 10
0.0
 20
0.0
 30
0.0
  0
ENDSEC
  0
SECTION
  2
OBJECTS
  0
DICTIONARY
  5
C
330
0
100
AcDbDictionary
281
     1
  3
ACAD_CIP_PREVIOUS_PRODUCT_INFO
350
D03
  3
ACAD_COLOR
350
387
  3
ACAD_DETAILVIEWSTYLE
350
CFF
  3
ACAD_GROUP
350
D
  3
ACAD_LAYOUT
350
301
  3
ACAD_MATERIAL
350
386
  3
ACAD_MLEADERSTYLE
350
43C
  3
ACAD_MLINESTYLE
350
E
  3
ACAD_PLOTSETTINGS
350
302
  3
ACAD_PLOTSTYLENAME
350
2FF
  3
ACAD_RENDER_ACTIVE_RAPIDRT_SETTINGS
350
D78
  3
ACAD_RENDER_ACTIVE_SETTINGS
350
E83
  3
ACAD_SCALELIST
350
41A
  3
ACAD_SECTIONVIEWSTYLE
350
CFD
  3
ACAD_TABLESTYLE
350
388
  3
ACAD_VISUALSTYLE
350
3F2
  3
ACDB_RECOMPOSE_DATA
350
E44
  3
AcDbVariableDictionary
350
357
  3
AEC_PROPERTY_SET_DEFS
350
5CF
  3
ASE_INDEX_DICTIONARY
350
69C
  3
DWGPROPS
350
E45
  0
DICTIONARY
  5
451
330
2
100
AcDbDictionary
280
     1
281
     1
  3
ACAD_LAYERFILTERS
360
6C6
  3
ACAD_LAYERSTATES
360
791
  3
ACLYDICTIONARY
360
6C5
  0
DICTIONARY
  5
C4B
330
F
100
AcDbDictionary
280
     1
281
     1
  3
ADSK_XREC_LAYER_RECONCILED
360
C4C
  0
DICTIONARY
  5
C4D
330
23
100
AcDbDictionary
280
     1
281
     1
  3
ADSK_XREC_LAYER_RECONCILED
360
C4E
  0
DICTIONARY
  5
C4F
330
24
100
AcDbDictionary
280
     1
281
     1
  3
ADSK_XREC_LAYER_RECONCILED
360
C50
  0
DICTIONARY
  5
C51
330
25
100
AcDbDictionary
280
     1
281
     1
  3
ADSK_XREC_LAYER_RECONCILED
360
C52
  0
DICTIONARY
  5
C53
330
27
100
AcDbDictionary
280
     1
281
     1
  3
ADSK_XREC_LAYER_RECONCILED
360
C54
  0
DICTIONARY
  5
C55
330
2A
100
AcDbDictionary
280
     1
281
     1
  3
ADSK_XREC_LAYER_RECONCILED
360
C56
  0
DICTIONARY
  5
C57
330
2B
100
AcDbDictionary
280
     1
281
     1
  3
ADSK_XREC_LAYER_RECONCILED
360
C58
  0
DICTIONARY
  5
C59
330
2E
100
AcDbDictionary
280
     1
281
     1
  3
ADSK_XREC_LAYER_RECONCILED
360
C5A
  0
DICTIONARY
  5
C5B
330
375
100
AcDbDictionary
280
     1
281
     1
  3
ADSK_XREC_LAYER_RECONCILED
360
C5C
  0
DICTIONARY
  5
C5D
330
376
100
AcDbDictionary
280
     1
281
     1
  3
ADSK_XREC_LAYER_RECONCILED
360
C5E
  0
DICTIONARY
  5
C5F
330
49B
100
AcDbDictionary
280
     1
281
     1
  3
ADSK_XREC_LAYER_RECONCILED
360
C60
  0
DICTIONARY
  5
BD8
330
18
100
AcDbDictionary
280
     1
281
     1
  3
ACAD_SORTENTS
360
BD9
  0
DICTIONARY
  5
6D1
330
6D0
100
AcDbDictionary
280
     1
281
     1
  3
ACAD_SORTENTS
360
6D2
  0
DICTIONARY
  5
D92
330
D88
100
AcDbDictionary
280
     1
281
     1
  3
ACAD_SORTENTS
360
DA5
  0
DICTIONARY
  5
A73
330
A66
100
AcDbDictionary
280
     1
281
     1
  3
ACAD_DIMASSOC
360
A7D
  0
XRECORD
  5
D03
102
{ACAD_REACTORS
330
C
102
}
330
C
100
AcDbXrecord
280
     1
300
ACD
300
2019
300
87084ACD_2019_0F
  0
DICTIONARY
  5
387
102
{ACAD_REACTORS
330
C
102
}
330
C
100
AcDbDictionary
281
     1
  0
DICTIONARY
  5
CFF
102
{ACAD_REACTORS
330
C
102
}
330
C
100
AcDbDictionary
281
     1
  3
Metric50
350
D00
  0
DICTIONARY
  5
D
102
{ACAD_REACTORS
330
C
102
}
330
C
100
AcDbDictionary
281
     1
  0
DICTIONARY
  5
301
102
{ACAD_REACTORS
330
C
102
}
330
C
100
AcDbDictionary
281
     1
  3
Layout1
350
33B
  3
Model
350
303
  0
DICTIONARY
  5
386
102
{ACAD_REACTORS
330
C
102
}
330
C
100
AcDbDictionary
281
     1
  3
ByBlock
350
3F0
  3
ByLayer
350
3EF
  3
Global
350
3F1
  0
DICTIONARY
  5
43C
102
{ACAD_REACTORS
330
C
102
}
330
C
100
AcDbDictionary
281
     1
  3
Standard
350
43D
  0
DICTIONARY
  5
E
102
{ACAD_REACTORS
330
C
102
}
330
C
100
AcDbDictionary
281
     1
  3
STANDARD
350
1B
  0
DICTIONARY
  5
302
102
{ACAD_REACTORS
330
C
102
}
330
C
100
AcDbDictionary
281
     1
  0
ACDBDICTIONARYWDFLT
  5
2FF
102
{ACAD_REACTORS
330
C
102
}
330
C
100
AcDbDictionary
281
     1
  3
Normal
350
300
100
AcDbDictionaryWithDefault
340
300
  0
RAPIDRTRENDERSETTINGS
  5
D78
102
{ACAD_REACTORS
330
C
102
}
330
C
100
AcDbRenderSettings
 90
        2
  1
Medium
290
     1
290
     0
290
     1
290
     1
  1

  1
Applies 5 rendering levels
 90
        0
100
AcDbRapidRTRenderSettings
 90
        3
 70
     0
 90
        5
 90
        1
 70
     1
 70
     2
 40
3.0
 40
3.0
290
     1
  0
MENTALRAYRENDERSETTINGS
  5
E83
102
{ACAD_XDICTIONARY
360
E84
102
}
102
{ACAD_REACTORS
330
C
102
}
330
C
100
AcDbRenderSettings
 90
        2
  1
Medium
290
     1
290
     1
290
     1
290
     1
  1

  1

 90
        0
100
AcDbMentalRayRenderSettings
 90
        2
 90
        0
 90
        1
 70
     2
 40
3.0
 40
3.0
 40
0.0500000007450581
 40
0.0500000007450581
 40
0.0500000007450581
 40
0.0500000007450581
 70
     0
290
     0
290
     1
 90
        5
 90
        5
 90
        5
290
     0
 90
      500
290
     0
 40
1.0
 90
    10000
 90
        5
 90
        5
 90
        5
290
     0
 90
      200
290
     0
290
     0
290
     0
 40
1.0
 40
1.0
 40
1500.0
 70
     0
 70
     0
 40
10.0
 70
     0
 70
     0
290
     0
  1

 90
       32
 70
     0
 90
     1048
290
     0
 40
1.0
  0
DICTIONARY
  5
41A
102
{ACAD_REACTORS
330
C
102
}
330
C
100
AcDbDictionary
281
     1
  3
A0
350
41B
  3
A1
350
41C
  3
A2
350
41D
  3
A3
350
41E
  3
A4
350
41F
  3
A5
350
420
  3
A6
350
421
  3
A7
350
422
  3
A8
350
423
  3
A9
350
424
  3
B0
350
425
  3
B1
350
426
  3
B2
350
427
  3
B3
350
428
  3
B4
350
429
  3
B5
350
42A
  3
B6
350
42B
  3
B7
350
42C
  3
B8
350
42D
  3
B9
350
42E
  3
C0
350
42F
  3
C1
350
430
  3
C2
350
431
  3
C3
350
432
  3
C4
350
433
  3
C5
350
434
  3
C6
350
435
  3
C7
350
436
  3
C8
350
437
  3
C9
350
438
  3
D0
350
439
  3
D1
350
43A
  3
D2
350
43B
  0
DICTIONARY
  5
CFD
102
{ACAD_REACTORS
330
C
102
}
330
C
100
AcDbDictionary
281
     1
  3
Metric50
350
CFE
  0
DICTIONARY
  5
388
102
{ACAD_REACTORS
330
C
102
}
330
C
100
AcDbDictionary
281
     1
  3
Standard
350
389
  0
DICTIONARY
  5
3F2
102
{ACAD_REACTORS
330
C
102
}
330
C
100
AcDbDictionary
281
     1
  3
2dWireframe
350
3F8
  3
3D Hidden
350
3FA
  3
3dWireframe
350
3F9
  3
Basic
350
3F7
  3
Brighten
350
3FE
  3
ColorChange
350
402
  3
Conceptual
350
3FB
  3
Dim
350
3FD
  3
EdgeColorOff
350
CFC
  3
Facepattern
350
401
  3
Flat
350
3F3
  3
FlatWithEdges
350
3F4
  3
Gouraud
350
3F5
  3
GouraudWithEdges
350
3F6
  3
Hidden
350
CF4
  3
JitterOff
350
CFA
  3
Linepattern
350
400
  3
OverhangOff
350
CFB
  3
Realistic
350
3FC
  3
Shaded
350
CF9
  3
Shaded with edges
350
CF8
  3
Shades of Gray
350
CF5
  3
Sketchy
350
CF6
  3
Thicken
350
3FF
  3
Wireframe
350
CF3
  3
X-Ray
350
CF7
  0
XRECORD
  5
E44
102
{ACAD_REACTORS
330
C
102
}
330
C
100
AcDbXrecord
280
     1
 90
        1
330
389
  0
DICTIONARY
  5
357
102
{ACAD_REACTORS
330
C
102
}
330
C
100
AcDbDictionary
281
     1
  3
CANNOSCALE
350
449
  3
CMLEADERSTYLE
350
447
  3
CTABLESTYLE
350
38E
  3
CVIEWDETAILSTYLE
350
D28
  3
CVIEWSECTIONSTYLE
350
D29
  3
DIMASSOC
350
359
  3
HIDETEXT
350
358
  3
INDEXCTL
350
CE2
  3
LAYEREVAL
350
C62
  3
LAYERNOTIFY
350
C63
  3
LIGHTINGUNITS
350
44A
  3
MSLTSCALE
350
448
  3
SORTENTS
350
CE1
  3
XCLIPFRAME
350
E42
  0
DICTIONARY
  5
5CF
102
{ACAD_REACTORS
330
C
102
}
330
C
100
AcDbDictionary
281
     1
  0
DICTIONARY
  5
69C
102
{ACAD_REACTORS
330
C
102
}
330
C
100
AcDbDictionary
281
     1
  3
ASEBlockHierarchyIndexRecord
350
69D
1001
DCO15
1040
1680501600.633
  0
XRECORD
  5
E45
102
{ACAD_REACTORS
330
C
102
}
330
C
100
AcDbXrecord
280
     1
  1
DWGPROPS COOKIE
  2

  3

  4

  6

  7

  8
EvaU
  9

300
=
301
=
302
=
303
=
304
=
305
=
306
=
307
=
308
=
309
=
 40
0.0319449768518519
 41
2455890.482962963
 42
2458546.608472222
  1

 90
        0
  0
DICTIONARY
  5
6C6
102
{ACAD_REACTORS
330
451
102
}
330
451
100
AcDbDictionary
281
     1
  0
DICTIONARY
  5
791
102
{ACAD_REACTORS
330
451
102
}
330
451
100
AcDbDictionary
281
     1
  0
DICTIONARY
  5
6C5
102
{ACAD_REACTORS
330
451
102
}
330
451
100
AcDbDictionary
281
     1
1001
ACAD
1000
<All
  0
XRECORD
  5
C4C
102
{ACAD_REACTORS
330
C4B
102
}
330
C4B
100
AcDbXrecord
280
     1
290
     1
  0
XRECORD
  5
C4E
102
{ACAD_REACTORS
330
C4D
102
}
330
C4D
100
AcDbXrecord
280
     1
290
     1
  0
XRECORD
  5
C50
102
{ACAD_REACTORS
330
C4F
102
}
330
C4F
100
AcDbXrecord
280
     1
290
     1
  0
XRECORD
  5
C52
102
{ACAD_REACTORS
330
C51
102
}
330
C51
100
AcDbXrecord
280
     1
290
     1
  0
XRECORD
  5
C54
102
{ACAD_REACTORS
330
C53
102
}
330
C53
100
AcDbXrecord
280
     1
290
     1
  0
XRECORD
  5
C56
102
{ACAD_REACTORS
330
C55
102
}
330
C55
100
AcDbXrecord
280
     1
290
     1
  0
XRECORD
  5
C58
102
{ACAD_REACTORS
330
C57
102
}
330
C57
100
AcDbXrecord
280
     1
290
     1
  0
XRECORD
  5
C5A
102
{ACAD_REACTORS
330
C59
102
}
330
C59
100
AcDbXrecord
280
     1
290
     1
  0
XRECORD
  5
C5C
102
{ACAD_REACTORS
330
C5B
102
}
330
C5B
100
AcDbXrecord
280
     1
290
     1
  0
XRECORD
  5
C5E
102
{ACAD_REACTORS
330
C5D
102
}
330
C5D
100
AcDbXrecord
280
     1
290
     1
  0
XRECORD
  5
C60
102
{ACAD_REACTORS
330
C5F
102
}
330
C5F
100
AcDbXrecord
280
     1
290
     1
  0
SORTENTSTABLE
  5
BD9
102
{ACAD_REACTORS
330
BD8
102
}
330
BD8
100
AcDbSortentsTable
330
18
331
980
  5
A1D
331
981
  5
A50
331
982
  5
A66
331
983
  5
A90
331
984
  5
AFC
331
985
  5
BB0
331
A07
  5
BEB
331
A1D
  5
C21
331
A50
  5
C22
331
A66
  5
C23
331
A90
  5
C24
331
AFC
  5
C25
331
BB0
  5
C26
  0
SORTENTSTABLE
  5
6D2
102
{ACAD_REACTORS
330
6D1
102
}
330
6D1
100
AcDbSortentsTable
330
6D0
  0
SORTENTSTABLE
  5
DA5
102
{ACAD_REACTORS
330
D92
102
}
330
D92
100
AcDbSortentsTable
330
D88
  0
DIMASSOC
  5
A7D
102
{ACAD_REACTORS
330
A73
102
}
330
A73
100
AcDbDimAssoc
330
A66
 90
        1
 70
     0
 71
     0
  1
AcDbOsnapPointRef
 72
    13
331
984
331
522
 73
     2
 91
        0
 40
0.0
 10
0.0
 20
0.0
 30
2.000000000000000E+50
 75
     0
  0
ACDBDETAILVIEWSTYLE
  5
D00
102
{ACAD_XDICTIONARY
360
E81
102
}
102
{ACAD_REACTORS
330
CFF
102
}
330
CFF
100
AcDbModelDocViewStyle
 70
     0
  3
Metric50
290
     0
100
AcDbDetailViewStyle
 70
     0
 71
     0
 90
        3
 71
     1
340
10
 40
5.0
340
0
 40
5.0
300

 40
0.0
280
     1
 71
     2
340
14
 90
       25
 71
     3
340
10
 40
5.0
 90
        0
 40
15.0
 90
        1
300
%<\AcVar ViewDetailId>% (%<\AcVar ViewScale \f "%sn">%)
 71
     4
340
14
 90
       25
340
14
 90
       25
280
     0
  0
LAYOUT
  5
33B
102
{ACAD_XDICTIONARY
360
E48
102
}
102
{ACAD_REACTORS
330
301
102
}
330
301
100
AcDbPlotSettings
  1

  2
Lexmark Optra PS2
  4

  6

 40
0.0
 41
0.0
 42
0.0
 43
0.0
 44
0.0
 45
0.0
 46
0.0
 47
0.0
 48
0.0
 49
0.0
140
0.0
141
0.0
142
1.0
143
1.0
 70
   688
 72
     0
 73
     0
 74
     5
  7
monochrome.ctb
 75
    16
147
1.0
148
0.0
149
0.0
100
AcDbLayout
  1
Layout1
 70
     1
 71
     1
 10
0.0
 20
0.0
 11
12.0
 21
9.0
 12
0.0
 22
0.0
 32
0.0
 14
0.0
 24
0.0
 34
0.0
 15
0.0
 25
0.0
 35
0.0
146
0.0
 13
0.0
 23
0.0
 33
0.0
 16
1.0
 26
0.0
 36
0.0
 17
0.0
 27
1.0
 37
0.0
 76
     0
330
338
  0
LAYOUT
  5
303
102
{ACAD_XDICTIONARY
360
E46
102
}
102
{ACAD_REACTORS
330
301
102
}
330
301
100
AcDbPlotSettings
  1

  2
Default Windows System Printer.pc3
  4
A4
  6

 40
6.805083274841307
 41
5.535083293914794
 42
6.974411010742187
 43
7.14373779296875
 44
209.9733276367186
 45
296.9259948730469
 46
67.83299579489725
 47
0.0
 48
0.0
 49
0.0
140
0.0
141
0.0
142
1.0
143
0.3604333568168785
 70
  3764
 72
     1
 73
     1
 74
     1
  7
monochrome.ctb
 75
     0
147
2.774437995504559
148
-82.35087775247029
149
-53.69369632994493
100
AcDbLayout
  1
Model
 70
     1
 71
     0
 10
0.0
 20
0.0
 11
12.0
 21
9.0
 12
0.0
 22
0.0
 32
0.0
 14
0.0
 24
0.0
 34
0.0
 15
0.0
 25
0.0
 35
0.0
146
0.0
 13
0.0
 23
0.0
 33
0.0
 16
1.0
 26
0.0
 36
0.0
 17
0.0
 27
1.0
 37
0.0
 76
     0
330
18
331
3ED
1001
ACAD_PSEXT
1000
Default Windows System Printer.pc3
1000
Lexmark Optra Rx
1000
Lexmark Rx
1000
Erstellt von Lexmark Benutzerdefinierte Installation,Nov 13,2005,10:03
1070
     0
  0
MATERIAL
  5
3F0
102
{ACAD_XDICTIONARY
360
CEC
102
}
102
{ACAD_REACTORS
330
386
102
}
330
386
100
AcDbMaterial
  1
ByBlock
 73
     1
 78
     1
172
     1
176
     1
270
     1
274
     1
  0
MATERIAL
  5
3EF
102
{ACAD_XDICTIONARY
360
CEA
102
}
102
{ACAD_REACTORS
330
386
102
}
330
386
100
AcDbMaterial
  1
ByLayer
 73
     1
 78
     1
172
     1
176
     1
270
     1
274
     1
  0
MATERIAL
  5
3F1
102
{ACAD_XDICTIONARY
360
CEE
102
}
102
{ACAD_REACTORS
330
386
102
}
330
386
100
AcDbMaterial
  1
Global
 73
     1
 78
     1
172
     1
176
     1
270
     1
274
     1
  0
MLEADERSTYLE
  5
43D
102
{ACAD_REACTORS
330
43C
102
}
330
43C
100
AcDbMLeaderStyle
170
     2
171
     1
172
     0
 90
        2
 40
0.0
 41
0.0
173
     1
 91
-1056964608
340
12
 92
       -2
290
     1
 42
2.0
291
     1
 43
0.36
  3
Standard
 44
4.0
300

342
10
174
     1
178
     6
175
     1
176
     0
 93
-1056964608
 45
4.0
292
     0
297
     0
 46
4.0
 94
-1056964608
 47
1.0
 49
1.0
140
1.0
293
     1
141
0.0
294
     1
177
     0
142
1.0
295
     0
296
     0
143
0.125
1001
ACAD_MLEADERVER
1070
     2
  0
MLINESTYLE
  5
1B
102
{ACAD_REACTORS
330
E
102
}
330
E
100
AcDbMlineStyle
  2
STANDARD
 70
     0
  3

 62
     0
 51
90.0
 52
90.0
 71
     2
 49
0.5
 62
   256
  6
BYLAYER
 49
-0.5
 62
   256
  6
BYLAYER
  0
ACDBPLACEHOLDER
  5
300
102
{ACAD_REACTORS
330
2FF
102
}
330
2FF
  0
DICTIONARY
  5
E84
330
E83
100
AcDbDictionary
280
     1
281
     1
  3
ADSK_XREC_MENTALRAYSETTINGSINFO
360
E85
  0
SCALE
  5
41B
102
{ACAD_REACTORS
330
41A
102
}
330
41A
100
AcDbScale
 70
     0
300
1:1
140
1.0
141
1.0
290
     1
  0
SCALE
  5
41C
102
{ACAD_REACTORS
330
41A
102
}
330
41A
100
AcDbScale
 70
     0
300
1:2
140
1.0
141
2.0
290
     0
  0
SCALE
  5
41D
102
{ACAD_REACTORS
330
41A
102
}
330
41A
100
AcDbScale
 70
     0
300
1:4
140
1.0
141
4.0
290
     0
  0
SCALE
  5
41E
102
{ACAD_REACTORS
330
41A
102
}
330
41A
100
AcDbScale
 70
     0
300
1:5
140
1.0
141
5.0
290
     0
  0
SCALE
  5
41F
102
{ACAD_REACTORS
330
41A
102
}
330
41A
100
AcDbScale
 70
     0
300
1:8
140
1.0
141
8.0
290
     0
  0
SCALE
  5
420
102
{ACAD_REACTORS
330
41A
102
}
330
41A
100
AcDbScale
 70
     0
300
1:10
140
1.0
141
10.0
290
     0
  0
SCALE
  5
421
102
{ACAD_REACTORS
330
41A
102
}
330
41A
100
AcDbScale
 70
     0
300
1:16
140
1.0
141
16.0
290
     0
  0
SCALE
  5
422
102
{ACAD_REACTORS
330
41A
102
}
330
41A
100
AcDbScale
 70
     0
300
1:20
140
1.0
141
20.0
290
     0
  0
SCALE
  5
423
102
{ACAD_REACTORS
330
41A
102
}
330
41A
100
AcDbScale
 70
     0
300
1:30
140
1.0
141
30.0
290
     0
  0
SCALE
  5
424
102
{ACAD_REACTORS
330
41A
102
}
330
41A
100
AcDbScale
 70
     0
300
1:40
140
1.0
141
40.0
290
     0
  0
SCALE
  5
425
102
{ACAD_REACTORS
330
41A
102
}
330
41A
100
AcDbScale
 70
     0
300
1:50
140
1.0
141
50.0
290
     0
  0
SCALE
  5
426
102
{ACAD_REACTORS
330
41A
102
}
330
41A
100
AcDbScale
 70
     0
300
1:100
140
1.0
141
100.0
290
     0
  0
SCALE
  5
427
102
{ACAD_REACTORS
330
41A
102
}
330
41A
100
AcDbScale
 70
     0
300
2:1
140
2.0
141
1.0
290
     0
  0
SCALE
  5
428
102
{ACAD_REACTORS
330
41A
102
}
330
41A
100
AcDbScale
 70
     0
300
4:1
140
4.0
141
1.0
290
     0
  0
SCALE
  5
429
102
{ACAD_REACTORS
330
41A
102
}
330
41A
100
AcDbScale
 70
     0
300
8:1
140
8.0
141
1.0
290
     0
  0
SCALE
  5
42A
102
{ACAD_REACTORS
330
41A
102
}
330
41A
100
AcDbScale
 70
     0
300
10:1
140
10.0
141
1.0
290
     0
  0
SCALE
  5
42B
102
{ACAD_REACTORS
330
41A
102
}
330
41A
100
AcDbScale
 70
     0
300
100:1
140
100.0
141
1.0
290
     0
  0
SCALE
  5
42C
102
{ACAD_REACTORS
330
41A
102
}
330
41A
100
AcDbScale
 70
     0
300
1/128" = 1'-0"
140
0.0078125
141
12.0
290
     0
  0
SCALE
  5
42D
102
{ACAD_REACTORS
330
41A
102
}
330
41A
100
AcDbScale
 70
     0
300
1/64" = 1'-0"
140
0.015625
141
12.0
290
     0
  0
SCALE
  5
42E
102
{ACAD_REACTORS
330
41A
102
}
330
41A
100
AcDbScale
 70
     0
300
1/32" = 1'-0"
140
0.03125
141
12.0
290
     0
  0
SCALE
  5
42F
102
{ACAD_REACTORS
330
41A
102
}
330
41A
100
AcDbScale
 70
     0
300
1/16" = 1'-0"
140
0.0625
141
12.0
290
     0
  0
SCALE
  5
430
102
{ACAD_REACTORS
330
41A
102
}
330
41A
100
AcDbScale
 70
     0
300
3/32" = 1'-0"
140
0.09375
141
12.0
290
     0
  0
SCALE
  5
431
102
{ACAD_REACTORS
330
41A
102
}
330
41A
100
AcDbScale
 70
     0
300
1/8" = 1'-0"
140
0.125
141
12.0
290
     0
  0
SCALE
  5
432
102
{ACAD_REACTORS
330
41A
102
}
330
41A
100
AcDbScale
 70
     0
300
3/16" = 1'-0"
140
0.1875
141
12.0
290
     0
  0
SCALE
  5
433
102
{ACAD_REACTORS
330
41A
102
}
330
41A
100
AcDbScale
 70
     0
300
1/4" = 1'-0"
140
0.25
141
12.0
290
     0
  0
SCALE
  5
434
102
{ACAD_REACTORS
330
41A
102
}
330
41A
100
AcDbScale
 70
     0
300
3/8" = 1'-0"
140
0.375
141
12.0
290
     0
  0
SCALE
  5
435
102
{ACAD_REACTORS
330
41A
102
}
330
41A
100
AcDbScale
 70
     0
300
1/2" = 1'-0"
140
0.5
141
12.0
290
     0
  0
SCALE
  5
436
102
{ACAD_REACTORS
330
41A
102
}
330
41A
100
AcDbScale
 70
     0
300
3/4" = 1'-0"
140
0.75
141
12.0
290
     0
  0
SCALE
  5
437
102
{ACAD_REACTORS
330
41A
102
}
330
41A
100
AcDbScale
 70
     0
300
1" = 1'-0"
140
1.0
141
12.0
290
     0
  0
SCALE
  5
438
102
{ACAD_REACTORS
330
41A
102
}
330
41A
100
AcDbScale
 70
     0
300
1-1/2" = 1'-0"
140
1.5
141
12.0
290
     0
  0
SCALE
  5
439
102
{ACAD_REACTORS
330
41A
102
}
330
41A
100
AcDbScale
 70
     0
300
3" = 1'-0"
140
3.0
141
12.0
290
     0
  0
SCALE
  5
43A
102
{ACAD_REACTORS
330
41A
102
}
330
41A
100
AcDbScale
 70
     0
300
6" = 1'-0"
140
6.0
141
12.0
290
     0
  0
SCALE
  5
43B
102
{ACAD_REACTORS
330
41A
102
}
330
41A
100
AcDbScale
 70
     0
300
1'-0" = 1'-0"
140
12.0
141
12.0
290
     0
  0
ACDBSECTIONVIEWSTYLE
  5
CFE
102
{ACAD_XDICTIONARY
360
E7F
102
}
102
{ACAD_REACTORS
330
CFD
102
}
330
CFD
100
AcDbModelDocViewStyle
 70
     0
  3
Metric50
290
     0
100
AcDbSectionViewStyle
 70
     0
 71
     0
 90
      102
 71
     1
340
10
 40
5.0
340
0
340
0
 40
5.0
300
I, O, Q, S, X, Z
 40
10.0
 90
        0
 40
2.5
 90
        0
 71
     2
340
14
 90
       25
340
14
 90
       50
 40
5.0
 40
2.5
 40
5.0
 71
     3
340
10
 40
5.0
 90
        0
 40
15.0
 90
        1
300
%<\AcVar ViewSectionStartId>%-%<\AcVar ViewSectionEndId>% (%<\AcVar ViewScale \f "%sn">%)
 71
     4
300
ANSI31
 40
1.0
 90
        0
290
     0
290
     0
 90
        6
 40
0.0
 40
1.570796326794896
 40
0.2617993877991494
 40
1.308996938995747
 40
-0.2617993877991494
 40
1.832595714594045
  0
TABLESTYLE
  5
389
102
{ACAD_XDICTIONARY
360
444
102
}
102
{ACAD_REACTORS
330
388
102
}
330
388
100
AcDbTableStyle
  3
Standard
 70
     0
 71
     0
 40
1.5
 41
1.5
280
     0
281
     0
  7
STANDARD
140
4.5
170
     2
 62
     0
 63
     7
283
     0
274
    -2
284
     1
 64
     0
275
    -2
285
     1
 65
     0
276
    -2
286
     1
 66
     0
277
    -2
287
     1
 67
     0
278
    -2
288
     1
 68
     0
279
    -2
289
     1
 69
     0
  7
STANDARD
140
6.0
170
     5
 62
     0
 63
     7
283
     0
274
    -2
284
     1
 64
     0
275
    -2
285
     1
 65
     0
276
    -2
286
     1
 66
     0
277
    -2
287
     1
 67
     0
278
    -2
288
     1
 68
     0
279
    -2
289
     1
 69
     0
  7
STANDARD
140
4.5
170
     5
 62
     0
 63
     7
283
     0
274
    -2
284
     1
 64
     0
275
    -2
285
     1
 65
     0
276
    -2
286
     1
 66
     0
277
    -2
287
     1
 67
     0
278
    -2
288
     1
 68
     0
279
    -2
289
     1
 69
     0
  0
VISUALSTYLE
  5
3F8
102
{ACAD_XDICTIONARY
360
E55
102
}
102
{ACAD_REACTORS
330
3F2
102
}
330
3F2
100
AcDbVisualStyle
  2

 70
     4
 71
     0
 72
     2
 73
     0
 90
        0
 40
-0.6
 41
-30.0
 62
     5
 63
     7
 74
     1
 91
        4
 64
     7
 65
   257
 75
     1
175
     1
 42
1.0
 92
        0
 66
   257
 43
1.0
 76
     1
 77
     6
 78
     2
 67
     7
 79
     5
170
     0
171
     0
290
     0
174
     0
 93
        1
 44
0.0
173
     0
291
     0
 45
0.0
1001
ACAD
1000
AcDbSavedByObjectVersion
1070
     0
  0
VISUALSTYLE
  5
3FA
102
{ACAD_XDICTIONARY
360
E59
102
}
102
{ACAD_REACTORS
330
3F2
102
}
330
3F2
100
AcDbVisualStyle
  2

 70
     6
 71
     1
 72
     2
 73
     2
 90
        0
 40
-0.6
 41
-30.0
 62
     5
 63
     7
 74
     2
 91
        2
 64
     7
 65
   257
 75
     2
175
     1
 42
40.0
 92
        0
 66
   257
 43
1.0
 76
     1
 77
     6
 78
     2
 67
     7
 79
     3
170
     0
171
     0
290
     0
174
     0
 93
        1
 44
0.0
173
     0
291
     0
 45
0.0
1001
ACAD
1000
AcDbSavedByObjectVersion
1070
     0
  0
VISUALSTYLE
  5
3F9
102
{ACAD_XDICTIONARY
360
E57
102
}
102
{ACAD_REACTORS
330
3F2
102
}
330
3F2
100
AcDbVisualStyle
  2

 70
     5
 71
     0
 72
     2
 73
     0
 90
        0
 40
-0.6
 41
-30.0
 62
     5
 63
     7
 74
     1
 91
        4
 64
     7
 65
   257
 75
     1
175
     1
 42
1.0
 92
        0
 66
   257
 43
1.0
 76
     1
 77
     6
 78
     2
 67
     7
 79
     5
170
     0
171
     0
290
     0
174
     0
 93
        1
 44
0.0
173
     0
291
     0
 45
0.0
1001
ACAD
1000
AcDbSavedByObjectVersion
1070
     0
  0
VISUALSTYLE
  5
3F7
102
{ACAD_XDICTIONARY
360
E53
102
}
102
{ACAD_REACTORS
330
3F2
102
}
330
3F2
100
AcDbVisualStyle
  2

 70
     7
 71
     1
 72
     0
 73
     1
 90
        0
 40
-0.6
 41
-30.0
 62
     5
 63
     7
 74
     0
 91
        4
 64
     7
 65
   257
 75
     1
175
     1
 42
1.0
 92
        8
 66
     7
 43
1.0
 76
     1
 77
     6
 78
     2
 67
     7
 79
     5
170
     0
171
     0
290
     0
174
     0
 93
        1
 44
0.0
173
     0
291
     1
 45
0.0
1001
ACAD
1000
AcDbSavedByObjectVersion
1070
     0
  0
VISUALSTYLE
  5
3FE
102
{ACAD_XDICTIONARY
360
E61
102
}
102
{ACAD_REACTORS
330
3F2
102
}
330
3F2
100
AcDbVisualStyle
  2

 70
    12
 71
     2
 72
     2
 73
     0
 90
        0
 40
-0.6
 41
-30.0
 62
     5
 63
     7
 74
     1
 91
        4
 64
     7
 65
   257
 75
     1
175
     1
 42
1.0
 92
        8
 66
     7
 43
1.0
 76
     1
 77
     6
 78
     2
 67
     7
 79
     5
170
     0
171
     0
290
     0
174
     0
 93
        1
 44
50.0
173
     0
291
     1
 45
0.0
1001
ACAD
1000
AcDbSavedByObjectVersion
1070
     0
  0
VISUALSTYLE
  5
402
102
{ACAD_XDICTIONARY
360
E69
102
}
102
{ACAD_REACTORS
330
3F2
102
}
330
3F2
100
AcDbVisualStyle
  2

 70
    16
 71
     2
 72
     2
 73
     3
 90
        0
 40
-0.6
 41
-30.0
 62
     5
 63
     8
 74
     1
 91
        4
 64
     7
 65
   257
 75
     1
175
     1
 42
1.0
 92
        8
 66
     8
 43
1.0
 76
     1
 77
     6
 78
     2
 67
     7
 79
     5
170
     0
171
     0
290
     0
174
     0
 93
        1
 44
0.0
173
     0
291
     1
 45
0.0
1001
ACAD
1000
AcDbSavedByObjectVersion
1070
     0
  0
VISUALSTYLE
  5
3FB
102
{ACAD_XDICTIONARY
360
E5B
102
}
102
{ACAD_REACTORS
330
3F2
102
}
330
3F2
100
AcDbVisualStyle
  2

 70
     9
 71
     3
 72
     2
 73
     0
 90
        0
 40
-0.6
 41
-30.0
 62
     5
 63
     7
 74
     2
 91
        2
 64
     7
 65
   257
 75
     1
175
     1
 42
40.0
 92
        8
 66
     7
 43
1.0
 76
     1
 77
     6
 78
     2
 67
     7
 79
     3
170
     0
171
     0
290
     0
174
     0
 93
        1
 44
0.0
173
     0
291
     0
 45
0.0
1001
ACAD
1000
AcDbSavedByObjectVersion
1070
     0
  0
VISUALSTYLE
  5
3FD
102
{ACAD_XDICTIONARY
360
E5F
102
}
102
{ACAD_REACTORS
330
3F2
102
}
330
3F2
100
AcDbVisualStyle
  2

 70
    11
 71
     2
 72
     2
 73
     0
 90
        0
 40
-0.6
 41
-30.0
 62
     5
 63
     7
 74
     1
 91
        4
 64
     7
 65
   257
 75
     1
175
     1
 42
1.0
 92
        8
 66
     7
 43
1.0
 76
     1
 77
     6
 78
     2
 67
     7
 79
     5
170
     0
171
     0
290
     0
174
     0
 93
        1
 44
-50.0
173
     0
291
     1
 45
0.0
1001
ACAD
1000
AcDbSavedByObjectVersion
1070
     0
  0
VISUALSTYLE
  5
CFC
102
{ACAD_XDICTIONARY
360
E7D
102
}
102
{ACAD_REACTORS
330
3F2
102
}
330
3F2
100
AcDbVisualStyle
  2

 70
    22
 71
     2
 72
     2
 73
     0
 90
        0
 40
-0.6
 41
-30.0
 62
     5
 63
     7
 74
     1
 91
        4
 64
     7
 65
   257
 75
     1
175
     1
 42
1.0
 92
        8
 66
     7
 43
1.0
 76
     1
 77
     6
 78
     2
 67
     7
 79
     5
170
     0
171
     0
290
     0
174
     0
 93
        1
 44
0.0
173
     0
291
     1
 45
0.0
1001
ACAD
1000
AcDbSavedByObjectVersion
1070
     0
  0
VISUALSTYLE
  5
401
102
{ACAD_XDICTIONARY
360
E67
102
}
102
{ACAD_REACTORS
330
3F2
102
}
330
3F2
100
AcDbVisualStyle
  2

 70
    15
 71
     2
 72
     2
 73
     0
 90
        0
 40
-0.6
 41
-30.0
 62
     5
 63
     7
 74
     1
 91
        4
 64
     7
 65
   257
 75
     1
175
     1
 42
1.0
 92
        8
 66
     7
 43
1.0
 76
     1
 77
     6
 78
     2
 67
     7
 79
     5
170
     0
171
     0
290
     0
174
     0
 93
        1
 44
0.0
173
     0
291
     1
 45
0.0
1001
ACAD
1000
AcDbSavedByObjectVersion
1070
     0
  0
VISUALSTYLE
  5
3F3
102
{ACAD_XDICTIONARY
360
E4B
102
}
102
{ACAD_REACTORS
330
3F2
102
}
330
3F2
100
AcDbVisualStyle
  2

 70
     0
 71
     2
 72
     1
 73
     1
 90
        2
 40
-0.6
 41
30.0
 62
     5
 63
     7
 74
     0
 91
        4
 64
     7
 65
   257
 75
     1
175
     1
 42
1.0
 92
        8
 66
     7
 43
1.0
 76
     1
 77
     6
 78
     2
 67
     7
 79
     5
170
     0
171
     0
290
     0
174
     0
 93
       13
 44
0.0
173
     0
291
     1
 45
0.0
1001
ACAD
1000
AcDbSavedByObjectVersion
1070
     0
  0
VISUALSTYLE
  5
3F4
102
{ACAD_XDICTIONARY
360
E4D
102
}
102
{ACAD_REACTORS
330
3F2
102
}
330
3F2
100
AcDbVisualStyle
  2

 70
     1
 71
     2
 72
     1
 73
     1
 90
        2
 40
-0.6
 41
30.0
 62
     5
 63
     7
 74
     1
 91
        4
 64
     7
 65
   257
 75
     1
175
     1
 42
1.0
 92
        0
 66
   257
 43
1.0
 76
     1
 77
     6
 78
     2
 67
     7
 79
     5
170
     0
171
     0
290
     0
174
     0
 93
       13
 44
0.0
173
     0
291
     1
 45
0.0
1001
ACAD
1000
AcDbSavedByObjectVersion
1070
     0
  0
VISUALSTYLE
  5
3F5
102
{ACAD_XDICTIONARY
360
E4F
102
}
102
{ACAD_REACTORS
330
3F2
102
}
330
3F2
100
AcDbVisualStyle
  2

 70
     2
 71
     2
 72
     2
 73
     1
 90
        2
 40
-0.6
 41
30.0
 62
     5
 63
     7
 74
     0
 91
        4
 64
     7
 65
   257
 75
     1
175
     1
 42
1.0
 92
        0
 66
     7
 43
1.0
 76
     1
 77
     6
 78
     2
 67
     7
 79
     5
170
     0
171
     0
290
     0
174
     0
 93
       13
 44
0.0
173
     0
291
     1
 45
0.0
1001
ACAD
1000
AcDbSavedByObjectVersion
1070
     0
  0
VISUALSTYLE
  5
3F6
102
{ACAD_XDICTIONARY
360
E51
102
}
102
{ACAD_REACTORS
330
3F2
102
}
330
3F2
100
AcDbVisualStyle
  2

 70
     3
 71
     2
 72
     2
 73
     1
 90
        2
 40
-0.6
 41
30.0
 62
     5
 63
     7
 74
     1
 91
        4
 64
     7
 65
   257
 75
     1
175
     1
 42
1.0
 92
        0
 66
   257
 43
1.0
 76
     1
 77
     6
 78
     2
 67
     7
 79
     5
170
     0
171
     0
290
     0
174
     0
 93
       13
 44
0.0
173
     0
291
     1
 45
0.0
1001
ACAD
1000
AcDbSavedByObjectVersion
1070
     0
  0
VISUALSTYLE
  5
CF4
102
{ACAD_XDICTIONARY
360
E6D
102
}
102
{ACAD_REACTORS
330
3F2
102
}
330
3F2
100
AcDbVisualStyle
  2

 70
     6
 71
     1
 72
     2
 73
     2
 90
        0
 40
-0.6
 41
-30.0
 62
     5
 63
     7
 74
     2
 91
        2
 64
     7
 65
   257
 75
     2
175
     1
 42
40.0
 92
        0
 66
   257
 43
1.0
 76
     1
 77
     6
 78
     2
 67
     7
 79
     3
170
     0
171
     0
290
     0
174
     0
 93
        1
 44
0.0
173
     0
291
     0
 45
0.0
1001
ACAD
1000
AcDbSavedByObjectVersion
1070
     0
  0
VISUALSTYLE
  5
CFA
102
{ACAD_XDICTIONARY
360
E79
102
}
102
{ACAD_REACTORS
330
3F2
102
}
330
3F2
100
AcDbVisualStyle
  2

 70
    20
 71
     2
 72
     2
 73
     0
 90
        0
 40
-0.6
 41
-30.0
 62
     5
 63
     7
 74
     1
 91
        4
 64
     7
 65
   257
 75
     1
175
     1
 42
1.0
 92
       10
 66
     7
 43
1.0
 76
     1
 77
     6
 78
     2
 67
     7
 79
     5
170
     0
171
     0
290
     0
174
     0
 93
        1
 44
0.0
173
     0
291
     1
 45
0.0
1001
ACAD
1000
AcDbSavedByObjectVersion
1070
     0
  0
VISUALSTYLE
  5
400
102
{ACAD_XDICTIONARY
360
E65
102
}
102
{ACAD_REACTORS
330
3F2
102
}
330
3F2
100
AcDbVisualStyle
  2

 70
    14
 71
     2
 72
     2
 73
     0
 90
        0
 40
-0.6
 41
-30.0
 62
     5
 63
     7
 74
     1
 91
        4
 64
     7
 65
   257
 75
     7
175
     7
 42
1.0
 92
        8
 66
     7
 43
1.0
 76
     1
 77
     6
 78
     2
 67
     7
 79
     5
170
     0
171
     0
290
     0
174
     0
 93
        1
 44
0.0
173
     0
291
     1
 45
0.0
1001
ACAD
1000
AcDbSavedByObjectVersion
1070
     0
  0
VISUALSTYLE
  5
CFB
102
{ACAD_XDICTIONARY
360
E7B
102
}
102
{ACAD_REACTORS
330
3F2
102
}
330
3F2
100
AcDbVisualStyle
  2

 70
    21
 71
     2
 72
     2
 73
     0
 90
        0
 40
-0.6
 41
-30.0
 62
     5
 63
     7
 74
     1
 91
        4
 64
     7
 65
   257
 75
     1
175
     1
 42
1.0
 92
        9
 66
     7
 43
1.0
 76
     1
 77
     6
 78
     2
 67
     7
 79
     5
170
     0
171
     0
290
     0
174
     0
 93
        1
 44
0.0
173
     0
291
     1
 45
0.0
1001
ACAD
1000
AcDbSavedByObjectVersion
1070
     0
  0
VISUALSTYLE
  5
3FC
102
{ACAD_XDICTIONARY
360
E5D
102
}
102
{ACAD_REACTORS
330
3F2
102
}
330
3F2
100
AcDbVisualStyle
  2

 70
     8
 71
     2
 72
     2
 73
     0
 90
        0
 40
-0.6
 41
-30.0
 62
     5
 63
     7
 74
     1
 91
        0
 64
     7
 65
   257
 75
     1
175
     1
 42
1.0
 92
        8
 66
     8
 43
1.0
 76
     1
 77
     6
 78
     2
 67
     7
 79
     5
170
     0
171
     0
290
     0
174
     0
 93
       13
 44
0.0
173
     0
291
     0
 45
0.0
1001
ACAD
1000
AcDbSavedByObjectVersion
1070
     0
  0
VISUALSTYLE
  5
CF9
102
{ACAD_XDICTIONARY
360
E77
102
}
102
{ACAD_REACTORS
330
3F2
102
}
330
3F2
100
AcDbVisualStyle
  2

 70
    27
 71
     2
 72
     2
 73
     1
 90
        2
 40
-0.6
 41
30.0
 62
     5
 63
     7
 74
     0
 91
        4
 64
     7
 65
   257
 75
     1
175
     1
 42
1.0
 92
        8
 66
   257
 43
1.0
 76
     1
 77
     6
 78
     2
 67
     8
 79
     3
170
     0
171
     0
290
     0
174
     0
 93
        5
 44
0.0
173
     0
291
     0
 45
0.0
1001
ACAD
1000
AcDbSavedByObjectVersion
1070
     0
  0
VISUALSTYLE
  5
CF8
102
{ACAD_XDICTIONARY
360
E75
102
}
102
{ACAD_REACTORS
330
3F2
102
}
330
3F2
100
AcDbVisualStyle
  2

 70
    26
 71
     2
 72
     2
 73
     1
 90
        2
 40
-0.6
 41
30.0
 62
     5
 63
     7
 74
     1
 91
       10
 64
     7
 65
   257
 75
     2
175
     1
 42
1.0
 92
        8
 66
   257
 43
1.0
 76
     1
 77
     6
 78
     2
 67
     7
 79
     3
170
     0
171
     0
290
     0
174
     0
 93
        5
 44
0.0
173
     0
291
     0
 45
0.0
1001
ACAD
1000
AcDbSavedByObjectVersion
1070
     0
  0
VISUALSTYLE
  5
CF5
102
{ACAD_XDICTIONARY
360
E6F
102
}
102
{ACAD_REACTORS
330
3F2
102
}
330
3F2
100
AcDbVisualStyle
  2

 70
    23
 71
     2
 72
     2
 73
     3
 90
        0
 40
-0.6
 41
-30.0
 62
     5
 63
     7
 74
     2
 91
        2
 64
     7
 65
     7
 75
     1
175
     1
 42
40.0
 92
        8
 66
     7
 43
1.0
 76
     1
 77
     6
 78
     2
 67
     7
 79
     3
170
     0
171
     0
290
     0
174
     0
 93
        1
 44
0.0
173
     0
291
     0
 45
0.0
1001
ACAD
1000
AcDbSavedByObjectVersion
1070
     0
  0
VISUALSTYLE
  5
CF6
102
{ACAD_XDICTIONARY
360
E71
102
}
102
{ACAD_REACTORS
330
3F2
102
}
330
3F2
100
AcDbVisualStyle
  2

 70
    24
 71
     1
 72
     2
 73
     2
 90
        0
 40
-0.6
 41
-30.0
 62
     5
 63
     7
 74
     2
 91
        2
 64
     7
 65
     7
 75
     1
175
     1
 42
40.0
 92
       11
 66
     7
 43
1.0
 76
     1
 77
     6
 78
     2
 67
     7
 79
     6
170
     0
171
     0
290
     0
174
     0
 93
        1
 44
0.0
173
     0
291
     0
 45
0.0
1001
ACAD
1000
AcDbSavedByObjectVersion
1070
     0
  0
VISUALSTYLE
  5
3FF
102
{ACAD_XDICTIONARY
360
E63
102
}
102
{ACAD_REACTORS
330
3F2
102
}
330
3F2
100
AcDbVisualStyle
  2

 70
    13
 71
     2
 72
     2
 73
     0
 90
        0
 40
-0.6
 41
-30.0
 62
     5
 63
     7
 74
     1
 91
        4
 64
     7
 65
   257
 75
     1
175
     1
 42
1.0
 92
       12
 66
     7
 43
1.0
 76
     1
 77
     6
 78
     2
 67
     7
 79
     5
170
     0
171
     0
290
     0
174
     0
 93
        1
 44
0.0
173
     0
291
     1
 45
0.0
1001
ACAD
1000
AcDbSavedByObjectVersion
1070
     0
  0
VISUALSTYLE
  5
CF3
102
{ACAD_XDICTIONARY
360
E6B
102
}
102
{ACAD_REACTORS
330
3F2
102
}
330
3F2
100
AcDbVisualStyle
  2

 70
     5
 71
     0
 72
     2
 73
     0
 90
        0
 40
-0.6
 41
-30.0
 62
     5
 63
     7
 74
     1
 91
        4
 64
     7
 65
   257
 75
     1
175
     1
 42
1.0
 92
        0
 66
   257
 43
1.0
 76
     1
 77
     6
 78
     2
 67
     7
 79
     3
170
     0
171
     0
290
     0
174
     0
 93
        1
 44
0.0
173
     0
291
     0
 45
0.0
1001
ACAD
1000
AcDbSavedByObjectVersion
1070
     0
  0
VISUALSTYLE
  5
CF7
102
{ACAD_XDICTIONARY
360
E73
102
}
102
{ACAD_REACTORS
330
3F2
102
}
330
3F2
100
AcDbVisualStyle
  2

 70
    25
 71
     2
 72
     2
 73
     1
 90
        1
 40
0.5
 41
-30.0
 62
     5
 63
     7
 74
     1
 91
        0
 64
     7
 65
   257
 75
     1
175
     1
 42
1.0
 92
        8
 66
     7
 43
1.0
 76
     1
 77
     6
 78
     2
 67
     7
 79
     3
170
     0
171
     0
290
     0
174
     0
 93
       13
 44
0.0
173
     0
291
     0
 45
0.0
1001
ACAD
1000
AcDbSavedByObjectVersion
1070
     0
  0
DICTIONARYVAR
  5
449
102
{ACAD_REACTORS
330
357
102
}
330
357
100
DictionaryVariables
280
     0
  1
1:1
  0
DICTIONARYVAR
  5
447
102
{ACAD_REACTORS
330
357
102
}
330
357
100
DictionaryVariables
280
     0
  1
STANDARD
  0
DICTIONARYVAR
  5
38E
102
{ACAD_REACTORS
330
357
102
}
330
357
100
DictionaryVariables
280
     0
  1
STANDARD
  0
DICTIONARYVAR
  5
D28
102
{ACAD_REACTORS
330
357
102
}
330
357
100
DictionaryVariables
280
     0
  1
Metric50
  0
DICTIONARYVAR
  5
D29
102
{ACAD_REACTORS
330
357
102
}
330
357
100
DictionaryVariables
280
     0
  1
Metric50
  0
DICTIONARYVAR
  5
359
102
{ACAD_REACTORS
330
357
102
}
330
357
100
DictionaryVariables
280
     0
  1
2
  0
DICTIONARYVAR
  5
358
102
{ACAD_REACTORS
330
357
102
}
330
357
100
DictionaryVariables
280
     0
  1
1
  0
DICTIONARYVAR
  5
CE2
102
{ACAD_REACTORS
330
357
102
}
330
357
100
DictionaryVariables
280
     0
  1
0
  0
DICTIONARYVAR
  5
C62
102
{ACAD_REACTORS
330
357
102
}
330
357
100
DictionaryVariables
280
     0
  1
1
  0
DICTIONARYVAR
  5
C63
102
{ACAD_REACTORS
330
357
102
}
330
357
100
DictionaryVariables
280
     0
  1
15
  0
DICTIONARYVAR
  5
44A
102
{ACAD_REACTORS
330
357
102
}
330
357
100
DictionaryVariables
280
     0
  1
0
  0
DICTIONARYVAR
  5
448
102
{ACAD_REACTORS
330
357
102
}
330
357
100
DictionaryVariables
280
     0
  1
0
  0
DICTIONARYVAR
  5
CE1
102
{ACAD_REACTORS
330
357
102
}
330
357
100
DictionaryVariables
280
     0
  1
127
  0
DICTIONARYVAR
  5
E42
102
{ACAD_REACTORS
330
357
102
}
330
357
100
DictionaryVariables
280
     0
  1
2
  0
XRECORD
  5
69D
102
{ACAD_REACTORS
330
69C
102
}
330
69C
100
AcDbXrecord
280
     1
  0
DICTIONARY
  5
E81
330
D00
100
AcDbDictionary
280
     1
281
     1
  3
ACAD_XREC_ROUNDTRIP
360
E82
  0
DICTIONARY
  5
E48
330
33B
100
AcDbDictionary
280
     1
281
     1
  3
ACAD_XREC_ROUNDTRIP
360
E49
  0
DICTIONARY
  5
E46
330
303
100
AcDbDictionary
280
     1
281
     1
  3
ACAD_XREC_ROUNDTRIP
360
E47
  0
DICTIONARY
  5
CEC
330
3F0
100
AcDbDictionary
280
     1
281
     1
  3
ACAD_XREC_ROUNDTRIP
360
CED
  0
DICTIONARY
  5
CEA
330
3EF
100
AcDbDictionary
280
     1
281
     1
  3
ACAD_XREC_ROUNDTRIP
360
CEB
  0
DICTIONARY
  5
CEE
330
3F1
100
AcDbDictionary
280
     1
281
     1
  3
ACAD_XREC_ROUNDTRIP
360
CEF
  0
XRECORD
  5
E85
102
{ACAD_REACTORS
330
E84
102
}
330
E84
100
AcDbXrecord
280
     1
 70
     2
 71
     3
 72
     0
  0
DICTIONARY
  5
E7F
330
CFE
100
AcDbDictionary
280
     1
281
     1
  3
ACAD_XREC_ROUNDTRIP
360
E80
  0
DICTIONARY
  5
444
330
389
100
AcDbDictionary
280
     1
281
     1
  3
ACAD_ROUNDTRIP_2008_TABLESTYLE_CELLSTYLEMAP
360
E43
  3
ACAD_XREC_ROUNDTRIP
360
E4A
  0
DICTIONARY
  5
E55
330
3F8
100
AcDbDictionary
280
     1
281
     1
  3
ACAD_XREC_ROUNDTRIP
360
E56
  0
DICTIONARY
  5
E59
330
3FA
100
AcDbDictionary
280
     1
281
     1
  3
ACAD_XREC_ROUNDTRIP
360
E5A
  0
DICTIONARY
  5
E57
330
3F9
100
AcDbDictionary
280
     1
281
     1
  3
ACAD_XREC_ROUNDTRIP
360
E58
  0
DICTIONARY
  5
E53
330
3F7
100
AcDbDictionary
280
     1
281
     1
  3
ACAD_XREC_ROUNDTRIP
360
E54
  0
DICTIONARY
  5
E61
330
3FE
100
AcDbDictionary
280
     1
281
     1
  3
ACAD_XREC_ROUNDTRIP
360
E62
  0
DICTIONARY
  5
E69
330
402
100
AcDbDictionary
280
     1
281
     1
  3
ACAD_XREC_ROUNDTRIP
360
E6A
  0
DICTIONARY
  5
E5B
330
3FB
100
AcDbDictionary
280
     1
281
     1
  3
ACAD_XREC_ROUNDTRIP
360
E5C
  0
DICTIONARY
  5
E5F
330
3FD
100
AcDbDictionary
280
     1
281
     1
  3
ACAD_XREC_ROUNDTRIP
360
E60
  0
DICTIONARY
  5
E7D
330
CFC
100
AcDbDictionary
280
     1
281
     1
  3
ACAD_XREC_ROUNDTRIP
360
E7E
  0
DICTIONARY
  5
E67
330
401
100
AcDbDictionary
280
     1
281
     1
  3
ACAD_XREC_ROUNDTRIP
360
E68
  0
DICTIONARY
  5
E4B
330
3F3
100
AcDbDictionary
280
     1
281
     1
  3
ACAD_XREC_ROUNDTRIP
360
E4C
  0
DICTIONARY
  5
E4D
330
3F4
100
AcDbDictionary
280
     1
281
     1
  3
ACAD_XREC_ROUNDTRIP
360
E4E
  0
DICTIONARY
  5
E4F
330
3F5
100
AcDbDictionary
280
     1
281
     1
  3
ACAD_XREC_ROUNDTRIP
360
E50
  0
DICTIONARY
  5
E51
330
3F6
100
AcDbDictionary
280
     1
281
     1
  3
ACAD_XREC_ROUNDTRIP
360
E52
  0
DICTIONARY
  5
E6D
330
CF4
100
AcDbDictionary
280
     1
281
     1
  3
ACAD_XREC_ROUNDTRIP
360
E6E
  0
DICTIONARY
  5
E79
330
CFA
100
AcDbDictionary
280
     1
281
     1
  3
ACAD_XREC_ROUNDTRIP
360
E7A
  0
DICTIONARY
  5
E65
330
400
100
AcDbDictionary
280
     1
281
     1
  3
ACAD_XREC_ROUNDTRIP
360
E66
  0
DICTIONARY
  5
E7B
330
CFB
100
AcDbDictionary
280
     1
281
     1
  3
ACAD_XREC_ROUNDTRIP
360
E7C
  0
DICTIONARY
  5
E5D
330
3FC
100
AcDbDictionary
280
     1
281
     1
  3
ACAD_XREC_ROUNDTRIP
360
E5E
  0
DICTIONARY
  5
E77
330
CF9
100
AcDbDictionary
280
     1
281
     1
  3
ACAD_XREC_ROUNDTRIP
360
E78
  0
DICTIONARY
  5
E75
330
CF8
100
AcDbDictionary
280
     1
281
     1
  3
ACAD_XREC_ROUNDTRIP
360
E76
  0
DICTIONARY
  5
E6F
330
CF5
100
AcDbDictionary
280
     1
281
     1
  3
ACAD_XREC_ROUNDTRIP
360
E70
  0
DICTIONARY
  5
E71
330
CF6
100
AcDbDictionary
280
     1
281
     1
  3
ACAD_XREC_ROUNDTRIP
360
E72
  0
DICTIONARY
  5
E63
330
3FF
100
AcDbDictionary
280
     1
281
     1
  3
ACAD_XREC_ROUNDTRIP
360
E64
  0
DICTIONARY
  5
E6B
330
CF3
100
AcDbDictionary
280
     1
281
     1
  3
ACAD_XREC_ROUNDTRIP
360
E6C
  0
DICTIONARY
  5
E73
330
CF7
100
AcDbDictionary
280
     1
281
     1
  3
ACAD_XREC_ROUNDTRIP
360
E74
  0
XRECORD
  5
E82
102
{ACAD_REACTORS
330
E81
102
}
330
E81
100
AcDbXrecord
280
     1
102
DISPLAYNAME
  1
Metric50
102
FLAGS
 90
        0
  0
XRECORD
  5
E49
102
{ACAD_REACTORS
330
E48
102
}
330
E48
100
AcDbXrecord
280
     1
102
SHADEPLOT
 70
     0
102
SHADEPLOTRESLEVEL
 70
     2
102
SHADEPLOTCUSTOMDPI
 70
   300
  0
XRECORD
  5
E47
102
{ACAD_REACTORS
330
E46
102
}
330
E46
100
AcDbXrecord
280
     1
102
SHADEPLOT
 70
     1
102
SHADEPLOTRESLEVEL
 70
     2
102
SHADEPLOTCUSTOMDPI
 70
   300
  0
XRECORD
  5
CED
102
{ACAD_REACTORS
330
CEC
102
}
330
CEC
100
AcDbXrecord
280
     1
102
MATERIAL
148
0.0
149
0.0
149
0.0
 93
        0
 94
      127
282
     0
 72
     1
 77
     1
171
     1
175
     1
179
     1
273
     0
  0
XRECORD
  5
CEB
102
{ACAD_REACTORS
330
CEA
102
}
330
CEA
100
AcDbXrecord
280
     1
102
MATERIAL
148
0.0
149
0.0
149
0.0
 93
        0
 94
      127
282
     0
 72
     1
 77
     1
171
     1
175
     1
179
     1
273
     0
  0
XRECORD
  5
CEF
102
{ACAD_REACTORS
330
CEE
102
}
330
CEE
100
AcDbXrecord
280
     1
102
MATERIAL
148
0.0
149
0.0
149
0.0
 93
        0
 94
      127
282
     0
 72
     1
 77
     1
171
     1
175
     1
179
     1
273
     0
  0
XRECORD
  5
E80
102
{ACAD_REACTORS
330
E7F
102
}
330
E7F
100
AcDbXrecord
280
     1
102
DISPLAYNAME
  1
Metric50
102
FLAGS
 90
        0
  0
CELLSTYLEMAP
  5
E43
102
{ACAD_REACTORS
330
444
102
}
330
444
100
AcDbCellStyleMap
 90
        3
300
CELLSTYLE
  1
TABLEFORMAT_BEGIN
 90
        5
170
     1
 91
        0
 92
    32768
 62
   257
 93
        1
300
CONTENTFORMAT
  1
CONTENTFORMAT_BEGIN
 90
        0
 91
        0
 92
        4
 93
        0
300

 40
0.0
140
1.0
 94
        5
 62
     0
340
10
144
6.0
309
CONTENTFORMAT_END
171
     1
301
MARGIN
  1
CELLMARGIN_BEGIN
 40
1.5
 40
1.5
 40
1.5
 40
1.5
 40
0.18
 40
0.18
309
CELLMARGIN_END
 94
        6
 95
        1
302
GRIDFORMAT
  1
GRIDFORMAT_BEGIN
 90
        0
 91
        1
 62
     0
 92
       -2
340
0
 93
        0
 40
0.045
309
GRIDFORMAT_END
 95
        2
302
GRIDFORMAT
  1
GRIDFORMAT_BEGIN
 90
        0
 91
        1
 62
     0
 92
       -2
340
0
 93
        0
 40
0.045
309
GRIDFORMAT_END
 95
        4
302
GRIDFORMAT
  1
GRIDFORMAT_BEGIN
 90
        0
 91
        1
 62
     0
 92
       -2
340
0
 93
        0
 40
0.045
309
GRIDFORMAT_END
 95
        8
302
GRIDFORMAT
  1
GRIDFORMAT_BEGIN
 90
        0
 91
        1
 62
     0
 92
       -2
340
0
 93
        0
 40
0.045
309
GRIDFORMAT_END
 95
       16
302
GRIDFORMAT
  1
GRIDFORMAT_BEGIN
 90
        0
 91
        1
 62
     0
 92
       -2
340
0
 93
        0
 40
0.045
309
GRIDFORMAT_END
 95
       32
302
GRIDFORMAT
  1
GRIDFORMAT_BEGIN
 90
        0
 91
        1
 62
     0
 92
       -2
340
0
 93
        0
 40
0.045
309
GRIDFORMAT_END
309
TABLEFORMAT_END
  1
CELLSTYLE_BEGIN
 90
        1
 91
        1
300
_TITLE
309
CELLSTYLE_END
300
CELLSTYLE
  1
TABLEFORMAT_BEGIN
 90
        5
170
     1
 91
        0
 92
        0
 62
   257
 93
        1
300
CONTENTFORMAT
  1
CONTENTFORMAT_BEGIN
 90
        0
 91
        0
 92
        4
 93
        0
300

 40
0.0
140
1.0
 94
        5
 62
     0
340
10
144
4.5
309
CONTENTFORMAT_END
171
     1
301
MARGIN
  1
CELLMARGIN_BEGIN
 40
1.5
 40
1.5
 40
1.5
 40
1.5
 40
0.18
 40
0.18
309
CELLMARGIN_END
 94
        6
 95
        1
302
GRIDFORMAT
  1
GRIDFORMAT_BEGIN
 90
        0
 91
        1
 62
     0
 92
       -2
340
0
 93
        0
 40
0.045
309
GRIDFORMAT_END
 95
        2
302
GRIDFORMAT
  1
GRIDFORMAT_BEGIN
 90
        0
 91
        1
 62
     0
 92
       -2
340
0
 93
        0
 40
0.045
309
GRIDFORMAT_END
 95
        4
302
GRIDFORMAT
  1
GRIDFORMAT_BEGIN
 90
        0
 91
        1
 62
     0
 92
       -2
340
0
 93
        0
 40
0.045
309
GRIDFORMAT_END
 95
        8
302
GRIDFORMAT
  1
GRIDFORMAT_BEGIN
 90
        0
 91
        1
 62
     0
 92
       -2
340
0
 93
        0
 40
0.045
309
GRIDFORMAT_END
 95
       16
302
GRIDFORMAT
  1
GRIDFORMAT_BEGIN
 90
        0
 91
        1
 62
     0
 92
       -2
340
0
 93
        0
 40
0.045
309
GRIDFORMAT_END
 95
       32
302
GRIDFORMAT
  1
GRIDFORMAT_BEGIN
 90
        0
 91
        1
 62
     0
 92
       -2
340
0
 93
        0
 40
0.045
309
GRIDFORMAT_END
309
TABLEFORMAT_END
  1
CELLSTYLE_BEGIN
 90
        2
 91
        1
300
_HEADER
309
CELLSTYLE_END
300
CELLSTYLE
  1
TABLEFORMAT_BEGIN
 90
        5
170
     1
 91
        0
 92
        0
 62
   257
 93
        1
300
CONTENTFORMAT
  1
CONTENTFORMAT_BEGIN
 90
        0
 91
        0
 92
        4
 93
        0
300

 40
0.0
140
1.0
 94
        2
 62
     0
340
10
144
4.5
309
CONTENTFORMAT_END
171
     1
301
MARGIN
  1
CELLMARGIN_BEGIN
 40
1.5
 40
1.5
 40
1.5
 40
1.5
 40
0.18
 40
0.18
309
CELLMARGIN_END
 94
        6
 95
        1
302
GRIDFORMAT
  1
GRIDFORMAT_BEGIN
 90
        0
 91
        1
 62
     0
 92
       -2
340
0
 93
        0
 40
0.045
309
GRIDFORMAT_END
 95
        2
302
GRIDFORMAT
  1
GRIDFORMAT_BEGIN
 90
        0
 91
        1
 62
     0
 92
       -2
340
0
 93
        0
 40
0.045
309
GRIDFORMAT_END
 95
        4
302
GRIDFORMAT
  1
GRIDFORMAT_BEGIN
 90
        0
 91
        1
 62
     0
 92
       -2
340
0
 93
        0
 40
0.045
309
GRIDFORMAT_END
 95
        8
302
GRIDFORMAT
  1
GRIDFORMAT_BEGIN
 90
        0
 91
        1
 62
     0
 92
       -2
340
0
 93
        0
 40
0.045
309
GRIDFORMAT_END
 95
       16
302
GRIDFORMAT
  1
GRIDFORMAT_BEGIN
 90
        0
 91
        1
 62
     0
 92
       -2
340
0
 93
        0
 40
0.045
309
GRIDFORMAT_END
 95
       32
302
GRIDFORMAT
  1
GRIDFORMAT_BEGIN
 90
        0
 91
        1
 62
     0
 92
       -2
340
0
 93
        0
 40
0.045
309
GRIDFORMAT_END
309
TABLEFORMAT_END
  1
CELLSTYLE_BEGIN
 90
        3
 91
        2
300
_DATA
309
CELLSTYLE_END
  0
XRECORD
  5
E4A
102
{ACAD_REACTORS
330
444
102
}
330
444
100
AcDbXrecord
280
     1
102
ACAD_ROUNDTRIP_PRE2007_TABLESTYLE
 90
        4
 91
        0
  1

 92
        4
 93
        0
  2

 94
        4
 95
        0
  3

  0
XRECORD
  5
E56
102
{ACAD_REACTORS
330
E55
102
}
330
E55
100
AcDbXrecord
280
     1
102
RTVSPost2010Prop28
280
     1
102
RTVSPost2010PropOp28
 70
     1
102
RTVSPost2010Prop29
280
     1
102
RTVSPost2010PropOp29
 70
     1
102
RTVSPost2010Prop30
280
     0
102
RTVSPost2010PropOp30
 70
     1
102
RTVSPost2010Prop31
280
     0
102
RTVSPost2010PropOp31
 70
     1
102
RTVSPost2010Prop32
280
     0
102
RTVSPost2010PropOp32
 70
     1
102
RTVSPost2010Prop33
280
     0
102
RTVSPost2010PropOp33
 70
     1
102
RTVSPost2010Prop34
280
     0
102
RTVSPost2010PropOp34
 70
     1
102
RTVSPost2010Prop35
280
     0
102
RTVSPost2010PropOp35
 70
     1
102
RTVSPost2010Prop36
280
     0
102
RTVSPost2010PropOp36
 70
     1
102
RTVSPost2010Prop37
 90
       50
102
RTVSPost2010PropOp37
 70
     1
102
RTVSPost2010Prop38
140
0.0
102
RTVSPost2010PropOp38
 70
     1
102
RTVSPost2010Prop39
140
1.0
102
RTVSPost2010PropOp39
 70
     1
102
RTVSPost2010Prop40
 90
        0
102
RTVSPost2010PropOp40
 70
     1
102
RTVSPost2010Prop41ColorIndex
 90
       18
102
RTVSPost2010Prop41ColorRGB
 90
        0
102
RTVSPost2010PropOp41
 70
     1
102
RTVSPost2010Prop42
 90
       50
102
RTVSPost2010PropOp42
 70
     1
102
RTVSPost2010Prop43
 90
        3
102
RTVSPost2010PropOp43
 70
     1
102
RTVSPost2010Prop44ColorIndex
 90
        5
102
RTVSPost2010Prop44ColorRGB
 90
      255
102
RTVSPost2010PropOp44
 70
     1
102
RTVSPost2010Prop45
280
     0
102
RTVSPost2010PropOp45
 70
     1
102
RTVSPost2010Prop46
 90
       50
102
RTVSPost2010PropOp46
 70
     1
102
RTVSPost2010Prop47
 90
       50
102
RTVSPost2010PropOp47
 70
     1
102
RTVSPost2010Prop48
 90
       50
102
RTVSPost2010PropOp48
 70
     1
102
RTVSPost2010Prop49
280
     0
102
RTVSPost2010PropOp49
 70
     1
102
RTVSPost2010Prop50
 90
       50
102
RTVSPost2010PropOp50
 70
     1
102
RTVSPost2010Prop51ColorIndex
 90
      256
102
RTVSPost2010Prop51ColorRGB
 90
-16777216
102
RTVSPost2010PropOp51
 70
     0
102
RTVSPost2010Prop52
140
1.0
102
RTVSPost2010PropOp52
 70
     0
102
RTVSPost2010Prop53
 90
        2
102
RTVSPost2010PropOp53
 70
     1
102
RTVSPost2010Prop54
  1
strokes_ogs.tif
102
RTVSPost2010PropOp54
 70
     1
102
RTVSPost2010Prop55
280
     0
102
RTVSPost2010PropOp55
 70
     1
102
RTVSPost2010Prop56
140
1.0
102
RTVSPost2010PropOp56
 70
     1
102
RTVSPost2010Prop57
140
1.0
102
RTVSPost2010PropOp57
 70
     1
102
RTVSPropertyOp0
 70
     1
102
RTVSPropertyOp1
 70
     1
102
RTVSPropertyOp2
 70
     1
102
RTVSPropertyOp3
 70
     1
102
RTVSPropertyOp4
 70
     1
102
RTVSPropertyOp5
 70
     1
102
RTVSPropertyOp6
 70
     1
102
RTVSPropertyOp7
 70
     1
102
RTVSPropertyOp8
 70
     1
102
RTVSPropertyOp9
 70
     1
102
RTVSPropertyOp10
 70
     1
102
RTVSPropertyOp11
 70
     1
102
RTVSPropertyOp12
 70
     1
102
RTVSPropertyOp13
 70
     1
102
RTVSPropertyOp14
 70
     1
102
RTVSPropertyOp15
 70
     1
102
RTVSPropertyOp16
 70
     1
102
RTVSPropertyOp17
 70
     1
102
RTVSPropertyOp18
 70
     1
102
RTVSPropertyOp19
 70
     1
102
RTVSPropertyOp20
 70
     1
102
RTVSPropertyOp21
 70
     1
102
RTVSPropertyOp22
 70
     1
102
RTVSPropertyOp23
 70
     1
102
RTVSPropertyOp24
 70
     1
102
RTVSPropertyOp25
 70
     1
102
RTVSPropertyOp26
 70
     1
102
RTVSPropertyOp27
 70
     1
102
RTVSPropertyOp28
 70
     1
102
RTVSPropertyOp29
 70
     1
102
RTVSPropertyOp30
 70
     1
102
RTVSPropertyOp31
 70
     1
102
RTVSPropertyOp32
 70
     1
102
RTVSPropertyOp33
 70
     1
102
RTVSPropertyOp34
 70
     1
102
RTVSPropertyOp35
 70
     1
102
RTVSPropertyOp36
 70
     1
102
RTVSPropertyOp37
 70
     1
102
RTVSPropertyOp38
 70
     1
102
RTVSPropertyOp39
 70
     1
102
RTVSPropertyOp40
 70
     1
102
RTVSPropertyOp41
 70
     1
102
RTVSPropertyOp42
 70
     1
102
RTVSPropertyOp43
 70
     1
102
RTVSPropertyOp44
 70
     1
102
RTVSPropertyOp45
 70
     1
102
RTVSPropertyOp46
 70
     1
102
RTVSPropertyOp47
 70
     1
102
RTVSPropertyOp48
 70
     1
102
RTVSPropertyOp49
 70
     1
102
RTVSPropertyOp50
 70
     1
102
RTVSPropertyOp51
 70
     0
102
RTVSPropertyOp52
 70
     0
102
RTVSPropertyOp53
 70
     1
102
RTVSPropertyOp54
 70
     1
102
RTVSPropertyOp55
 70
     1
102
RTVSPropertyOp56
 70
     1
102
RTVSPropertyOp57
 70
     1
102
RTVSPropertyOp58
 70
     1
102
RTVSPropertyOp59
 70
     1
102
RTVSPropertyOp60
 70
     1
102
RTVSPropertyOp61
 70
     1
102
RTVSPropertyOp62
 70
     1
  0
XRECORD
  5
E5A
102
{ACAD_REACTORS
330
E59
102
}
330
E59
100
AcDbXrecord
280
     1
102
RTVSPost2010Prop28
280
     0
102
RTVSPost2010PropOp28
 70
     1
102
RTVSPost2010Prop29
280
     1
102
RTVSPost2010PropOp29
 70
     1
102
RTVSPost2010Prop30
280
     1
102
RTVSPost2010PropOp30
 70
     1
102
RTVSPost2010Prop31
280
     0
102
RTVSPost2010PropOp31
 70
     1
102
RTVSPost2010Prop32
280
     0
102
RTVSPost2010PropOp32
 70
     1
102
RTVSPost2010Prop33
280
     0
102
RTVSPost2010PropOp33
 70
     1
102
RTVSPost2010Prop34
280
     0
102
RTVSPost2010PropOp34
 70
     1
102
RTVSPost2010Prop35
280
     0
102
RTVSPost2010PropOp35
 70
     1
102
RTVSPost2010Prop36
280
     0
102
RTVSPost2010PropOp36
 70
     1
102
RTVSPost2010Prop37
 90
       50
102
RTVSPost2010PropOp37
 70
     1
102
RTVSPost2010Prop38
140
0.0
102
RTVSPost2010PropOp38
 70
     1
102
RTVSPost2010Prop39
140
1.0
102
RTVSPost2010PropOp39
 70
     1
102
RTVSPost2010Prop40
 90
        0
102
RTVSPost2010PropOp40
 70
     1
102
RTVSPost2010Prop41ColorIndex
 90
       18
102
RTVSPost2010Prop41ColorRGB
 90
        0
102
RTVSPost2010PropOp41
 70
     1
102
RTVSPost2010Prop42
 90
       50
102
RTVSPost2010PropOp42
 70
     1
102
RTVSPost2010Prop43
 90
        3
102
RTVSPost2010PropOp43
 70
     1
102
RTVSPost2010Prop44ColorIndex
 90
        5
102
RTVSPost2010Prop44ColorRGB
 90
      255
102
RTVSPost2010PropOp44
 70
     1
102
RTVSPost2010Prop45
280
     0
102
RTVSPost2010PropOp45
 70
     1
102
RTVSPost2010Prop46
 90
       50
102
RTVSPost2010PropOp46
 70
     1
102
RTVSPost2010Prop47
 90
       50
102
RTVSPost2010PropOp47
 70
     1
102
RTVSPost2010Prop48
 90
       50
102
RTVSPost2010PropOp48
 70
     1
102
RTVSPost2010Prop49
280
     0
102
RTVSPost2010PropOp49
 70
     1
102
RTVSPost2010Prop50
 90
       50
102
RTVSPost2010PropOp50
 70
     1
102
RTVSPost2010Prop51ColorIndex
 90
      256
102
RTVSPost2010Prop51ColorRGB
 90
-16777216
102
RTVSPost2010PropOp51
 70
     0
102
RTVSPost2010Prop52
140
1.0
102
RTVSPost2010PropOp52
 70
     0
102
RTVSPost2010Prop53
 90
        2
102
RTVSPost2010PropOp53
 70
     1
102
RTVSPost2010Prop54
  1
strokes_ogs.tif
102
RTVSPost2010PropOp54
 70
     1
102
RTVSPost2010Prop55
280
     0
102
RTVSPost2010PropOp55
 70
     1
102
RTVSPost2010Prop56
140
1.0
102
RTVSPost2010PropOp56
 70
     1
102
RTVSPost2010Prop57
140
1.0
102
RTVSPost2010PropOp57
 70
     1
102
RTVSPropertyOp0
 70
     1
102
RTVSPropertyOp1
 70
     1
102
RTVSPropertyOp2
 70
     1
102
RTVSPropertyOp3
 70
     1
102
RTVSPropertyOp4
 70
     1
102
RTVSPropertyOp5
 70
     1
102
RTVSPropertyOp6
 70
     1
102
RTVSPropertyOp7
 70
     1
102
RTVSPropertyOp8
 70
     1
102
RTVSPropertyOp9
 70
     1
102
RTVSPropertyOp10
 70
     1
102
RTVSPropertyOp11
 70
     1
102
RTVSPropertyOp12
 70
     1
102
RTVSPropertyOp13
 70
     1
102
RTVSPropertyOp14
 70
     1
102
RTVSPropertyOp15
 70
     1
102
RTVSPropertyOp16
 70
     1
102
RTVSPropertyOp17
 70
     1
102
RTVSPropertyOp18
 70
     1
102
RTVSPropertyOp19
 70
     1
102
RTVSPropertyOp20
 70
     1
102
RTVSPropertyOp21
 70
     1
102
RTVSPropertyOp22
 70
     1
102
RTVSPropertyOp23
 70
     1
102
RTVSPropertyOp24
 70
     1
102
RTVSPropertyOp25
 70
     1
102
RTVSPropertyOp26
 70
     1
102
RTVSPropertyOp27
 70
     1
102
RTVSPropertyOp28
 70
     1
102
RTVSPropertyOp29
 70
     1
102
RTVSPropertyOp30
 70
     1
102
RTVSPropertyOp31
 70
     1
102
RTVSPropertyOp32
 70
     1
102
RTVSPropertyOp33
 70
     1
102
RTVSPropertyOp34
 70
     1
102
RTVSPropertyOp35
 70
     1
102
RTVSPropertyOp36
 70
     1
102
RTVSPropertyOp37
 70
     1
102
RTVSPropertyOp38
 70
     1
102
RTVSPropertyOp39
 70
     1
102
RTVSPropertyOp40
 70
     1
102
RTVSPropertyOp41
 70
     1
102
RTVSPropertyOp42
 70
     1
102
RTVSPropertyOp43
 70
     1
102
RTVSPropertyOp44
 70
     1
102
RTVSPropertyOp45
 70
     1
102
RTVSPropertyOp46
 70
     1
102
RTVSPropertyOp47
 70
     1
102
RTVSPropertyOp48
 70
     1
102
RTVSPropertyOp49
 70
     1
102
RTVSPropertyOp50
 70
     1
102
RTVSPropertyOp51
 70
     0
102
RTVSPropertyOp52
 70
     0
102
RTVSPropertyOp53
 70
     1
102
RTVSPropertyOp54
 70
     1
102
RTVSPropertyOp55
 70
     1
102
RTVSPropertyOp56
 70
     1
102
RTVSPropertyOp57
 70
     1
102
RTVSPropertyOp58
 70
     1
102
RTVSPropertyOp59
 70
     1
102
RTVSPropertyOp60
 70
     1
102
RTVSPropertyOp61
 70
     1
102
RTVSPropertyOp62
 70
     1
  0
XRECORD
  5
E58
102
{ACAD_REACTORS
330
E57
102
}
330
E57
100
AcDbXrecord
280
     1
102
RTVSPost2010Prop28
280
     0
102
RTVSPost2010PropOp28
 70
     1
102
RTVSPost2010Prop29
280
     1
102
RTVSPost2010PropOp29
 70
     1
102
RTVSPost2010Prop30
280
     1
102
RTVSPost2010PropOp30
 70
     1
102
RTVSPost2010Prop31
280
     0
102
RTVSPost2010PropOp31
 70
     1
102
RTVSPost2010Prop32
280
     0
102
RTVSPost2010PropOp32
 70
     1
102
RTVSPost2010Prop33
280
     0
102
RTVSPost2010PropOp33
 70
     1
102
RTVSPost2010Prop34
280
     0
102
RTVSPost2010PropOp34
 70
     1
102
RTVSPost2010Prop35
280
     0
102
RTVSPost2010PropOp35
 70
     1
102
RTVSPost2010Prop36
280
     0
102
RTVSPost2010PropOp36
 70
     1
102
RTVSPost2010Prop37
 90
       50
102
RTVSPost2010PropOp37
 70
     1
102
RTVSPost2010Prop38
140
0.0
102
RTVSPost2010PropOp38
 70
     1
102
RTVSPost2010Prop39
140
1.0
102
RTVSPost2010PropOp39
 70
     1
102
RTVSPost2010Prop40
 90
        0
102
RTVSPost2010PropOp40
 70
     1
102
RTVSPost2010Prop41ColorIndex
 90
       18
102
RTVSPost2010Prop41ColorRGB
 90
        0
102
RTVSPost2010PropOp41
 70
     1
102
RTVSPost2010Prop42
 90
       50
102
RTVSPost2010PropOp42
 70
     1
102
RTVSPost2010Prop43
 90
        3
102
RTVSPost2010PropOp43
 70
     1
102
RTVSPost2010Prop44ColorIndex
 90
        5
102
RTVSPost2010Prop44ColorRGB
 90
      255
102
RTVSPost2010PropOp44
 70
     1
102
RTVSPost2010Prop45
280
     0
102
RTVSPost2010PropOp45
 70
     1
102
RTVSPost2010Prop46
 90
       50
102
RTVSPost2010PropOp46
 70
     1
102
RTVSPost2010Prop47
 90
       50
102
RTVSPost2010PropOp47
 70
     1
102
RTVSPost2010Prop48
 90
       50
102
RTVSPost2010PropOp48
 70
     1
102
RTVSPost2010Prop49
280
     0
102
RTVSPost2010PropOp49
 70
     1
102
RTVSPost2010Prop50
 90
       50
102
RTVSPost2010PropOp50
 70
     1
102
RTVSPost2010Prop51ColorIndex
 90
      256
102
RTVSPost2010Prop51ColorRGB
 90
-16777216
102
RTVSPost2010PropOp51
 70
     0
102
RTVSPost2010Prop52
140
1.0
102
RTVSPost2010PropOp52
 70
     0
102
RTVSPost2010Prop53
 90
        2
102
RTVSPost2010PropOp53
 70
     1
102
RTVSPost2010Prop54
  1
strokes_ogs.tif
102
RTVSPost2010PropOp54
 70
     1
102
RTVSPost2010Prop55
280
     0
102
RTVSPost2010PropOp55
 70
     1
102
RTVSPost2010Prop56
140
1.0
102
RTVSPost2010PropOp56
 70
     1
102
RTVSPost2010Prop57
140
1.0
102
RTVSPost2010PropOp57
 70
     1
102
RTVSPropertyOp0
 70
     1
102
RTVSPropertyOp1
 70
     1
102
RTVSPropertyOp2
 70
     1
102
RTVSPropertyOp3
 70
     1
102
RTVSPropertyOp4
 70
     1
102
RTVSPropertyOp5
 70
     1
102
RTVSPropertyOp6
 70
     1
102
RTVSPropertyOp7
 70
     1
102
RTVSPropertyOp8
 70
     1
102
RTVSPropertyOp9
 70
     1
102
RTVSPropertyOp10
 70
     1
102
RTVSPropertyOp11
 70
     1
102
RTVSPropertyOp12
 70
     1
102
RTVSPropertyOp13
 70
     1
102
RTVSPropertyOp14
 70
     1
102
RTVSPropertyOp15
 70
     1
102
RTVSPropertyOp16
 70
     1
102
RTVSPropertyOp17
 70
     1
102
RTVSPropertyOp18
 70
     1
102
RTVSPropertyOp19
 70
     1
102
RTVSPropertyOp20
 70
     1
102
RTVSPropertyOp21
 70
     1
102
RTVSPropertyOp22
 70
     1
102
RTVSPropertyOp23
 70
     1
102
RTVSPropertyOp24
 70
     1
102
RTVSPropertyOp25
 70
     1
102
RTVSPropertyOp26
 70
     1
102
RTVSPropertyOp27
 70
     1
102
RTVSPropertyOp28
 70
     1
102
RTVSPropertyOp29
 70
     1
102
RTVSPropertyOp30
 70
     1
102
RTVSPropertyOp31
 70
     1
102
RTVSPropertyOp32
 70
     1
102
RTVSPropertyOp33
 70
     1
102
RTVSPropertyOp34
 70
     1
102
RTVSPropertyOp35
 70
     1
102
RTVSPropertyOp36
 70
     1
102
RTVSPropertyOp37
 70
     1
102
RTVSPropertyOp38
 70
     1
102
RTVSPropertyOp39
 70
     1
102
RTVSPropertyOp40
 70
     1
102
RTVSPropertyOp41
 70
     1
102
RTVSPropertyOp42
 70
     1
102
RTVSPropertyOp43
 70
     1
102
RTVSPropertyOp44
 70
     1
102
RTVSPropertyOp45
 70
     1
102
RTVSPropertyOp46
 70
     1
102
RTVSPropertyOp47
 70
     1
102
RTVSPropertyOp48
 70
     1
102
RTVSPropertyOp49
 70
     1
102
RTVSPropertyOp50
 70
     1
102
RTVSPropertyOp51
 70
     0
102
RTVSPropertyOp52
 70
     0
102
RTVSPropertyOp53
 70
     1
102
RTVSPropertyOp54
 70
     1
102
RTVSPropertyOp55
 70
     1
102
RTVSPropertyOp56
 70
     1
102
RTVSPropertyOp57
 70
     1
102
RTVSPropertyOp58
 70
     1
102
RTVSPropertyOp59
 70
     1
102
RTVSPropertyOp60
 70
     1
102
RTVSPropertyOp61
 70
     1
102
RTVSPropertyOp62
 70
     1
  0
XRECORD
  5
E54
102
{ACAD_REACTORS
330
E53
102
}
330
E53
100
AcDbXrecord
280
     1
102
RTVSPost2010Prop28
280
     0
102
RTVSPost2010PropOp28
 70
     1
102
RTVSPost2010Prop29
280
     1
102
RTVSPost2010PropOp29
 70
     1
102
RTVSPost2010Prop30
280
     1
102
RTVSPost2010PropOp30
 70
     1
102
RTVSPost2010Prop31
280
     0
102
RTVSPost2010PropOp31
 70
     1
102
RTVSPost2010Prop32
280
     0
102
RTVSPost2010PropOp32
 70
     1
102
RTVSPost2010Prop33
280
     0
102
RTVSPost2010PropOp33
 70
     1
102
RTVSPost2010Prop34
280
     0
102
RTVSPost2010PropOp34
 70
     1
102
RTVSPost2010Prop35
280
     0
102
RTVSPost2010PropOp35
 70
     1
102
RTVSPost2010Prop36
280
     0
102
RTVSPost2010PropOp36
 70
     1
102
RTVSPost2010Prop37
 90
       50
102
RTVSPost2010PropOp37
 70
     1
102
RTVSPost2010Prop38
140
0.0
102
RTVSPost2010PropOp38
 70
     1
102
RTVSPost2010Prop39
140
1.0
102
RTVSPost2010PropOp39
 70
     1
102
RTVSPost2010Prop40
 90
        0
102
RTVSPost2010PropOp40
 70
     1
102
RTVSPost2010Prop41ColorIndex
 90
       18
102
RTVSPost2010Prop41ColorRGB
 90
        0
102
RTVSPost2010PropOp41
 70
     1
102
RTVSPost2010Prop42
 90
       50
102
RTVSPost2010PropOp42
 70
     1
102
RTVSPost2010Prop43
 90
        3
102
RTVSPost2010PropOp43
 70
     1
102
RTVSPost2010Prop44ColorIndex
 90
        5
102
RTVSPost2010Prop44ColorRGB
 90
      255
102
RTVSPost2010PropOp44
 70
     1
102
RTVSPost2010Prop45
280
     0
102
RTVSPost2010PropOp45
 70
     1
102
RTVSPost2010Prop46
 90
       50
102
RTVSPost2010PropOp46
 70
     1
102
RTVSPost2010Prop47
 90
       50
102
RTVSPost2010PropOp47
 70
     1
102
RTVSPost2010Prop48
 90
       50
102
RTVSPost2010PropOp48
 70
     1
102
RTVSPost2010Prop49
280
     0
102
RTVSPost2010PropOp49
 70
     1
102
RTVSPost2010Prop50
 90
       50
102
RTVSPost2010PropOp50
 70
     1
102
RTVSPost2010Prop51ColorIndex
 90
      256
102
RTVSPost2010Prop51ColorRGB
 90
-16777216
102
RTVSPost2010PropOp51
 70
     0
102
RTVSPost2010Prop52
140
1.0
102
RTVSPost2010PropOp52
 70
     0
102
RTVSPost2010Prop53
 90
        2
102
RTVSPost2010PropOp53
 70
     1
102
RTVSPost2010Prop54
  1
strokes_ogs.tif
102
RTVSPost2010PropOp54
 70
     1
102
RTVSPost2010Prop55
280
     0
102
RTVSPost2010PropOp55
 70
     1
102
RTVSPost2010Prop56
140
1.0
102
RTVSPost2010PropOp56
 70
     1
102
RTVSPost2010Prop57
140
1.0
102
RTVSPost2010PropOp57
 70
     1
102
RTVSPropertyOp0
 70
     1
102
RTVSPropertyOp1
 70
     1
102
RTVSPropertyOp2
 70
     1
102
RTVSPropertyOp3
 70
     1
102
RTVSPropertyOp4
 70
     1
102
RTVSPropertyOp5
 70
     1
102
RTVSPropertyOp6
 70
     1
102
RTVSPropertyOp7
 70
     1
102
RTVSPropertyOp8
 70
     1
102
RTVSPropertyOp9
 70
     1
102
RTVSPropertyOp10
 70
     1
102
RTVSPropertyOp11
 70
     1
102
RTVSPropertyOp12
 70
     1
102
RTVSPropertyOp13
 70
     1
102
RTVSPropertyOp14
 70
     1
102
RTVSPropertyOp15
 70
     1
102
RTVSPropertyOp16
 70
     1
102
RTVSPropertyOp17
 70
     1
102
RTVSPropertyOp18
 70
     1
102
RTVSPropertyOp19
 70
     1
102
RTVSPropertyOp20
 70
     1
102
RTVSPropertyOp21
 70
     1
102
RTVSPropertyOp22
 70
     1
102
RTVSPropertyOp23
 70
     1
102
RTVSPropertyOp24
 70
     1
102
RTVSPropertyOp25
 70
     1
102
RTVSPropertyOp26
 70
     1
102
RTVSPropertyOp27
 70
     1
102
RTVSPropertyOp28
 70
     1
102
RTVSPropertyOp29
 70
     1
102
RTVSPropertyOp30
 70
     1
102
RTVSPropertyOp31
 70
     1
102
RTVSPropertyOp32
 70
     1
102
RTVSPropertyOp33
 70
     1
102
RTVSPropertyOp34
 70
     1
102
RTVSPropertyOp35
 70
     1
102
RTVSPropertyOp36
 70
     1
102
RTVSPropertyOp37
 70
     1
102
RTVSPropertyOp38
 70
     1
102
RTVSPropertyOp39
 70
     1
102
RTVSPropertyOp40
 70
     1
102
RTVSPropertyOp41
 70
     1
102
RTVSPropertyOp42
 70
     1
102
RTVSPropertyOp43
 70
     1
102
RTVSPropertyOp44
 70
     1
102
RTVSPropertyOp45
 70
     1
102
RTVSPropertyOp46
 70
     1
102
RTVSPropertyOp47
 70
     1
102
RTVSPropertyOp48
 70
     1
102
RTVSPropertyOp49
 70
     1
102
RTVSPropertyOp50
 70
     1
102
RTVSPropertyOp51
 70
     0
102
RTVSPropertyOp52
 70
     0
102
RTVSPropertyOp53
 70
     1
102
RTVSPropertyOp54
 70
     1
102
RTVSPropertyOp55
 70
     1
102
RTVSPropertyOp56
 70
     1
102
RTVSPropertyOp57
 70
     1
102
RTVSPropertyOp58
 70
     1
102
RTVSPropertyOp59
 70
     1
102
RTVSPropertyOp60
 70
     1
102
RTVSPropertyOp61
 70
     1
102
RTVSPropertyOp62
 70
     1
  0
XRECORD
  5
E62
102
{ACAD_REACTORS
330
E61
102
}
330
E61
100
AcDbXrecord
280
     1
102
RTVSPost2010Prop28
280
     0
102
RTVSPost2010PropOp28
 70
     1
102
RTVSPost2010Prop29
280
     1
102
RTVSPost2010PropOp29
 70
     1
102
RTVSPost2010Prop30
280
     1
102
RTVSPost2010PropOp30
 70
     1
102
RTVSPost2010Prop31
280
     0
102
RTVSPost2010PropOp31
 70
     1
102
RTVSPost2010Prop32
280
     0
102
RTVSPost2010PropOp32
 70
     1
102
RTVSPost2010Prop33
280
     0
102
RTVSPost2010PropOp33
 70
     1
102
RTVSPost2010Prop34
280
     0
102
RTVSPost2010PropOp34
 70
     1
102
RTVSPost2010Prop35
280
     0
102
RTVSPost2010PropOp35
 70
     1
102
RTVSPost2010Prop36
280
     0
102
RTVSPost2010PropOp36
 70
     1
102
RTVSPost2010Prop37
 90
       50
102
RTVSPost2010PropOp37
 70
     1
102
RTVSPost2010Prop38
140
0.0
102
RTVSPost2010PropOp38
 70
     1
102
RTVSPost2010Prop39
140
1.0
102
RTVSPost2010PropOp39
 70
     1
102
RTVSPost2010Prop40
 90
        0
102
RTVSPost2010PropOp40
 70
     1
102
RTVSPost2010Prop41ColorIndex
 90
       18
102
RTVSPost2010Prop41ColorRGB
 90
        0
102
RTVSPost2010PropOp41
 70
     1
102
RTVSPost2010Prop42
 90
       50
102
RTVSPost2010PropOp42
 70
     1
102
RTVSPost2010Prop43
 90
        3
102
RTVSPost2010PropOp43
 70
     1
102
RTVSPost2010Prop44ColorIndex
 90
        5
102
RTVSPost2010Prop44ColorRGB
 90
      255
102
RTVSPost2010PropOp44
 70
     1
102
RTVSPost2010Prop45
280
     0
102
RTVSPost2010PropOp45
 70
     1
102
RTVSPost2010Prop46
 90
       50
102
RTVSPost2010PropOp46
 70
     1
102
RTVSPost2010Prop47
 90
       50
102
RTVSPost2010PropOp47
 70
     1
102
RTVSPost2010Prop48
 90
       50
102
RTVSPost2010PropOp48
 70
     1
102
RTVSPost2010Prop49
280
     0
102
RTVSPost2010PropOp49
 70
     1
102
RTVSPost2010Prop50
 90
       50
102
RTVSPost2010PropOp50
 70
     1
102
RTVSPost2010Prop51ColorIndex
 90
      256
102
RTVSPost2010Prop51ColorRGB
 90
-16777216
102
RTVSPost2010PropOp51
 70
     0
102
RTVSPost2010Prop52
140
1.0
102
RTVSPost2010PropOp52
 70
     0
102
RTVSPost2010Prop53
 90
        2
102
RTVSPost2010PropOp53
 70
     1
102
RTVSPost2010Prop54
  1
strokes_ogs.tif
102
RTVSPost2010PropOp54
 70
     1
102
RTVSPost2010Prop55
280
     0
102
RTVSPost2010PropOp55
 70
     1
102
RTVSPost2010Prop56
140
1.0
102
RTVSPost2010PropOp56
 70
     1
102
RTVSPost2010Prop57
140
1.0
102
RTVSPost2010PropOp57
 70
     1
102
RTVSPropertyOp0
 70
     1
102
RTVSPropertyOp1
 70
     1
102
RTVSPropertyOp2
 70
     1
102
RTVSPropertyOp3
 70
     1
102
RTVSPropertyOp4
 70
     1
102
RTVSPropertyOp5
 70
     1
102
RTVSPropertyOp6
 70
     1
102
RTVSPropertyOp7
 70
     1
102
RTVSPropertyOp8
 70
     1
102
RTVSPropertyOp9
 70
     1
102
RTVSPropertyOp10
 70
     1
102
RTVSPropertyOp11
 70
     1
102
RTVSPropertyOp12
 70
     1
102
RTVSPropertyOp13
 70
     1
102
RTVSPropertyOp14
 70
     1
102
RTVSPropertyOp15
 70
     1
102
RTVSPropertyOp16
 70
     1
102
RTVSPropertyOp17
 70
     1
102
RTVSPropertyOp18
 70
     1
102
RTVSPropertyOp19
 70
     1
102
RTVSPropertyOp20
 70
     1
102
RTVSPropertyOp21
 70
     1
102
RTVSPropertyOp22
 70
     1
102
RTVSPropertyOp23
 70
     1
102
RTVSPropertyOp24
 70
     1
102
RTVSPropertyOp25
 70
     1
102
RTVSPropertyOp26
 70
     1
102
RTVSPropertyOp27
 70
     1
102
RTVSPropertyOp28
 70
     1
102
RTVSPropertyOp29
 70
     1
102
RTVSPropertyOp30
 70
     1
102
RTVSPropertyOp31
 70
     1
102
RTVSPropertyOp32
 70
     1
102
RTVSPropertyOp33
 70
     1
102
RTVSPropertyOp34
 70
     1
102
RTVSPropertyOp35
 70
     1
102
RTVSPropertyOp36
 70
     1
102
RTVSPropertyOp37
 70
     1
102
RTVSPropertyOp38
 70
     1
102
RTVSPropertyOp39
 70
     1
102
RTVSPropertyOp40
 70
     1
102
RTVSPropertyOp41
 70
     1
102
RTVSPropertyOp42
 70
     1
102
RTVSPropertyOp43
 70
     1
102
RTVSPropertyOp44
 70
     1
102
RTVSPropertyOp45
 70
     1
102
RTVSPropertyOp46
 70
     1
102
RTVSPropertyOp47
 70
     1
102
RTVSPropertyOp48
 70
     1
102
RTVSPropertyOp49
 70
     1
102
RTVSPropertyOp50
 70
     1
102
RTVSPropertyOp51
 70
     0
102
RTVSPropertyOp52
 70
     0
102
RTVSPropertyOp53
 70
     1
102
RTVSPropertyOp54
 70
     1
102
RTVSPropertyOp55
 70
     1
102
RTVSPropertyOp56
 70
     1
102
RTVSPropertyOp57
 70
     1
102
RTVSPropertyOp58
 70
     1
102
RTVSPropertyOp59
 70
     1
102
RTVSPropertyOp60
 70
     1
102
RTVSPropertyOp61
 70
     1
102
RTVSPropertyOp62
 70
     1
  0
XRECORD
  5
E6A
102
{ACAD_REACTORS
330
E69
102
}
330
E69
100
AcDbXrecord
280
     1
102
RTVSPost2010Prop28
280
     0
102
RTVSPost2010PropOp28
 70
     1
102
RTVSPost2010Prop29
280
     1
102
RTVSPost2010PropOp29
 70
     1
102
RTVSPost2010Prop30
280
     1
102
RTVSPost2010PropOp30
 70
     1
102
RTVSPost2010Prop31
280
     0
102
RTVSPost2010PropOp31
 70
     1
102
RTVSPost2010Prop32
280
     0
102
RTVSPost2010PropOp32
 70
     1
102
RTVSPost2010Prop33
280
     0
102
RTVSPost2010PropOp33
 70
     1
102
RTVSPost2010Prop34
280
     0
102
RTVSPost2010PropOp34
 70
     1
102
RTVSPost2010Prop35
280
     0
102
RTVSPost2010PropOp35
 70
     1
102
RTVSPost2010Prop36
280
     0
102
RTVSPost2010PropOp36
 70
     1
102
RTVSPost2010Prop37
 90
       50
102
RTVSPost2010PropOp37
 70
     1
102
RTVSPost2010Prop38
140
0.0
102
RTVSPost2010PropOp38
 70
     1
102
RTVSPost2010Prop39
140
1.0
102
RTVSPost2010PropOp39
 70
     1
102
RTVSPost2010Prop40
 90
        0
102
RTVSPost2010PropOp40
 70
     1
102
RTVSPost2010Prop41ColorIndex
 90
       18
102
RTVSPost2010Prop41ColorRGB
 90
        0
102
RTVSPost2010PropOp41
 70
     1
102
RTVSPost2010Prop42
 90
       50
102
RTVSPost2010PropOp42
 70
     1
102
RTVSPost2010Prop43
 90
        3
102
RTVSPost2010PropOp43
 70
     1
102
RTVSPost2010Prop44ColorIndex
 90
        5
102
RTVSPost2010Prop44ColorRGB
 90
      255
102
RTVSPost2010PropOp44
 70
     1
102
RTVSPost2010Prop45
280
     0
102
RTVSPost2010PropOp45
 70
     1
102
RTVSPost2010Prop46
 90
       50
102
RTVSPost2010PropOp46
 70
     1
102
RTVSPost2010Prop47
 90
       50
102
RTVSPost2010PropOp47
 70
     1
102
RTVSPost2010Prop48
 90
       50
102
RTVSPost2010PropOp48
 70
     1
102
RTVSPost2010Prop49
280
     0
102
RTVSPost2010PropOp49
 70
     1
102
RTVSPost2010Prop50
 90
       50
102
RTVSPost2010PropOp50
 70
     1
102
RTVSPost2010Prop51ColorIndex
 90
      256
102
RTVSPost2010Prop51ColorRGB
 90
-16777216
102
RTVSPost2010PropOp51
 70
     0
102
RTVSPost2010Prop52
140
1.0
102
RTVSPost2010PropOp52
 70
     0
102
RTVSPost2010Prop53
 90
        2
102
RTVSPost2010PropOp53
 70
     1
102
RTVSPost2010Prop54
  1
strokes_ogs.tif
102
RTVSPost2010PropOp54
 70
     1
102
RTVSPost2010Prop55
280
     0
102
RTVSPost2010PropOp55
 70
     1
102
RTVSPost2010Prop56
140
1.0
102
RTVSPost2010PropOp56
 70
     1
102
RTVSPost2010Prop57
140
1.0
102
RTVSPost2010PropOp57
 70
     1
102
RTVSPropertyOp0
 70
     1
102
RTVSPropertyOp1
 70
     1
102
RTVSPropertyOp2
 70
     1
102
RTVSPropertyOp3
 70
     1
102
RTVSPropertyOp4
 70
     1
102
RTVSPropertyOp5
 70
     1
102
RTVSPropertyOp6
 70
     1
102
RTVSPropertyOp7
 70
     1
102
RTVSPropertyOp8
 70
     1
102
RTVSPropertyOp9
 70
     1
102
RTVSPropertyOp10
 70
     1
102
RTVSPropertyOp11
 70
     1
102
RTVSPropertyOp12
 70
     1
102
RTVSPropertyOp13
 70
     1
102
RTVSPropertyOp14
 70
     1
102
RTVSPropertyOp15
 70
     1
102
RTVSPropertyOp16
 70
     1
102
RTVSPropertyOp17
 70
     1
102
RTVSPropertyOp18
 70
     1
102
RTVSPropertyOp19
 70
     1
102
RTVSPropertyOp20
 70
     1
102
RTVSPropertyOp21
 70
     1
102
RTVSPropertyOp22
 70
     1
102
RTVSPropertyOp23
 70
     1
102
RTVSPropertyOp24
 70
     1
102
RTVSPropertyOp25
 70
     1
102
RTVSPropertyOp26
 70
     1
102
RTVSPropertyOp27
 70
     1
102
RTVSPropertyOp28
 70
     1
102
RTVSPropertyOp29
 70
     1
102
RTVSPropertyOp30
 70
     1
102
RTVSPropertyOp31
 70
     1
102
RTVSPropertyOp32
 70
     1
102
RTVSPropertyOp33
 70
     1
102
RTVSPropertyOp34
 70
     1
102
RTVSPropertyOp35
 70
     1
102
RTVSPropertyOp36
 70
     1
102
RTVSPropertyOp37
 70
     1
102
RTVSPropertyOp38
 70
     1
102
RTVSPropertyOp39
 70
     1
102
RTVSPropertyOp40
 70
     1
102
RTVSPropertyOp41
 70
     1
102
RTVSPropertyOp42
 70
     1
102
RTVSPropertyOp43
 70
     1
102
RTVSPropertyOp44
 70
     1
102
RTVSPropertyOp45
 70
     1
102
RTVSPropertyOp46
 70
     1
102
RTVSPropertyOp47
 70
     1
102
RTVSPropertyOp48
 70
     1
102
RTVSPropertyOp49
 70
     1
102
RTVSPropertyOp50
 70
     1
102
RTVSPropertyOp51
 70
     0
102
RTVSPropertyOp52
 70
     0
102
RTVSPropertyOp53
 70
     1
102
RTVSPropertyOp54
 70
     1
102
RTVSPropertyOp55
 70
     1
102
RTVSPropertyOp56
 70
     1
102
RTVSPropertyOp57
 70
     1
102
RTVSPropertyOp58
 70
     1
102
RTVSPropertyOp59
 70
     1
102
RTVSPropertyOp60
 70
     1
102
RTVSPropertyOp61
 70
     1
102
RTVSPropertyOp62
 70
     1
  0
XRECORD
  5
E5C
102
{ACAD_REACTORS
330
E5B
102
}
330
E5B
100
AcDbXrecord
280
     1
102
RTVSPost2010Prop28
280
     0
102
RTVSPost2010PropOp28
 70
     1
102
RTVSPost2010Prop29
280
     1
102
RTVSPost2010PropOp29
 70
     1
102
RTVSPost2010Prop30
280
     1
102
RTVSPost2010PropOp30
 70
     1
102
RTVSPost2010Prop31
280
     0
102
RTVSPost2010PropOp31
 70
     1
102
RTVSPost2010Prop32
280
     0
102
RTVSPost2010PropOp32
 70
     1
102
RTVSPost2010Prop33
280
     0
102
RTVSPost2010PropOp33
 70
     1
102
RTVSPost2010Prop34
280
     0
102
RTVSPost2010PropOp34
 70
     1
102
RTVSPost2010Prop35
280
     0
102
RTVSPost2010PropOp35
 70
     1
102
RTVSPost2010Prop36
280
     0
102
RTVSPost2010PropOp36
 70
     1
102
RTVSPost2010Prop37
 90
       50
102
RTVSPost2010PropOp37
 70
     1
102
RTVSPost2010Prop38
140
0.0
102
RTVSPost2010PropOp38
 70
     1
102
RTVSPost2010Prop39
140
1.0
102
RTVSPost2010PropOp39
 70
     1
102
RTVSPost2010Prop40
 90
        0
102
RTVSPost2010PropOp40
 70
     1
102
RTVSPost2010Prop41ColorIndex
 90
       18
102
RTVSPost2010Prop41ColorRGB
 90
        0
102
RTVSPost2010PropOp41
 70
     1
102
RTVSPost2010Prop42
 90
       50
102
RTVSPost2010PropOp42
 70
     1
102
RTVSPost2010Prop43
 90
        3
102
RTVSPost2010PropOp43
 70
     1
102
RTVSPost2010Prop44ColorIndex
 90
        5
102
RTVSPost2010Prop44ColorRGB
 90
      255
102
RTVSPost2010PropOp44
 70
     1
102
RTVSPost2010Prop45
280
     0
102
RTVSPost2010PropOp45
 70
     1
102
RTVSPost2010Prop46
 90
       50
102
RTVSPost2010PropOp46
 70
     1
102
RTVSPost2010Prop47
 90
       50
102
RTVSPost2010PropOp47
 70
     1
102
RTVSPost2010Prop48
 90
       50
102
RTVSPost2010PropOp48
 70
     1
102
RTVSPost2010Prop49
280
     0
102
RTVSPost2010PropOp49
 70
     1
102
RTVSPost2010Prop50
 90
       50
102
RTVSPost2010PropOp50
 70
     1
102
RTVSPost2010Prop51ColorIndex
 90
      256
102
RTVSPost2010Prop51ColorRGB
 90
-16777216
102
RTVSPost2010PropOp51
 70
     0
102
RTVSPost2010Prop52
140
1.0
102
RTVSPost2010PropOp52
 70
     0
102
RTVSPost2010Prop53
 90
        2
102
RTVSPost2010PropOp53
 70
     1
102
RTVSPost2010Prop54
  1
strokes_ogs.tif
102
RTVSPost2010PropOp54
 70
     1
102
RTVSPost2010Prop55
280
     0
102
RTVSPost2010PropOp55
 70
     1
102
RTVSPost2010Prop56
140
1.0
102
RTVSPost2010PropOp56
 70
     1
102
RTVSPost2010Prop57
140
1.0
102
RTVSPost2010PropOp57
 70
     1
102
RTVSPropertyOp0
 70
     1
102
RTVSPropertyOp1
 70
     1
102
RTVSPropertyOp2
 70
     1
102
RTVSPropertyOp3
 70
     1
102
RTVSPropertyOp4
 70
     1
102
RTVSPropertyOp5
 70
     1
102
RTVSPropertyOp6
 70
     1
102
RTVSPropertyOp7
 70
     1
102
RTVSPropertyOp8
 70
     1
102
RTVSPropertyOp9
 70
     1
102
RTVSPropertyOp10
 70
     1
102
RTVSPropertyOp11
 70
     1
102
RTVSPropertyOp12
 70
     1
102
RTVSPropertyOp13
 70
     1
102
RTVSPropertyOp14
 70
     1
102
RTVSPropertyOp15
 70
     1
102
RTVSPropertyOp16
 70
     1
102
RTVSPropertyOp17
 70
     1
102
RTVSPropertyOp18
 70
     1
102
RTVSPropertyOp19
 70
     1
102
RTVSPropertyOp20
 70
     1
102
RTVSPropertyOp21
 70
     1
102
RTVSPropertyOp22
 70
     1
102
RTVSPropertyOp23
 70
     1
102
RTVSPropertyOp24
 70
     1
102
RTVSPropertyOp25
 70
     1
102
RTVSPropertyOp26
 70
     1
102
RTVSPropertyOp27
 70
     1
102
RTVSPropertyOp28
 70
     1
102
RTVSPropertyOp29
 70
     1
102
RTVSPropertyOp30
 70
     1
102
RTVSPropertyOp31
 70
     1
102
RTVSPropertyOp32
 70
     1
102
RTVSPropertyOp33
 70
     1
102
RTVSPropertyOp34
 70
     1
102
RTVSPropertyOp35
 70
     1
102
RTVSPropertyOp36
 70
     1
102
RTVSPropertyOp37
 70
     1
102
RTVSPropertyOp38
 70
     1
102
RTVSPropertyOp39
 70
     1
102
RTVSPropertyOp40
 70
     1
102
RTVSPropertyOp41
 70
     1
102
RTVSPropertyOp42
 70
     1
102
RTVSPropertyOp43
 70
     1
102
RTVSPropertyOp44
 70
     1
102
RTVSPropertyOp45
 70
     1
102
RTVSPropertyOp46
 70
     1
102
RTVSPropertyOp47
 70
     1
102
RTVSPropertyOp48
 70
     1
102
RTVSPropertyOp49
 70
     1
102
RTVSPropertyOp50
 70
     1
102
RTVSPropertyOp51
 70
     0
102
RTVSPropertyOp52
 70
     0
102
RTVSPropertyOp53
 70
     1
102
RTVSPropertyOp54
 70
     1
102
RTVSPropertyOp55
 70
     1
102
RTVSPropertyOp56
 70
     1
102
RTVSPropertyOp57
 70
     1
102
RTVSPropertyOp58
 70
     1
102
RTVSPropertyOp59
 70
     1
102
RTVSPropertyOp60
 70
     1
102
RTVSPropertyOp61
 70
     1
102
RTVSPropertyOp62
 70
     1
  0
XRECORD
  5
E60
102
{ACAD_REACTORS
330
E5F
102
}
330
E5F
100
AcDbXrecord
280
     1
102
RTVSPost2010Prop28
280
     0
102
RTVSPost2010PropOp28
 70
     1
102
RTVSPost2010Prop29
280
     1
102
RTVSPost2010PropOp29
 70
     1
102
RTVSPost2010Prop30
280
     1
102
RTVSPost2010PropOp30
 70
     1
102
RTVSPost2010Prop31
280
     0
102
RTVSPost2010PropOp31
 70
     1
102
RTVSPost2010Prop32
280
     0
102
RTVSPost2010PropOp32
 70
     1
102
RTVSPost2010Prop33
280
     0
102
RTVSPost2010PropOp33
 70
     1
102
RTVSPost2010Prop34
280
     0
102
RTVSPost2010PropOp34
 70
     1
102
RTVSPost2010Prop35
280
     0
102
RTVSPost2010PropOp35
 70
     1
102
RTVSPost2010Prop36
280
     0
102
RTVSPost2010PropOp36
 70
     1
102
RTVSPost2010Prop37
 90
       50
102
RTVSPost2010PropOp37
 70
     1
102
RTVSPost2010Prop38
140
0.0
102
RTVSPost2010PropOp38
 70
     1
102
RTVSPost2010Prop39
140
1.0
102
RTVSPost2010PropOp39
 70
     1
102
RTVSPost2010Prop40
 90
        0
102
RTVSPost2010PropOp40
 70
     1
102
RTVSPost2010Prop41ColorIndex
 90
       18
102
RTVSPost2010Prop41ColorRGB
 90
        0
102
RTVSPost2010PropOp41
 70
     1
102
RTVSPost2010Prop42
 90
       50
102
RTVSPost2010PropOp42
 70
     1
102
RTVSPost2010Prop43
 90
        3
102
RTVSPost2010PropOp43
 70
     1
102
RTVSPost2010Prop44ColorIndex
 90
        5
102
RTVSPost2010Prop44ColorRGB
 90
      255
102
RTVSPost2010PropOp44
 70
     1
102
RTVSPost2010Prop45
280
     0
102
RTVSPost2010PropOp45
 70
     1
102
RTVSPost2010Prop46
 90
       50
102
RTVSPost2010PropOp46
 70
     1
102
RTVSPost2010Prop47
 90
       50
102
RTVSPost2010PropOp47
 70
     1
102
RTVSPost2010Prop48
 90
       50
102
RTVSPost2010PropOp48
 70
     1
102
RTVSPost2010Prop49
280
     0
102
RTVSPost2010PropOp49
 70
     1
102
RTVSPost2010Prop50
 90
       50
102
RTVSPost2010PropOp50
 70
     1
102
RTVSPost2010Prop51ColorIndex
 90
      256
102
RTVSPost2010Prop51ColorRGB
 90
-16777216
102
RTVSPost2010PropOp51
 70
     0
102
RTVSPost2010Prop52
140
1.0
102
RTVSPost2010PropOp52
 70
     0
102
RTVSPost2010Prop53
 90
        2
102
RTVSPost2010PropOp53
 70
     1
102
RTVSPost2010Prop54
  1
strokes_ogs.tif
102
RTVSPost2010PropOp54
 70
     1
102
RTVSPost2010Prop55
280
     0
102
RTVSPost2010PropOp55
 70
     1
102
RTVSPost2010Prop56
140
1.0
102
RTVSPost2010PropOp56
 70
     1
102
RTVSPost2010Prop57
140
1.0
102
RTVSPost2010PropOp57
 70
     1
102
RTVSPropertyOp0
 70
     1
102
RTVSPropertyOp1
 70
     1
102
RTVSPropertyOp2
 70
     1
102
RTVSPropertyOp3
 70
     1
102
RTVSPropertyOp4
 70
     1
102
RTVSPropertyOp5
 70
     1
102
RTVSPropertyOp6
 70
     1
102
RTVSPropertyOp7
 70
     1
102
RTVSPropertyOp8
 70
     1
102
RTVSPropertyOp9
 70
     1
102
RTVSPropertyOp10
 70
     1
102
RTVSPropertyOp11
 70
     1
102
RTVSPropertyOp12
 70
     1
102
RTVSPropertyOp13
 70
     1
102
RTVSPropertyOp14
 70
     1
102
RTVSPropertyOp15
 70
     1
102
RTVSPropertyOp16
 70
     1
102
RTVSPropertyOp17
 70
     1
102
RTVSPropertyOp18
 70
     1
102
RTVSPropertyOp19
 70
     1
102
RTVSPropertyOp20
 70
     1
102
RTVSPropertyOp21
 70
     1
102
RTVSPropertyOp22
 70
     1
102
RTVSPropertyOp23
 70
     1
102
RTVSPropertyOp24
 70
     1
102
RTVSPropertyOp25
 70
     1
102
RTVSPropertyOp26
 70
     1
102
RTVSPropertyOp27
 70
     1
102
RTVSPropertyOp28
 70
     1
102
RTVSPropertyOp29
 70
     1
102
RTVSPropertyOp30
 70
     1
102
RTVSPropertyOp31
 70
     1
102
RTVSPropertyOp32
 70
     1
102
RTVSPropertyOp33
 70
     1
102
RTVSPropertyOp34
 70
     1
102
RTVSPropertyOp35
 70
     1
102
RTVSPropertyOp36
 70
     1
102
RTVSPropertyOp37
 70
     1
102
RTVSPropertyOp38
 70
     1
102
RTVSPropertyOp39
 70
     1
102
RTVSPropertyOp40
 70
     1
102
RTVSPropertyOp41
 70
     1
102
RTVSPropertyOp42
 70
     1
102
RTVSPropertyOp43
 70
     1
102
RTVSPropertyOp44
 70
     1
102
RTVSPropertyOp45
 70
     1
102
RTVSPropertyOp46
 70
     1
102
RTVSPropertyOp47
 70
     1
102
RTVSPropertyOp48
 70
     1
102
RTVSPropertyOp49
 70
     1
102
RTVSPropertyOp50
 70
     1
102
RTVSPropertyOp51
 70
     0
102
RTVSPropertyOp52
 70
     0
102
RTVSPropertyOp53
 70
     1
102
RTVSPropertyOp54
 70
     1
102
RTVSPropertyOp55
 70
     1
102
RTVSPropertyOp56
 70
     1
102
RTVSPropertyOp57
 70
     1
102
RTVSPropertyOp58
 70
     1
102
RTVSPropertyOp59
 70
     1
102
RTVSPropertyOp60
 70
     1
102
RTVSPropertyOp61
 70
     1
102
RTVSPropertyOp62
 70
     1
  0
XRECORD
  5
E7E
102
{ACAD_REACTORS
330
E7D
102
}
330
E7D
100
AcDbXrecord
280
     1
102
RTVSPost2010Prop28
280
     0
102
RTVSPost2010PropOp28
 70
     1
102
RTVSPost2010Prop29
280
     1
102
RTVSPost2010PropOp29
 70
     1
102
RTVSPost2010Prop30
280
     1
102
RTVSPost2010PropOp30
 70
     1
102
RTVSPost2010Prop31
280
     0
102
RTVSPost2010PropOp31
 70
     1
102
RTVSPost2010Prop32
280
     0
102
RTVSPost2010PropOp32
 70
     1
102
RTVSPost2010Prop33
280
     0
102
RTVSPost2010PropOp33
 70
     1
102
RTVSPost2010Prop34
280
     0
102
RTVSPost2010PropOp34
 70
     1
102
RTVSPost2010Prop35
280
     0
102
RTVSPost2010PropOp35
 70
     1
102
RTVSPost2010Prop36
280
     0
102
RTVSPost2010PropOp36
 70
     1
102
RTVSPost2010Prop37
 90
       50
102
RTVSPost2010PropOp37
 70
     0
102
RTVSPost2010Prop38
140
0.0
102
RTVSPost2010PropOp38
 70
     0
102
RTVSPost2010Prop39
140
1.0
102
RTVSPost2010PropOp39
 70
     0
102
RTVSPost2010Prop40
 90
        0
102
RTVSPost2010PropOp40
 70
     0
102
RTVSPost2010Prop41ColorIndex
 90
       18
102
RTVSPost2010Prop41ColorRGB
 90
        0
102
RTVSPost2010PropOp41
 70
     0
102
RTVSPost2010Prop42
 90
       50
102
RTVSPost2010PropOp42
 70
     0
102
RTVSPost2010Prop43
 90
        3
102
RTVSPost2010PropOp43
 70
     0
102
RTVSPost2010Prop44ColorIndex
 90
        5
102
RTVSPost2010Prop44ColorRGB
 90
      255
102
RTVSPost2010PropOp44
 70
     0
102
RTVSPost2010Prop45
280
     0
102
RTVSPost2010PropOp45
 70
     1
102
RTVSPost2010Prop46
 90
       50
102
RTVSPost2010PropOp46
 70
     0
102
RTVSPost2010Prop47
 90
       50
102
RTVSPost2010PropOp47
 70
     0
102
RTVSPost2010Prop48
 90
       50
102
RTVSPost2010PropOp48
 70
     0
102
RTVSPost2010Prop49
280
     0
102
RTVSPost2010PropOp49
 70
     1
102
RTVSPost2010Prop50
 90
       50
102
RTVSPost2010PropOp50
 70
     0
102
RTVSPost2010Prop51ColorIndex
 90
      256
102
RTVSPost2010Prop51ColorRGB
 90
-16777216
102
RTVSPost2010PropOp51
 70
     0
102
RTVSPost2010Prop52
140
1.0
102
RTVSPost2010PropOp52
 70
     0
102
RTVSPost2010Prop53
 90
        2
102
RTVSPost2010PropOp53
 70
     0
102
RTVSPost2010Prop54
  1
strokes_ogs.tif
102
RTVSPost2010PropOp54
 70
     0
102
RTVSPost2010Prop55
280
     0
102
RTVSPost2010PropOp55
 70
     1
102
RTVSPost2010Prop56
140
1.0
102
RTVSPost2010PropOp56
 70
     0
102
RTVSPost2010Prop57
140
1.0
102
RTVSPost2010PropOp57
 70
     0
102
RTVSPropertyOp0
 70
     0
102
RTVSPropertyOp1
 70
     0
102
RTVSPropertyOp2
 70
     0
102
RTVSPropertyOp3
 70
     0
102
RTVSPropertyOp4
 70
     0
102
RTVSPropertyOp5
 70
     0
102
RTVSPropertyOp6
 70
     0
102
RTVSPropertyOp7
 70
     0
102
RTVSPropertyOp8
 70
     0
102
RTVSPropertyOp9
 70
     0
102
RTVSPropertyOp10
 70
     0
102
RTVSPropertyOp11
 70
     0
102
RTVSPropertyOp12
 70
     0
102
RTVSPropertyOp13
 70
     0
102
RTVSPropertyOp14
 70
     2
102
RTVSPropertyOp15
 70
     0
102
RTVSPropertyOp16
 70
     0
102
RTVSPropertyOp17
 70
     0
102
RTVSPropertyOp18
 70
     0
102
RTVSPropertyOp19
 70
     0
102
RTVSPropertyOp20
 70
     0
102
RTVSPropertyOp21
 70
     0
102
RTVSPropertyOp22
 70
     0
102
RTVSPropertyOp23
 70
     0
102
RTVSPropertyOp24
 70
     0
102
RTVSPropertyOp25
 70
     0
102
RTVSPropertyOp26
 70
     0
102
RTVSPropertyOp27
 70
     0
102
RTVSPropertyOp28
 70
     1
102
RTVSPropertyOp29
 70
     1
102
RTVSPropertyOp30
 70
     1
102
RTVSPropertyOp31
 70
     1
102
RTVSPropertyOp32
 70
     1
102
RTVSPropertyOp33
 70
     1
102
RTVSPropertyOp34
 70
     1
102
RTVSPropertyOp35
 70
     1
102
RTVSPropertyOp36
 70
     1
102
RTVSPropertyOp37
 70
     0
102
RTVSPropertyOp38
 70
     0
102
RTVSPropertyOp39
 70
     0
102
RTVSPropertyOp40
 70
     0
102
RTVSPropertyOp41
 70
     0
102
RTVSPropertyOp42
 70
     0
102
RTVSPropertyOp43
 70
     0
102
RTVSPropertyOp44
 70
     0
102
RTVSPropertyOp45
 70
     1
102
RTVSPropertyOp46
 70
     0
102
RTVSPropertyOp47
 70
     0
102
RTVSPropertyOp48
 70
     0
102
RTVSPropertyOp49
 70
     1
102
RTVSPropertyOp50
 70
     0
102
RTVSPropertyOp51
 70
     0
102
RTVSPropertyOp52
 70
     0
102
RTVSPropertyOp53
 70
     0
102
RTVSPropertyOp54
 70
     0
102
RTVSPropertyOp55
 70
     1
102
RTVSPropertyOp56
 70
     0
102
RTVSPropertyOp57
 70
     0
102
RTVSPropertyOp58
 70
     0
102
RTVSPropertyOp59
 70
     0
102
RTVSPropertyOp60
 70
     0
102
RTVSPropertyOp61
 70
     0
102
RTVSPropertyOp62
 70
     0
  0
XRECORD
  5
E68
102
{ACAD_REACTORS
330
E67
102
}
330
E67
100
AcDbXrecord
280
     1
102
RTVSPost2010Prop28
280
     0
102
RTVSPost2010PropOp28
 70
     1
102
RTVSPost2010Prop29
280
     1
102
RTVSPost2010PropOp29
 70
     1
102
RTVSPost2010Prop30
280
     1
102
RTVSPost2010PropOp30
 70
     1
102
RTVSPost2010Prop31
280
     0
102
RTVSPost2010PropOp31
 70
     1
102
RTVSPost2010Prop32
280
     0
102
RTVSPost2010PropOp32
 70
     1
102
RTVSPost2010Prop33
280
     0
102
RTVSPost2010PropOp33
 70
     1
102
RTVSPost2010Prop34
280
     0
102
RTVSPost2010PropOp34
 70
     1
102
RTVSPost2010Prop35
280
     0
102
RTVSPost2010PropOp35
 70
     1
102
RTVSPost2010Prop36
280
     0
102
RTVSPost2010PropOp36
 70
     1
102
RTVSPost2010Prop37
 90
       50
102
RTVSPost2010PropOp37
 70
     1
102
RTVSPost2010Prop38
140
0.0
102
RTVSPost2010PropOp38
 70
     1
102
RTVSPost2010Prop39
140
1.0
102
RTVSPost2010PropOp39
 70
     1
102
RTVSPost2010Prop40
 90
        0
102
RTVSPost2010PropOp40
 70
     1
102
RTVSPost2010Prop41ColorIndex
 90
       18
102
RTVSPost2010Prop41ColorRGB
 90
        0
102
RTVSPost2010PropOp41
 70
     1
102
RTVSPost2010Prop42
 90
       50
102
RTVSPost2010PropOp42
 70
     1
102
RTVSPost2010Prop43
 90
        3
102
RTVSPost2010PropOp43
 70
     1
102
RTVSPost2010Prop44ColorIndex
 90
        5
102
RTVSPost2010Prop44ColorRGB
 90
      255
102
RTVSPost2010PropOp44
 70
     1
102
RTVSPost2010Prop45
280
     0
102
RTVSPost2010PropOp45
 70
     1
102
RTVSPost2010Prop46
 90
       50
102
RTVSPost2010PropOp46
 70
     1
102
RTVSPost2010Prop47
 90
       50
102
RTVSPost2010PropOp47
 70
     1
102
RTVSPost2010Prop48
 90
       50
102
RTVSPost2010PropOp48
 70
     1
102
RTVSPost2010Prop49
280
     0
102
RTVSPost2010PropOp49
 70
     1
102
RTVSPost2010Prop50
 90
       50
102
RTVSPost2010PropOp50
 70
     1
102
RTVSPost2010Prop51ColorIndex
 90
      256
102
RTVSPost2010Prop51ColorRGB
 90
-16777216
102
RTVSPost2010PropOp51
 70
     0
102
RTVSPost2010Prop52
140
1.0
102
RTVSPost2010PropOp52
 70
     0
102
RTVSPost2010Prop53
 90
        2
102
RTVSPost2010PropOp53
 70
     1
102
RTVSPost2010Prop54
  1
strokes_ogs.tif
102
RTVSPost2010PropOp54
 70
     1
102
RTVSPost2010Prop55
280
     0
102
RTVSPost2010PropOp55
 70
     1
102
RTVSPost2010Prop56
140
1.0
102
RTVSPost2010PropOp56
 70
     1
102
RTVSPost2010Prop57
140
1.0
102
RTVSPost2010PropOp57
 70
     1
102
RTVSPropertyOp0
 70
     1
102
RTVSPropertyOp1
 70
     1
102
RTVSPropertyOp2
 70
     1
102
RTVSPropertyOp3
 70
     1
102
RTVSPropertyOp4
 70
     1
102
RTVSPropertyOp5
 70
     1
102
RTVSPropertyOp6
 70
     1
102
RTVSPropertyOp7
 70
     1
102
RTVSPropertyOp8
 70
     1
102
RTVSPropertyOp9
 70
     1
102
RTVSPropertyOp10
 70
     1
102
RTVSPropertyOp11
 70
     1
102
RTVSPropertyOp12
 70
     1
102
RTVSPropertyOp13
 70
     1
102
RTVSPropertyOp14
 70
     1
102
RTVSPropertyOp15
 70
     1
102
RTVSPropertyOp16
 70
     1
102
RTVSPropertyOp17
 70
     1
102
RTVSPropertyOp18
 70
     1
102
RTVSPropertyOp19
 70
     1
102
RTVSPropertyOp20
 70
     1
102
RTVSPropertyOp21
 70
     1
102
RTVSPropertyOp22
 70
     1
102
RTVSPropertyOp23
 70
     1
102
RTVSPropertyOp24
 70
     1
102
RTVSPropertyOp25
 70
     1
102
RTVSPropertyOp26
 70
     1
102
RTVSPropertyOp27
 70
     1
102
RTVSPropertyOp28
 70
     1
102
RTVSPropertyOp29
 70
     1
102
RTVSPropertyOp30
 70
     1
102
RTVSPropertyOp31
 70
     1
102
RTVSPropertyOp32
 70
     1
102
RTVSPropertyOp33
 70
     1
102
RTVSPropertyOp34
 70
     1
102
RTVSPropertyOp35
 70
     1
102
RTVSPropertyOp36
 70
     1
102
RTVSPropertyOp37
 70
     1
102
RTVSPropertyOp38
 70
     1
102
RTVSPropertyOp39
 70
     1
102
RTVSPropertyOp40
 70
     1
102
RTVSPropertyOp41
 70
     1
102
RTVSPropertyOp42
 70
     1
102
RTVSPropertyOp43
 70
     1
102
RTVSPropertyOp44
 70
     1
102
RTVSPropertyOp45
 70
     1
102
RTVSPropertyOp46
 70
     1
102
RTVSPropertyOp47
 70
     1
102
RTVSPropertyOp48
 70
     1
102
RTVSPropertyOp49
 70
     1
102
RTVSPropertyOp50
 70
     1
102
RTVSPropertyOp51
 70
     0
102
RTVSPropertyOp52
 70
     0
102
RTVSPropertyOp53
 70
     1
102
RTVSPropertyOp54
 70
     1
102
RTVSPropertyOp55
 70
     1
102
RTVSPropertyOp56
 70
     1
102
RTVSPropertyOp57
 70
     1
102
RTVSPropertyOp58
 70
     1
102
RTVSPropertyOp59
 70
     1
102
RTVSPropertyOp60
 70
     1
102
RTVSPropertyOp61
 70
     1
102
RTVSPropertyOp62
 70
     1
  0
XRECORD
  5
E4C
102
{ACAD_REACTORS
330
E4B
102
}
330
E4B
100
AcDbXrecord
280
     1
102
RTVSPost2010Prop28
280
     0
102
RTVSPost2010PropOp28
 70
     1
102
RTVSPost2010Prop29
280
     1
102
RTVSPost2010PropOp29
 70
     1
102
RTVSPost2010Prop30
280
     1
102
RTVSPost2010PropOp30
 70
     1
102
RTVSPost2010Prop31
280
     0
102
RTVSPost2010PropOp31
 70
     1
102
RTVSPost2010Prop32
280
     0
102
RTVSPost2010PropOp32
 70
     1
102
RTVSPost2010Prop33
280
     0
102
RTVSPost2010PropOp33
 70
     1
102
RTVSPost2010Prop34
280
     0
102
RTVSPost2010PropOp34
 70
     1
102
RTVSPost2010Prop35
280
     0
102
RTVSPost2010PropOp35
 70
     1
102
RTVSPost2010Prop36
280
     0
102
RTVSPost2010PropOp36
 70
     1
102
RTVSPost2010Prop37
 90
       50
102
RTVSPost2010PropOp37
 70
     1
102
RTVSPost2010Prop38
140
0.0
102
RTVSPost2010PropOp38
 70
     1
102
RTVSPost2010Prop39
140
1.0
102
RTVSPost2010PropOp39
 70
     1
102
RTVSPost2010Prop40
 90
        0
102
RTVSPost2010PropOp40
 70
     1
102
RTVSPost2010Prop41ColorIndex
 90
       18
102
RTVSPost2010Prop41ColorRGB
 90
        0
102
RTVSPost2010PropOp41
 70
     1
102
RTVSPost2010Prop42
 90
       50
102
RTVSPost2010PropOp42
 70
     1
102
RTVSPost2010Prop43
 90
        3
102
RTVSPost2010PropOp43
 70
     1
102
RTVSPost2010Prop44ColorIndex
 90
        5
102
RTVSPost2010Prop44ColorRGB
 90
      255
102
RTVSPost2010PropOp44
 70
     1
102
RTVSPost2010Prop45
280
     0
102
RTVSPost2010PropOp45
 70
     1
102
RTVSPost2010Prop46
 90
       50
102
RTVSPost2010PropOp46
 70
     1
102
RTVSPost2010Prop47
 90
       50
102
RTVSPost2010PropOp47
 70
     1
102
RTVSPost2010Prop48
 90
       50
102
RTVSPost2010PropOp48
 70
     1
102
RTVSPost2010Prop49
280
     0
102
RTVSPost2010PropOp49
 70
     1
102
RTVSPost2010Prop50
 90
       50
102
RTVSPost2010PropOp50
 70
     1
102
RTVSPost2010Prop51ColorIndex
 90
      256
102
RTVSPost2010Prop51ColorRGB
 90
-16777216
102
RTVSPost2010PropOp51
 70
     0
102
RTVSPost2010Prop52
140
1.0
102
RTVSPost2010PropOp52
 70
     0
102
RTVSPost2010Prop53
 90
        2
102
RTVSPost2010PropOp53
 70
     1
102
RTVSPost2010Prop54
  1
strokes_ogs.tif
102
RTVSPost2010PropOp54
 70
     1
102
RTVSPost2010Prop55
280
     0
102
RTVSPost2010PropOp55
 70
     1
102
RTVSPost2010Prop56
140
1.0
102
RTVSPost2010PropOp56
 70
     1
102
RTVSPost2010Prop57
140
1.0
102
RTVSPost2010PropOp57
 70
     1
102
RTVSPropertyOp0
 70
     1
102
RTVSPropertyOp1
 70
     1
102
RTVSPropertyOp2
 70
     1
102
RTVSPropertyOp3
 70
     1
102
RTVSPropertyOp4
 70
     1
102
RTVSPropertyOp5
 70
     1
102
RTVSPropertyOp6
 70
     1
102
RTVSPropertyOp7
 70
     1
102
RTVSPropertyOp8
 70
     1
102
RTVSPropertyOp9
 70
     1
102
RTVSPropertyOp10
 70
     1
102
RTVSPropertyOp11
 70
     1
102
RTVSPropertyOp12
 70
     1
102
RTVSPropertyOp13
 70
     1
102
RTVSPropertyOp14
 70
     1
102
RTVSPropertyOp15
 70
     1
102
RTVSPropertyOp16
 70
     1
102
RTVSPropertyOp17
 70
     1
102
RTVSPropertyOp18
 70
     1
102
RTVSPropertyOp19
 70
     1
102
RTVSPropertyOp20
 70
     1
102
RTVSPropertyOp21
 70
     1
102
RTVSPropertyOp22
 70
     1
102
RTVSPropertyOp23
 70
     1
102
RTVSPropertyOp24
 70
     1
102
RTVSPropertyOp25
 70
     1
102
RTVSPropertyOp26
 70
     1
102
RTVSPropertyOp27
 70
     1
102
RTVSPropertyOp28
 70
     1
102
RTVSPropertyOp29
 70
     1
102
RTVSPropertyOp30
 70
     1
102
RTVSPropertyOp31
 70
     1
102
RTVSPropertyOp32
 70
     1
102
RTVSPropertyOp33
 70
     1
102
RTVSPropertyOp34
 70
     1
102
RTVSPropertyOp35
 70
     1
102
RTVSPropertyOp36
 70
     1
102
RTVSPropertyOp37
 70
     1
102
RTVSPropertyOp38
 70
     1
102
RTVSPropertyOp39
 70
     1
102
RTVSPropertyOp40
 70
     1
102
RTVSPropertyOp41
 70
     1
102
RTVSPropertyOp42
 70
     1
102
RTVSPropertyOp43
 70
     1
102
RTVSPropertyOp44
 70
     1
102
RTVSPropertyOp45
 70
     1
102
RTVSPropertyOp46
 70
     1
102
RTVSPropertyOp47
 70
     1
102
RTVSPropertyOp48
 70
     1
102
RTVSPropertyOp49
 70
     1
102
RTVSPropertyOp50
 70
     1
102
RTVSPropertyOp51
 70
     0
102
RTVSPropertyOp52
 70
     0
102
RTVSPropertyOp53
 70
     1
102
RTVSPropertyOp54
 70
     1
102
RTVSPropertyOp55
 70
     1
102
RTVSPropertyOp56
 70
     1
102
RTVSPropertyOp57
 70
     1
102
RTVSPropertyOp58
 70
     1
102
RTVSPropertyOp59
 70
     1
102
RTVSPropertyOp60
 70
     1
102
RTVSPropertyOp61
 70
     1
102
RTVSPropertyOp62
 70
     1
  0
XRECORD
  5
E4E
102
{ACAD_REACTORS
330
E4D
102
}
330
E4D
100
AcDbXrecord
280
     1
102
RTVSPost2010Prop28
280
     0
102
RTVSPost2010PropOp28
 70
     1
102
RTVSPost2010Prop29
280
     1
102
RTVSPost2010PropOp29
 70
     1
102
RTVSPost2010Prop30
280
     1
102
RTVSPost2010PropOp30
 70
     1
102
RTVSPost2010Prop31
280
     0
102
RTVSPost2010PropOp31
 70
     1
102
RTVSPost2010Prop32
280
     0
102
RTVSPost2010PropOp32
 70
     1
102
RTVSPost2010Prop33
280
     0
102
RTVSPost2010PropOp33
 70
     1
102
RTVSPost2010Prop34
280
     0
102
RTVSPost2010PropOp34
 70
     1
102
RTVSPost2010Prop35
280
     0
102
RTVSPost2010PropOp35
 70
     1
102
RTVSPost2010Prop36
280
     0
102
RTVSPost2010PropOp36
 70
     1
102
RTVSPost2010Prop37
 90
       50
102
RTVSPost2010PropOp37
 70
     1
102
RTVSPost2010Prop38
140
0.0
102
RTVSPost2010PropOp38
 70
     1
102
RTVSPost2010Prop39
140
1.0
102
RTVSPost2010PropOp39
 70
     1
102
RTVSPost2010Prop40
 90
        0
102
RTVSPost2010PropOp40
 70
     1
102
RTVSPost2010Prop41ColorIndex
 90
       18
102
RTVSPost2010Prop41ColorRGB
 90
        0
102
RTVSPost2010PropOp41
 70
     1
102
RTVSPost2010Prop42
 90
       50
102
RTVSPost2010PropOp42
 70
     1
102
RTVSPost2010Prop43
 90
        3
102
RTVSPost2010PropOp43
 70
     1
102
RTVSPost2010Prop44ColorIndex
 90
        5
102
RTVSPost2010Prop44ColorRGB
 90
      255
102
RTVSPost2010PropOp44
 70
     1
102
RTVSPost2010Prop45
280
     0
102
RTVSPost2010PropOp45
 70
     1
102
RTVSPost2010Prop46
 90
       50
102
RTVSPost2010PropOp46
 70
     1
102
RTVSPost2010Prop47
 90
       50
102
RTVSPost2010PropOp47
 70
     1
102
RTVSPost2010Prop48
 90
       50
102
RTVSPost2010PropOp48
 70
     1
102
RTVSPost2010Prop49
280
     0
102
RTVSPost2010PropOp49
 70
     1
102
RTVSPost2010Prop50
 90
       50
102
RTVSPost2010PropOp50
 70
     1
102
RTVSPost2010Prop51ColorIndex
 90
      256
102
RTVSPost2010Prop51ColorRGB
 90
-16777216
102
RTVSPost2010PropOp51
 70
     0
102
RTVSPost2010Prop52
140
1.0
102
RTVSPost2010PropOp52
 70
     0
102
RTVSPost2010Prop53
 90
        2
102
RTVSPost2010PropOp53
 70
     1
102
RTVSPost2010Prop54
  1
strokes_ogs.tif
102
RTVSPost2010PropOp54
 70
     1
102
RTVSPost2010Prop55
280
     0
102
RTVSPost2010PropOp55
 70
     1
102
RTVSPost2010Prop56
140
1.0
102
RTVSPost2010PropOp56
 70
     1
102
RTVSPost2010Prop57
140
1.0
102
RTVSPost2010PropOp57
 70
     1
102
RTVSPropertyOp0
 70
     1
102
RTVSPropertyOp1
 70
     1
102
RTVSPropertyOp2
 70
     1
102
RTVSPropertyOp3
 70
     1
102
RTVSPropertyOp4
 70
     1
102
RTVSPropertyOp5
 70
     1
102
RTVSPropertyOp6
 70
     1
102
RTVSPropertyOp7
 70
     1
102
RTVSPropertyOp8
 70
     1
102
RTVSPropertyOp9
 70
     1
102
RTVSPropertyOp10
 70
     1
102
RTVSPropertyOp11
 70
     1
102
RTVSPropertyOp12
 70
     1
102
RTVSPropertyOp13
 70
     1
102
RTVSPropertyOp14
 70
     1
102
RTVSPropertyOp15
 70
     1
102
RTVSPropertyOp16
 70
     1
102
RTVSPropertyOp17
 70
     1
102
RTVSPropertyOp18
 70
     1
102
RTVSPropertyOp19
 70
     1
102
RTVSPropertyOp20
 70
     1
102
RTVSPropertyOp21
 70
     1
102
RTVSPropertyOp22
 70
     1
102
RTVSPropertyOp23
 70
     1
102
RTVSPropertyOp24
 70
     1
102
RTVSPropertyOp25
 70
     1
102
RTVSPropertyOp26
 70
     1
102
RTVSPropertyOp27
 70
     1
102
RTVSPropertyOp28
 70
     1
102
RTVSPropertyOp29
 70
     1
102
RTVSPropertyOp30
 70
     1
102
RTVSPropertyOp31
 70
     1
102
RTVSPropertyOp32
 70
     1
102
RTVSPropertyOp33
 70
     1
102
RTVSPropertyOp34
 70
     1
102
RTVSPropertyOp35
 70
     1
102
RTVSPropertyOp36
 70
     1
102
RTVSPropertyOp37
 70
     1
102
RTVSPropertyOp38
 70
     1
102
RTVSPropertyOp39
 70
     1
102
RTVSPropertyOp40
 70
     1
102
RTVSPropertyOp41
 70
     1
102
RTVSPropertyOp42
 70
     1
102
RTVSPropertyOp43
 70
     1
102
RTVSPropertyOp44
 70
     1
102
RTVSPropertyOp45
 70
     1
102
RTVSPropertyOp46
 70
     1
102
RTVSPropertyOp47
 70
     1
102
RTVSPropertyOp48
 70
     1
102
RTVSPropertyOp49
 70
     1
102
RTVSPropertyOp50
 70
     1
102
RTVSPropertyOp51
 70
     0
102
RTVSPropertyOp52
 70
     0
102
RTVSPropertyOp53
 70
     1
102
RTVSPropertyOp54
 70
     1
102
RTVSPropertyOp55
 70
     1
102
RTVSPropertyOp56
 70
     1
102
RTVSPropertyOp57
 70
     1
102
RTVSPropertyOp58
 70
     1
102
RTVSPropertyOp59
 70
     1
102
RTVSPropertyOp60
 70
     1
102
RTVSPropertyOp61
 70
     1
102
RTVSPropertyOp62
 70
     1
  0
XRECORD
  5
E50
102
{ACAD_REACTORS
330
E4F
102
}
330
E4F
100
AcDbXrecord
280
     1
102
RTVSPost2010Prop28
280
     0
102
RTVSPost2010PropOp28
 70
     1
102
RTVSPost2010Prop29
280
     1
102
RTVSPost2010PropOp29
 70
     1
102
RTVSPost2010Prop30
280
     1
102
RTVSPost2010PropOp30
 70
     1
102
RTVSPost2010Prop31
280
     0
102
RTVSPost2010PropOp31
 70
     1
102
RTVSPost2010Prop32
280
     0
102
RTVSPost2010PropOp32
 70
     1
102
RTVSPost2010Prop33
280
     0
102
RTVSPost2010PropOp33
 70
     1
102
RTVSPost2010Prop34
280
     0
102
RTVSPost2010PropOp34
 70
     1
102
RTVSPost2010Prop35
280
     0
102
RTVSPost2010PropOp35
 70
     1
102
RTVSPost2010Prop36
280
     0
102
RTVSPost2010PropOp36
 70
     1
102
RTVSPost2010Prop37
 90
       50
102
RTVSPost2010PropOp37
 70
     1
102
RTVSPost2010Prop38
140
0.0
102
RTVSPost2010PropOp38
 70
     1
102
RTVSPost2010Prop39
140
1.0
102
RTVSPost2010PropOp39
 70
     1
102
RTVSPost2010Prop40
 90
        0
102
RTVSPost2010PropOp40
 70
     1
102
RTVSPost2010Prop41ColorIndex
 90
       18
102
RTVSPost2010Prop41ColorRGB
 90
        0
102
RTVSPost2010PropOp41
 70
     1
102
RTVSPost2010Prop42
 90
       50
102
RTVSPost2010PropOp42
 70
     1
102
RTVSPost2010Prop43
 90
        3
102
RTVSPost2010PropOp43
 70
     1
102
RTVSPost2010Prop44ColorIndex
 90
        5
102
RTVSPost2010Prop44ColorRGB
 90
      255
102
RTVSPost2010PropOp44
 70
     1
102
RTVSPost2010Prop45
280
     0
102
RTVSPost2010PropOp45
 70
     1
102
RTVSPost2010Prop46
 90
       50
102
RTVSPost2010PropOp46
 70
     1
102
RTVSPost2010Prop47
 90
       50
102
RTVSPost2010PropOp47
 70
     1
102
RTVSPost2010Prop48
 90
       50
102
RTVSPost2010PropOp48
 70
     1
102
RTVSPost2010Prop49
280
     0
102
RTVSPost2010PropOp49
 70
     1
102
RTVSPost2010Prop50
 90
       50
102
RTVSPost2010PropOp50
 70
     1
102
RTVSPost2010Prop51ColorIndex
 90
      256
102
RTVSPost2010Prop51ColorRGB
 90
-16777216
102
RTVSPost2010PropOp51
 70
     0
102
RTVSPost2010Prop52
140
1.0
102
RTVSPost2010PropOp52
 70
     0
102
RTVSPost2010Prop53
 90
        2
102
RTVSPost2010PropOp53
 70
     1
102
RTVSPost2010Prop54
  1
strokes_ogs.tif
102
RTVSPost2010PropOp54
 70
     1
102
RTVSPost2010Prop55
280
     0
102
RTVSPost2010PropOp55
 70
     1
102
RTVSPost2010Prop56
140
1.0
102
RTVSPost2010PropOp56
 70
     1
102
RTVSPost2010Prop57
140
1.0
102
RTVSPost2010PropOp57
 70
     1
102
RTVSPropertyOp0
 70
     1
102
RTVSPropertyOp1
 70
     1
102
RTVSPropertyOp2
 70
     1
102
RTVSPropertyOp3
 70
     1
102
RTVSPropertyOp4
 70
     1
102
RTVSPropertyOp5
 70
     1
102
RTVSPropertyOp6
 70
     1
102
RTVSPropertyOp7
 70
     1
102
RTVSPropertyOp8
 70
     1
102
RTVSPropertyOp9
 70
     1
102
RTVSPropertyOp10
 70
     1
102
RTVSPropertyOp11
 70
     1
102
RTVSPropertyOp12
 70
     1
102
RTVSPropertyOp13
 70
     1
102
RTVSPropertyOp14
 70
     1
102
RTVSPropertyOp15
 70
     1
102
RTVSPropertyOp16
 70
     1
102
RTVSPropertyOp17
 70
     1
102
RTVSPropertyOp18
 70
     1
102
RTVSPropertyOp19
 70
     1
102
RTVSPropertyOp20
 70
     1
102
RTVSPropertyOp21
 70
     1
102
RTVSPropertyOp22
 70
     1
102
RTVSPropertyOp23
 70
     1
102
RTVSPropertyOp24
 70
     1
102
RTVSPropertyOp25
 70
     1
102
RTVSPropertyOp26
 70
     1
102
RTVSPropertyOp27
 70
     1
102
RTVSPropertyOp28
 70
     1
102
RTVSPropertyOp29
 70
     1
102
RTVSPropertyOp30
 70
     1
102
RTVSPropertyOp31
 70
     1
102
RTVSPropertyOp32
 70
     1
102
RTVSPropertyOp33
 70
     1
102
RTVSPropertyOp34
 70
     1
102
RTVSPropertyOp35
 70
     1
102
RTVSPropertyOp36
 70
     1
102
RTVSPropertyOp37
 70
     1
102
RTVSPropertyOp38
 70
     1
102
RTVSPropertyOp39
 70
     1
102
RTVSPropertyOp40
 70
     1
102
RTVSPropertyOp41
 70
     1
102
RTVSPropertyOp42
 70
     1
102
RTVSPropertyOp43
 70
     1
102
RTVSPropertyOp44
 70
     1
102
RTVSPropertyOp45
 70
     1
102
RTVSPropertyOp46
 70
     1
102
RTVSPropertyOp47
 70
     1
102
RTVSPropertyOp48
 70
     1
102
RTVSPropertyOp49
 70
     1
102
RTVSPropertyOp50
 70
     1
102
RTVSPropertyOp51
 70
     0
102
RTVSPropertyOp52
 70
     0
102
RTVSPropertyOp53
 70
     1
102
RTVSPropertyOp54
 70
     1
102
RTVSPropertyOp55
 70
     1
102
RTVSPropertyOp56
 70
     1
102
RTVSPropertyOp57
 70
     1
102
RTVSPropertyOp58
 70
     1
102
RTVSPropertyOp59
 70
     1
102
RTVSPropertyOp60
 70
     1
102
RTVSPropertyOp61
 70
     1
102
RTVSPropertyOp62
 70
     1
  0
XRECORD
  5
E52
102
{ACAD_REACTORS
330
E51
102
}
330
E51
100
AcDbXrecord
280
     1
102
RTVSPost2010Prop28
280
     0
102
RTVSPost2010PropOp28
 70
     1
102
RTVSPost2010Prop29
280
     1
102
RTVSPost2010PropOp29
 70
     1
102
RTVSPost2010Prop30
280
     1
102
RTVSPost2010PropOp30
 70
     1
102
RTVSPost2010Prop31
280
     0
102
RTVSPost2010PropOp31
 70
     1
102
RTVSPost2010Prop32
280
     0
102
RTVSPost2010PropOp32
 70
     1
102
RTVSPost2010Prop33
280
     0
102
RTVSPost2010PropOp33
 70
     1
102
RTVSPost2010Prop34
280
     0
102
RTVSPost2010PropOp34
 70
     1
102
RTVSPost2010Prop35
280
     0
102
RTVSPost2010PropOp35
 70
     1
102
RTVSPost2010Prop36
280
     0
102
RTVSPost2010PropOp36
 70
     1
102
RTVSPost2010Prop37
 90
       50
102
RTVSPost2010PropOp37
 70
     1
102
RTVSPost2010Prop38
140
0.0
102
RTVSPost2010PropOp38
 70
     1
102
RTVSPost2010Prop39
140
1.0
102
RTVSPost2010PropOp39
 70
     1
102
RTVSPost2010Prop40
 90
        0
102
RTVSPost2010PropOp40
 70
     1
102
RTVSPost2010Prop41ColorIndex
 90
       18
102
RTVSPost2010Prop41ColorRGB
 90
        0
102
RTVSPost2010PropOp41
 70
     1
102
RTVSPost2010Prop42
 90
       50
102
RTVSPost2010PropOp42
 70
     1
102
RTVSPost2010Prop43
 90
        3
102
RTVSPost2010PropOp43
 70
     1
102
RTVSPost2010Prop44ColorIndex
 90
        5
102
RTVSPost2010Prop44ColorRGB
 90
      255
102
RTVSPost2010PropOp44
 70
     1
102
RTVSPost2010Prop45
280
     0
102
RTVSPost2010PropOp45
 70
     1
102
RTVSPost2010Prop46
 90
       50
102
RTVSPost2010PropOp46
 70
     1
102
RTVSPost2010Prop47
 90
       50
102
RTVSPost2010PropOp47
 70
     1
102
RTVSPost2010Prop48
 90
       50
102
RTVSPost2010PropOp48
 70
     1
102
RTVSPost2010Prop49
280
     0
102
RTVSPost2010PropOp49
 70
     1
102
RTVSPost2010Prop50
 90
       50
102
RTVSPost2010PropOp50
 70
     1
102
RTVSPost2010Prop51ColorIndex
 90
      256
102
RTVSPost2010Prop51ColorRGB
 90
-16777216
102
RTVSPost2010PropOp51
 70
     0
102
RTVSPost2010Prop52
140
1.0
102
RTVSPost2010PropOp52
 70
     0
102
RTVSPost2010Prop53
 90
        2
102
RTVSPost2010PropOp53
 70
     1
102
RTVSPost2010Prop54
  1
strokes_ogs.tif
102
RTVSPost2010PropOp54
 70
     1
102
RTVSPost2010Prop55
280
     0
102
RTVSPost2010PropOp55
 70
     1
102
RTVSPost2010Prop56
140
1.0
102
RTVSPost2010PropOp56
 70
     1
102
RTVSPost2010Prop57
140
1.0
102
RTVSPost2010PropOp57
 70
     1
102
RTVSPropertyOp0
 70
     1
102
RTVSPropertyOp1
 70
     1
102
RTVSPropertyOp2
 70
     1
102
RTVSPropertyOp3
 70
     1
102
RTVSPropertyOp4
 70
     1
102
RTVSPropertyOp5
 70
     1
102
RTVSPropertyOp6
 70
     1
102
RTVSPropertyOp7
 70
     1
102
RTVSPropertyOp8
 70
     1
102
RTVSPropertyOp9
 70
     1
102
RTVSPropertyOp10
 70
     1
102
RTVSPropertyOp11
 70
     1
102
RTVSPropertyOp12
 70
     1
102
RTVSPropertyOp13
 70
     1
102
RTVSPropertyOp14
 70
     1
102
RTVSPropertyOp15
 70
     1
102
RTVSPropertyOp16
 70
     1
102
RTVSPropertyOp17
 70
     1
102
RTVSPropertyOp18
 70
     1
102
RTVSPropertyOp19
 70
     1
102
RTVSPropertyOp20
 70
     1
102
RTVSPropertyOp21
 70
     1
102
RTVSPropertyOp22
 70
     1
102
RTVSPropertyOp23
 70
     1
102
RTVSPropertyOp24
 70
     1
102
RTVSPropertyOp25
 70
     1
102
RTVSPropertyOp26
 70
     1
102
RTVSPropertyOp27
 70
     1
102
RTVSPropertyOp28
 70
     1
102
RTVSPropertyOp29
 70
     1
102
RTVSPropertyOp30
 70
     1
102
RTVSPropertyOp31
 70
     1
102
RTVSPropertyOp32
 70
     1
102
RTVSPropertyOp33
 70
     1
102
RTVSPropertyOp34
 70
     1
102
RTVSPropertyOp35
 70
     1
102
RTVSPropertyOp36
 70
     1
102
RTVSPropertyOp37
 70
     1
102
RTVSPropertyOp38
 70
     1
102
RTVSPropertyOp39
 70
     1
102
RTVSPropertyOp40
 70
     1
102
RTVSPropertyOp41
 70
     1
102
RTVSPropertyOp42
 70
     1
102
RTVSPropertyOp43
 70
     1
102
RTVSPropertyOp44
 70
     1
102
RTVSPropertyOp45
 70
     1
102
RTVSPropertyOp46
 70
     1
102
RTVSPropertyOp47
 70
     1
102
RTVSPropertyOp48
 70
     1
102
RTVSPropertyOp49
 70
     1
102
RTVSPropertyOp50
 70
     1
102
RTVSPropertyOp51
 70
     0
102
RTVSPropertyOp52
 70
     0
102
RTVSPropertyOp53
 70
     1
102
RTVSPropertyOp54
 70
     1
102
RTVSPropertyOp55
 70
     1
102
RTVSPropertyOp56
 70
     1
102
RTVSPropertyOp57
 70
     1
102
RTVSPropertyOp58
 70
     1
102
RTVSPropertyOp59
 70
     1
102
RTVSPropertyOp60
 70
     1
102
RTVSPropertyOp61
 70
     1
102
RTVSPropertyOp62
 70
     1
  0
XRECORD
  5
E6E
102
{ACAD_REACTORS
330
E6D
102
}
330
E6D
100
AcDbXrecord
280
     1
102
RTVSPost2010Prop28
280
     0
102
RTVSPost2010PropOp28
 70
     1
102
RTVSPost2010Prop29
280
     1
102
RTVSPost2010PropOp29
 70
     1
102
RTVSPost2010Prop30
280
     1
102
RTVSPost2010PropOp30
 70
     1
102
RTVSPost2010Prop31
280
     0
102
RTVSPost2010PropOp31
 70
     1
102
RTVSPost2010Prop32
280
     0
102
RTVSPost2010PropOp32
 70
     1
102
RTVSPost2010Prop33
280
     0
102
RTVSPost2010PropOp33
 70
     1
102
RTVSPost2010Prop34
280
     0
102
RTVSPost2010PropOp34
 70
     1
102
RTVSPost2010Prop35
280
     0
102
RTVSPost2010PropOp35
 70
     1
102
RTVSPost2010Prop36
280
     0
102
RTVSPost2010PropOp36
 70
     1
102
RTVSPost2010Prop37
 90
       50
102
RTVSPost2010PropOp37
 70
     1
102
RTVSPost2010Prop38
140
0.0
102
RTVSPost2010PropOp38
 70
     1
102
RTVSPost2010Prop39
140
1.0
102
RTVSPost2010PropOp39
 70
     1
102
RTVSPost2010Prop40
 90
        0
102
RTVSPost2010PropOp40
 70
     1
102
RTVSPost2010Prop41ColorIndex
 90
       18
102
RTVSPost2010Prop41ColorRGB
 90
        0
102
RTVSPost2010PropOp41
 70
     1
102
RTVSPost2010Prop42
 90
       50
102
RTVSPost2010PropOp42
 70
     1
102
RTVSPost2010Prop43
 90
        3
102
RTVSPost2010PropOp43
 70
     1
102
RTVSPost2010Prop44ColorIndex
 90
        5
102
RTVSPost2010Prop44ColorRGB
 90
      255
102
RTVSPost2010PropOp44
 70
     1
102
RTVSPost2010Prop45
280
     0
102
RTVSPost2010PropOp45
 70
     1
102
RTVSPost2010Prop46
 90
       50
102
RTVSPost2010PropOp46
 70
     1
102
RTVSPost2010Prop47
 90
       50
102
RTVSPost2010PropOp47
 70
     1
102
RTVSPost2010Prop48
 90
       50
102
RTVSPost2010PropOp48
 70
     1
102
RTVSPost2010Prop49
280
     0
102
RTVSPost2010PropOp49
 70
     1
102
RTVSPost2010Prop50
 90
       50
102
RTVSPost2010PropOp50
 70
     1
102
RTVSPost2010Prop51ColorIndex
 90
      256
102
RTVSPost2010Prop51ColorRGB
 90
-16777216
102
RTVSPost2010PropOp51
 70
     0
102
RTVSPost2010Prop52
140
1.0
102
RTVSPost2010PropOp52
 70
     0
102
RTVSPost2010Prop53
 90
        2
102
RTVSPost2010PropOp53
 70
     1
102
RTVSPost2010Prop54
  1
strokes_ogs.tif
102
RTVSPost2010PropOp54
 70
     1
102
RTVSPost2010Prop55
280
     0
102
RTVSPost2010PropOp55
 70
     1
102
RTVSPost2010Prop56
140
1.0
102
RTVSPost2010PropOp56
 70
     1
102
RTVSPost2010Prop57
140
1.0
102
RTVSPost2010PropOp57
 70
     1
102
RTVSPropertyOp0
 70
     1
102
RTVSPropertyOp1
 70
     1
102
RTVSPropertyOp2
 70
     1
102
RTVSPropertyOp3
 70
     1
102
RTVSPropertyOp4
 70
     1
102
RTVSPropertyOp5
 70
     1
102
RTVSPropertyOp6
 70
     1
102
RTVSPropertyOp7
 70
     1
102
RTVSPropertyOp8
 70
     1
102
RTVSPropertyOp9
 70
     1
102
RTVSPropertyOp10
 70
     1
102
RTVSPropertyOp11
 70
     1
102
RTVSPropertyOp12
 70
     1
102
RTVSPropertyOp13
 70
     1
102
RTVSPropertyOp14
 70
     1
102
RTVSPropertyOp15
 70
     1
102
RTVSPropertyOp16
 70
     1
102
RTVSPropertyOp17
 70
     1
102
RTVSPropertyOp18
 70
     1
102
RTVSPropertyOp19
 70
     1
102
RTVSPropertyOp20
 70
     1
102
RTVSPropertyOp21
 70
     1
102
RTVSPropertyOp22
 70
     1
102
RTVSPropertyOp23
 70
     1
102
RTVSPropertyOp24
 70
     1
102
RTVSPropertyOp25
 70
     1
102
RTVSPropertyOp26
 70
     1
102
RTVSPropertyOp27
 70
     1
102
RTVSPropertyOp28
 70
     1
102
RTVSPropertyOp29
 70
     1
102
RTVSPropertyOp30
 70
     1
102
RTVSPropertyOp31
 70
     1
102
RTVSPropertyOp32
 70
     1
102
RTVSPropertyOp33
 70
     1
102
RTVSPropertyOp34
 70
     1
102
RTVSPropertyOp35
 70
     1
102
RTVSPropertyOp36
 70
     1
102
RTVSPropertyOp37
 70
     1
102
RTVSPropertyOp38
 70
     1
102
RTVSPropertyOp39
 70
     1
102
RTVSPropertyOp40
 70
     1
102
RTVSPropertyOp41
 70
     1
102
RTVSPropertyOp42
 70
     1
102
RTVSPropertyOp43
 70
     1
102
RTVSPropertyOp44
 70
     1
102
RTVSPropertyOp45
 70
     1
102
RTVSPropertyOp46
 70
     1
102
RTVSPropertyOp47
 70
     1
102
RTVSPropertyOp48
 70
     1
102
RTVSPropertyOp49
 70
     1
102
RTVSPropertyOp50
 70
     1
102
RTVSPropertyOp51
 70
     0
102
RTVSPropertyOp52
 70
     0
102
RTVSPropertyOp53
 70
     1
102
RTVSPropertyOp54
 70
     1
102
RTVSPropertyOp55
 70
     1
102
RTVSPropertyOp56
 70
     1
102
RTVSPropertyOp57
 70
     1
102
RTVSPropertyOp58
 70
     1
102
RTVSPropertyOp59
 70
     1
102
RTVSPropertyOp60
 70
     1
102
RTVSPropertyOp61
 70
     1
102
RTVSPropertyOp62
 70
     1
  0
XRECORD
  5
E7A
102
{ACAD_REACTORS
330
E79
102
}
330
E79
100
AcDbXrecord
280
     1
102
RTVSPost2010Prop28
280
     0
102
RTVSPost2010PropOp28
 70
     1
102
RTVSPost2010Prop29
280
     1
102
RTVSPost2010PropOp29
 70
     1
102
RTVSPost2010Prop30
280
     1
102
RTVSPost2010PropOp30
 70
     1
102
RTVSPost2010Prop31
280
     0
102
RTVSPost2010PropOp31
 70
     1
102
RTVSPost2010Prop32
280
     0
102
RTVSPost2010PropOp32
 70
     1
102
RTVSPost2010Prop33
280
     0
102
RTVSPost2010PropOp33
 70
     1
102
RTVSPost2010Prop34
280
     0
102
RTVSPost2010PropOp34
 70
     1
102
RTVSPost2010Prop35
280
     0
102
RTVSPost2010PropOp35
 70
     1
102
RTVSPost2010Prop36
280
     0
102
RTVSPost2010PropOp36
 70
     1
102
RTVSPost2010Prop37
 90
       50
102
RTVSPost2010PropOp37
 70
     0
102
RTVSPost2010Prop38
140
0.0
102
RTVSPost2010PropOp38
 70
     0
102
RTVSPost2010Prop39
140
1.0
102
RTVSPost2010PropOp39
 70
     0
102
RTVSPost2010Prop40
 90
        0
102
RTVSPost2010PropOp40
 70
     0
102
RTVSPost2010Prop41ColorIndex
 90
       18
102
RTVSPost2010Prop41ColorRGB
 90
        0
102
RTVSPost2010PropOp41
 70
     0
102
RTVSPost2010Prop42
 90
       50
102
RTVSPost2010PropOp42
 70
     0
102
RTVSPost2010Prop43
 90
        3
102
RTVSPost2010PropOp43
 70
     0
102
RTVSPost2010Prop44ColorIndex
 90
        5
102
RTVSPost2010Prop44ColorRGB
 90
      255
102
RTVSPost2010PropOp44
 70
     0
102
RTVSPost2010Prop45
280
     0
102
RTVSPost2010PropOp45
 70
     1
102
RTVSPost2010Prop46
 90
       50
102
RTVSPost2010PropOp46
 70
     0
102
RTVSPost2010Prop47
 90
       50
102
RTVSPost2010PropOp47
 70
     0
102
RTVSPost2010Prop48
 90
       50
102
RTVSPost2010PropOp48
 70
     0
102
RTVSPost2010Prop49
280
     0
102
RTVSPost2010PropOp49
 70
     1
102
RTVSPost2010Prop50
 90
       50
102
RTVSPost2010PropOp50
 70
     0
102
RTVSPost2010Prop51ColorIndex
 90
      256
102
RTVSPost2010Prop51ColorRGB
 90
-16777216
102
RTVSPost2010PropOp51
 70
     0
102
RTVSPost2010Prop52
140
1.0
102
RTVSPost2010PropOp52
 70
     0
102
RTVSPost2010Prop53
 90
        2
102
RTVSPost2010PropOp53
 70
     0
102
RTVSPost2010Prop54
  1
strokes_ogs.tif
102
RTVSPost2010PropOp54
 70
     0
102
RTVSPost2010Prop55
280
     0
102
RTVSPost2010PropOp55
 70
     1
102
RTVSPost2010Prop56
140
1.0
102
RTVSPost2010PropOp56
 70
     0
102
RTVSPost2010Prop57
140
1.0
102
RTVSPost2010PropOp57
 70
     0
102
RTVSPropertyOp0
 70
     0
102
RTVSPropertyOp1
 70
     0
102
RTVSPropertyOp2
 70
     0
102
RTVSPropertyOp3
 70
     0
102
RTVSPropertyOp4
 70
     0
102
RTVSPropertyOp5
 70
     0
102
RTVSPropertyOp6
 70
     0
102
RTVSPropertyOp7
 70
     0
102
RTVSPropertyOp8
 70
     0
102
RTVSPropertyOp9
 70
     0
102
RTVSPropertyOp10
 70
     0
102
RTVSPropertyOp11
 70
     0
102
RTVSPropertyOp12
 70
     0
102
RTVSPropertyOp13
 70
     0
102
RTVSPropertyOp14
 70
     2
102
RTVSPropertyOp15
 70
     0
102
RTVSPropertyOp16
 70
     0
102
RTVSPropertyOp17
 70
     0
102
RTVSPropertyOp18
 70
     0
102
RTVSPropertyOp19
 70
     0
102
RTVSPropertyOp20
 70
     0
102
RTVSPropertyOp21
 70
     0
102
RTVSPropertyOp22
 70
     0
102
RTVSPropertyOp23
 70
     0
102
RTVSPropertyOp24
 70
     0
102
RTVSPropertyOp25
 70
     0
102
RTVSPropertyOp26
 70
     0
102
RTVSPropertyOp27
 70
     0
102
RTVSPropertyOp28
 70
     1
102
RTVSPropertyOp29
 70
     1
102
RTVSPropertyOp30
 70
     1
102
RTVSPropertyOp31
 70
     1
102
RTVSPropertyOp32
 70
     1
102
RTVSPropertyOp33
 70
     1
102
RTVSPropertyOp34
 70
     1
102
RTVSPropertyOp35
 70
     1
102
RTVSPropertyOp36
 70
     1
102
RTVSPropertyOp37
 70
     0
102
RTVSPropertyOp38
 70
     0
102
RTVSPropertyOp39
 70
     0
102
RTVSPropertyOp40
 70
     0
102
RTVSPropertyOp41
 70
     0
102
RTVSPropertyOp42
 70
     0
102
RTVSPropertyOp43
 70
     0
102
RTVSPropertyOp44
 70
     0
102
RTVSPropertyOp45
 70
     1
102
RTVSPropertyOp46
 70
     0
102
RTVSPropertyOp47
 70
     0
102
RTVSPropertyOp48
 70
     0
102
RTVSPropertyOp49
 70
     1
102
RTVSPropertyOp50
 70
     0
102
RTVSPropertyOp51
 70
     0
102
RTVSPropertyOp52
 70
     0
102
RTVSPropertyOp53
 70
     0
102
RTVSPropertyOp54
 70
     0
102
RTVSPropertyOp55
 70
     1
102
RTVSPropertyOp56
 70
     0
102
RTVSPropertyOp57
 70
     0
102
RTVSPropertyOp58
 70
     0
102
RTVSPropertyOp59
 70
     0
102
RTVSPropertyOp60
 70
     0
102
RTVSPropertyOp61
 70
     0
102
RTVSPropertyOp62
 70
     0
  0
XRECORD
  5
E66
102
{ACAD_REACTORS
330
E65
102
}
330
E65
100
AcDbXrecord
280
     1
102
RTVSPost2010Prop28
280
     0
102
RTVSPost2010PropOp28
 70
     1
102
RTVSPost2010Prop29
280
     1
102
RTVSPost2010PropOp29
 70
     1
102
RTVSPost2010Prop30
280
     1
102
RTVSPost2010PropOp30
 70
     1
102
RTVSPost2010Prop31
280
     0
102
RTVSPost2010PropOp31
 70
     1
102
RTVSPost2010Prop32
280
     0
102
RTVSPost2010PropOp32
 70
     1
102
RTVSPost2010Prop33
280
     0
102
RTVSPost2010PropOp33
 70
     1
102
RTVSPost2010Prop34
280
     0
102
RTVSPost2010PropOp34
 70
     1
102
RTVSPost2010Prop35
280
     0
102
RTVSPost2010PropOp35
 70
     1
102
RTVSPost2010Prop36
280
     0
102
RTVSPost2010PropOp36
 70
     1
102
RTVSPost2010Prop37
 90
       50
102
RTVSPost2010PropOp37
 70
     1
102
RTVSPost2010Prop38
140
0.0
102
RTVSPost2010PropOp38
 70
     1
102
RTVSPost2010Prop39
140
1.0
102
RTVSPost2010PropOp39
 70
     1
102
RTVSPost2010Prop40
 90
        0
102
RTVSPost2010PropOp40
 70
     1
102
RTVSPost2010Prop41ColorIndex
 90
       18
102
RTVSPost2010Prop41ColorRGB
 90
        0
102
RTVSPost2010PropOp41
 70
     1
102
RTVSPost2010Prop42
 90
       50
102
RTVSPost2010PropOp42
 70
     1
102
RTVSPost2010Prop43
 90
        3
102
RTVSPost2010PropOp43
 70
     1
102
RTVSPost2010Prop44ColorIndex
 90
        5
102
RTVSPost2010Prop44ColorRGB
 90
      255
102
RTVSPost2010PropOp44
 70
     1
102
RTVSPost2010Prop45
280
     0
102
RTVSPost2010PropOp45
 70
     1
102
RTVSPost2010Prop46
 90
       50
102
RTVSPost2010PropOp46
 70
     1
102
RTVSPost2010Prop47
 90
       50
102
RTVSPost2010PropOp47
 70
     1
102
RTVSPost2010Prop48
 90
       50
102
RTVSPost2010PropOp48
 70
     1
102
RTVSPost2010Prop49
280
     0
102
RTVSPost2010PropOp49
 70
     1
102
RTVSPost2010Prop50
 90
       50
102
RTVSPost2010PropOp50
 70
     1
102
RTVSPost2010Prop51ColorIndex
 90
      256
102
RTVSPost2010Prop51ColorRGB
 90
-16777216
102
RTVSPost2010PropOp51
 70
     0
102
RTVSPost2010Prop52
140
1.0
102
RTVSPost2010PropOp52
 70
     0
102
RTVSPost2010Prop53
 90
        2
102
RTVSPost2010PropOp53
 70
     1
102
RTVSPost2010Prop54
  1
strokes_ogs.tif
102
RTVSPost2010PropOp54
 70
     1
102
RTVSPost2010Prop55
280
     0
102
RTVSPost2010PropOp55
 70
     1
102
RTVSPost2010Prop56
140
1.0
102
RTVSPost2010PropOp56
 70
     1
102
RTVSPost2010Prop57
140
1.0
102
RTVSPost2010PropOp57
 70
     1
102
RTVSPropertyOp0
 70
     1
102
RTVSPropertyOp1
 70
     1
102
RTVSPropertyOp2
 70
     1
102
RTVSPropertyOp3
 70
     1
102
RTVSPropertyOp4
 70
     1
102
RTVSPropertyOp5
 70
     1
102
RTVSPropertyOp6
 70
     1
102
RTVSPropertyOp7
 70
     1
102
RTVSPropertyOp8
 70
     1
102
RTVSPropertyOp9
 70
     1
102
RTVSPropertyOp10
 70
     1
102
RTVSPropertyOp11
 70
     1
102
RTVSPropertyOp12
 70
     1
102
RTVSPropertyOp13
 70
     1
102
RTVSPropertyOp14
 70
     1
102
RTVSPropertyOp15
 70
     1
102
RTVSPropertyOp16
 70
     1
102
RTVSPropertyOp17
 70
     1
102
RTVSPropertyOp18
 70
     1
102
RTVSPropertyOp19
 70
     1
102
RTVSPropertyOp20
 70
     1
102
RTVSPropertyOp21
 70
     1
102
RTVSPropertyOp22
 70
     1
102
RTVSPropertyOp23
 70
     1
102
RTVSPropertyOp24
 70
     1
102
RTVSPropertyOp25
 70
     1
102
RTVSPropertyOp26
 70
     1
102
RTVSPropertyOp27
 70
     1
102
RTVSPropertyOp28
 70
     1
102
RTVSPropertyOp29
 70
     1
102
RTVSPropertyOp30
 70
     1
102
RTVSPropertyOp31
 70
     1
102
RTVSPropertyOp32
 70
     1
102
RTVSPropertyOp33
 70
     1
102
RTVSPropertyOp34
 70
     1
102
RTVSPropertyOp35
 70
     1
102
RTVSPropertyOp36
 70
     1
102
RTVSPropertyOp37
 70
     1
102
RTVSPropertyOp38
 70
     1
102
RTVSPropertyOp39
 70
     1
102
RTVSPropertyOp40
 70
     1
102
RTVSPropertyOp41
 70
     1
102
RTVSPropertyOp42
 70
     1
102
RTVSPropertyOp43
 70
     1
102
RTVSPropertyOp44
 70
     1
102
RTVSPropertyOp45
 70
     1
102
RTVSPropertyOp46
 70
     1
102
RTVSPropertyOp47
 70
     1
102
RTVSPropertyOp48
 70
     1
102
RTVSPropertyOp49
 70
     1
102
RTVSPropertyOp50
 70
     1
102
RTVSPropertyOp51
 70
     0
102
RTVSPropertyOp52
 70
     0
102
RTVSPropertyOp53
 70
     1
102
RTVSPropertyOp54
 70
     1
102
RTVSPropertyOp55
 70
     1
102
RTVSPropertyOp56
 70
     1
102
RTVSPropertyOp57
 70
     1
102
RTVSPropertyOp58
 70
     1
102
RTVSPropertyOp59
 70
     1
102
RTVSPropertyOp60
 70
     1
102
RTVSPropertyOp61
 70
     1
102
RTVSPropertyOp62
 70
     1
  0
XRECORD
  5
E7C
102
{ACAD_REACTORS
330
E7B
102
}
330
E7B
100
AcDbXrecord
280
     1
102
RTVSPost2010Prop28
280
     0
102
RTVSPost2010PropOp28
 70
     1
102
RTVSPost2010Prop29
280
     1
102
RTVSPost2010PropOp29
 70
     1
102
RTVSPost2010Prop30
280
     1
102
RTVSPost2010PropOp30
 70
     1
102
RTVSPost2010Prop31
280
     0
102
RTVSPost2010PropOp31
 70
     1
102
RTVSPost2010Prop32
280
     0
102
RTVSPost2010PropOp32
 70
     1
102
RTVSPost2010Prop33
280
     0
102
RTVSPost2010PropOp33
 70
     1
102
RTVSPost2010Prop34
280
     0
102
RTVSPost2010PropOp34
 70
     1
102
RTVSPost2010Prop35
280
     0
102
RTVSPost2010PropOp35
 70
     1
102
RTVSPost2010Prop36
280
     0
102
RTVSPost2010PropOp36
 70
     1
102
RTVSPost2010Prop37
 90
       50
102
RTVSPost2010PropOp37
 70
     0
102
RTVSPost2010Prop38
140
0.0
102
RTVSPost2010PropOp38
 70
     0
102
RTVSPost2010Prop39
140
1.0
102
RTVSPost2010PropOp39
 70
     0
102
RTVSPost2010Prop40
 90
        0
102
RTVSPost2010PropOp40
 70
     0
102
RTVSPost2010Prop41ColorIndex
 90
       18
102
RTVSPost2010Prop41ColorRGB
 90
        0
102
RTVSPost2010PropOp41
 70
     0
102
RTVSPost2010Prop42
 90
       50
102
RTVSPost2010PropOp42
 70
     0
102
RTVSPost2010Prop43
 90
        3
102
RTVSPost2010PropOp43
 70
     0
102
RTVSPost2010Prop44ColorIndex
 90
        5
102
RTVSPost2010Prop44ColorRGB
 90
      255
102
RTVSPost2010PropOp44
 70
     0
102
RTVSPost2010Prop45
280
     0
102
RTVSPost2010PropOp45
 70
     1
102
RTVSPost2010Prop46
 90
       50
102
RTVSPost2010PropOp46
 70
     0
102
RTVSPost2010Prop47
 90
       50
102
RTVSPost2010PropOp47
 70
     0
102
RTVSPost2010Prop48
 90
       50
102
RTVSPost2010PropOp48
 70
     0
102
RTVSPost2010Prop49
280
     0
102
RTVSPost2010PropOp49
 70
     1
102
RTVSPost2010Prop50
 90
       50
102
RTVSPost2010PropOp50
 70
     0
102
RTVSPost2010Prop51ColorIndex
 90
      256
102
RTVSPost2010Prop51ColorRGB
 90
-16777216
102
RTVSPost2010PropOp51
 70
     0
102
RTVSPost2010Prop52
140
1.0
102
RTVSPost2010PropOp52
 70
     0
102
RTVSPost2010Prop53
 90
        2
102
RTVSPost2010PropOp53
 70
     0
102
RTVSPost2010Prop54
  1
strokes_ogs.tif
102
RTVSPost2010PropOp54
 70
     0
102
RTVSPost2010Prop55
280
     0
102
RTVSPost2010PropOp55
 70
     1
102
RTVSPost2010Prop56
140
1.0
102
RTVSPost2010PropOp56
 70
     0
102
RTVSPost2010Prop57
140
1.0
102
RTVSPost2010PropOp57
 70
     0
102
RTVSPropertyOp0
 70
     0
102
RTVSPropertyOp1
 70
     0
102
RTVSPropertyOp2
 70
     0
102
RTVSPropertyOp3
 70
     0
102
RTVSPropertyOp4
 70
     0
102
RTVSPropertyOp5
 70
     0
102
RTVSPropertyOp6
 70
     0
102
RTVSPropertyOp7
 70
     0
102
RTVSPropertyOp8
 70
     0
102
RTVSPropertyOp9
 70
     0
102
RTVSPropertyOp10
 70
     0
102
RTVSPropertyOp11
 70
     0
102
RTVSPropertyOp12
 70
     0
102
RTVSPropertyOp13
 70
     0
102
RTVSPropertyOp14
 70
     2
102
RTVSPropertyOp15
 70
     0
102
RTVSPropertyOp16
 70
     0
102
RTVSPropertyOp17
 70
     0
102
RTVSPropertyOp18
 70
     0
102
RTVSPropertyOp19
 70
     0
102
RTVSPropertyOp20
 70
     0
102
RTVSPropertyOp21
 70
     0
102
RTVSPropertyOp22
 70
     0
102
RTVSPropertyOp23
 70
     0
102
RTVSPropertyOp24
 70
     0
102
RTVSPropertyOp25
 70
     0
102
RTVSPropertyOp26
 70
     0
102
RTVSPropertyOp27
 70
     0
102
RTVSPropertyOp28
 70
     1
102
RTVSPropertyOp29
 70
     1
102
RTVSPropertyOp30
 70
     1
102
RTVSPropertyOp31
 70
     1
102
RTVSPropertyOp32
 70
     1
102
RTVSPropertyOp33
 70
     1
102
RTVSPropertyOp34
 70
     1
102
RTVSPropertyOp35
 70
     1
102
RTVSPropertyOp36
 70
     1
102
RTVSPropertyOp37
 70
     0
102
RTVSPropertyOp38
 70
     0
102
RTVSPropertyOp39
 70
     0
102
RTVSPropertyOp40
 70
     0
102
RTVSPropertyOp41
 70
     0
102
RTVSPropertyOp42
 70
     0
102
RTVSPropertyOp43
 70
     0
102
RTVSPropertyOp44
 70
     0
102
RTVSPropertyOp45
 70
     1
102
RTVSPropertyOp46
 70
     0
102
RTVSPropertyOp47
 70
     0
102
RTVSPropertyOp48
 70
     0
102
RTVSPropertyOp49
 70
     1
102
RTVSPropertyOp50
 70
     0
102
RTVSPropertyOp51
 70
     0
102
RTVSPropertyOp52
 70
     0
102
RTVSPropertyOp53
 70
     0
102
RTVSPropertyOp54
 70
     0
102
RTVSPropertyOp55
 70
     1
102
RTVSPropertyOp56
 70
     0
102
RTVSPropertyOp57
 70
     0
102
RTVSPropertyOp58
 70
     0
102
RTVSPropertyOp59
 70
     0
102
RTVSPropertyOp60
 70
     0
102
RTVSPropertyOp61
 70
     0
102
RTVSPropertyOp62
 70
     0
  0
XRECORD
  5
E5E
102
{ACAD_REACTORS
330
E5D
102
}
330
E5D
100
AcDbXrecord
280
     1
102
RTVSPost2010Prop28
280
     0
102
RTVSPost2010PropOp28
 70
     1
102
RTVSPost2010Prop29
280
     1
102
RTVSPost2010PropOp29
 70
     1
102
RTVSPost2010Prop30
280
     1
102
RTVSPost2010PropOp30
 70
     1
102
RTVSPost2010Prop31
280
     0
102
RTVSPost2010PropOp31
 70
     1
102
RTVSPost2010Prop32
280
     0
102
RTVSPost2010PropOp32
 70
     1
102
RTVSPost2010Prop33
280
     0
102
RTVSPost2010PropOp33
 70
     1
102
RTVSPost2010Prop34
280
     0
102
RTVSPost2010PropOp34
 70
     1
102
RTVSPost2010Prop35
280
     0
102
RTVSPost2010PropOp35
 70
     1
102
RTVSPost2010Prop36
280
     0
102
RTVSPost2010PropOp36
 70
     1
102
RTVSPost2010Prop37
 90
       50
102
RTVSPost2010PropOp37
 70
     1
102
RTVSPost2010Prop38
140
0.0
102
RTVSPost2010PropOp38
 70
     1
102
RTVSPost2010Prop39
140
1.0
102
RTVSPost2010PropOp39
 70
     1
102
RTVSPost2010Prop40
 90
        0
102
RTVSPost2010PropOp40
 70
     1
102
RTVSPost2010Prop41ColorIndex
 90
       18
102
RTVSPost2010Prop41ColorRGB
 90
        0
102
RTVSPost2010PropOp41
 70
     1
102
RTVSPost2010Prop42
 90
       50
102
RTVSPost2010PropOp42
 70
     1
102
RTVSPost2010Prop43
 90
        3
102
RTVSPost2010PropOp43
 70
     1
102
RTVSPost2010Prop44ColorIndex
 90
        5
102
RTVSPost2010Prop44ColorRGB
 90
      255
102
RTVSPost2010PropOp44
 70
     1
102
RTVSPost2010Prop45
280
     0
102
RTVSPost2010PropOp45
 70
     1
102
RTVSPost2010Prop46
 90
       50
102
RTVSPost2010PropOp46
 70
     1
102
RTVSPost2010Prop47
 90
       50
102
RTVSPost2010PropOp47
 70
     1
102
RTVSPost2010Prop48
 90
       50
102
RTVSPost2010PropOp48
 70
     1
102
RTVSPost2010Prop49
280
     0
102
RTVSPost2010PropOp49
 70
     1
102
RTVSPost2010Prop50
 90
       50
102
RTVSPost2010PropOp50
 70
     1
102
RTVSPost2010Prop51ColorIndex
 90
      256
102
RTVSPost2010Prop51ColorRGB
 90
-16777216
102
RTVSPost2010PropOp51
 70
     0
102
RTVSPost2010Prop52
140
1.0
102
RTVSPost2010PropOp52
 70
     0
102
RTVSPost2010Prop53
 90
        2
102
RTVSPost2010PropOp53
 70
     1
102
RTVSPost2010Prop54
  1
strokes_ogs.tif
102
RTVSPost2010PropOp54
 70
     1
102
RTVSPost2010Prop55
280
     0
102
RTVSPost2010PropOp55
 70
     1
102
RTVSPost2010Prop56
140
1.0
102
RTVSPost2010PropOp56
 70
     1
102
RTVSPost2010Prop57
140
1.0
102
RTVSPost2010PropOp57
 70
     1
102
RTVSPropertyOp0
 70
     1
102
RTVSPropertyOp1
 70
     1
102
RTVSPropertyOp2
 70
     1
102
RTVSPropertyOp3
 70
     1
102
RTVSPropertyOp4
 70
     1
102
RTVSPropertyOp5
 70
     1
102
RTVSPropertyOp6
 70
     1
102
RTVSPropertyOp7
 70
     1
102
RTVSPropertyOp8
 70
     1
102
RTVSPropertyOp9
 70
     1
102
RTVSPropertyOp10
 70
     1
102
RTVSPropertyOp11
 70
     1
102
RTVSPropertyOp12
 70
     1
102
RTVSPropertyOp13
 70
     1
102
RTVSPropertyOp14
 70
     1
102
RTVSPropertyOp15
 70
     1
102
RTVSPropertyOp16
 70
     1
102
RTVSPropertyOp17
 70
     1
102
RTVSPropertyOp18
 70
     1
102
RTVSPropertyOp19
 70
     1
102
RTVSPropertyOp20
 70
     1
102
RTVSPropertyOp21
 70
     1
102
RTVSPropertyOp22
 70
     1
102
RTVSPropertyOp23
 70
     1
102
RTVSPropertyOp24
 70
     1
102
RTVSPropertyOp25
 70
     1
102
RTVSPropertyOp26
 70
     1
102
RTVSPropertyOp27
 70
     1
102
RTVSPropertyOp28
 70
     1
102
RTVSPropertyOp29
 70
     1
102
RTVSPropertyOp30
 70
     1
102
RTVSPropertyOp31
 70
     1
102
RTVSPropertyOp32
 70
     1
102
RTVSPropertyOp33
 70
     1
102
RTVSPropertyOp34
 70
     1
102
RTVSPropertyOp35
 70
     1
102
RTVSPropertyOp36
 70
     1
102
RTVSPropertyOp37
 70
     1
102
RTVSPropertyOp38
 70
     1
102
RTVSPropertyOp39
 70
     1
102
RTVSPropertyOp40
 70
     1
102
RTVSPropertyOp41
 70
     1
102
RTVSPropertyOp42
 70
     1
102
RTVSPropertyOp43
 70
     1
102
RTVSPropertyOp44
 70
     1
102
RTVSPropertyOp45
 70
     1
102
RTVSPropertyOp46
 70
     1
102
RTVSPropertyOp47
 70
     1
102
RTVSPropertyOp48
 70
     1
102
RTVSPropertyOp49
 70
     1
102
RTVSPropertyOp50
 70
     1
102
RTVSPropertyOp51
 70
     0
102
RTVSPropertyOp52
 70
     0
102
RTVSPropertyOp53
 70
     1
102
RTVSPropertyOp54
 70
     1
102
RTVSPropertyOp55
 70
     1
102
RTVSPropertyOp56
 70
     1
102
RTVSPropertyOp57
 70
     1
102
RTVSPropertyOp58
 70
     1
102
RTVSPropertyOp59
 70
     1
102
RTVSPropertyOp60
 70
     1
102
RTVSPropertyOp61
 70
     1
102
RTVSPropertyOp62
 70
     1
  0
XRECORD
  5
E78
102
{ACAD_REACTORS
330
E77
102
}
330
E77
100
AcDbXrecord
280
     1
102
RTVSPost2010Prop28
280
     0
102
RTVSPost2010PropOp28
 70
     1
102
RTVSPost2010Prop29
280
     1
102
RTVSPost2010PropOp29
 70
     1
102
RTVSPost2010Prop30
280
     1
102
RTVSPost2010PropOp30
 70
     1
102
RTVSPost2010Prop31
280
     0
102
RTVSPost2010PropOp31
 70
     1
102
RTVSPost2010Prop32
280
     0
102
RTVSPost2010PropOp32
 70
     1
102
RTVSPost2010Prop33
280
     0
102
RTVSPost2010PropOp33
 70
     1
102
RTVSPost2010Prop34
280
     0
102
RTVSPost2010PropOp34
 70
     1
102
RTVSPost2010Prop35
280
     0
102
RTVSPost2010PropOp35
 70
     1
102
RTVSPost2010Prop36
280
     0
102
RTVSPost2010PropOp36
 70
     1
102
RTVSPost2010Prop37
 90
       50
102
RTVSPost2010PropOp37
 70
     1
102
RTVSPost2010Prop38
140
0.0
102
RTVSPost2010PropOp38
 70
     1
102
RTVSPost2010Prop39
140
1.0
102
RTVSPost2010PropOp39
 70
     1
102
RTVSPost2010Prop40
 90
        0
102
RTVSPost2010PropOp40
 70
     1
102
RTVSPost2010Prop41ColorIndex
 90
       18
102
RTVSPost2010Prop41ColorRGB
 90
        0
102
RTVSPost2010PropOp41
 70
     1
102
RTVSPost2010Prop42
 90
       50
102
RTVSPost2010PropOp42
 70
     1
102
RTVSPost2010Prop43
 90
        3
102
RTVSPost2010PropOp43
 70
     1
102
RTVSPost2010Prop44ColorIndex
 90
        5
102
RTVSPost2010Prop44ColorRGB
 90
      255
102
RTVSPost2010PropOp44
 70
     1
102
RTVSPost2010Prop45
280
     0
102
RTVSPost2010PropOp45
 70
     1
102
RTVSPost2010Prop46
 90
       50
102
RTVSPost2010PropOp46
 70
     1
102
RTVSPost2010Prop47
 90
       50
102
RTVSPost2010PropOp47
 70
     1
102
RTVSPost2010Prop48
 90
       50
102
RTVSPost2010PropOp48
 70
     1
102
RTVSPost2010Prop49
280
     0
102
RTVSPost2010PropOp49
 70
     1
102
RTVSPost2010Prop50
 90
       50
102
RTVSPost2010PropOp50
 70
     1
102
RTVSPost2010Prop51ColorIndex
 90
      256
102
RTVSPost2010Prop51ColorRGB
 90
-16777216
102
RTVSPost2010PropOp51
 70
     0
102
RTVSPost2010Prop52
140
1.0
102
RTVSPost2010PropOp52
 70
     0
102
RTVSPost2010Prop53
 90
        2
102
RTVSPost2010PropOp53
 70
     1
102
RTVSPost2010Prop54
  1
strokes_ogs.tif
102
RTVSPost2010PropOp54
 70
     1
102
RTVSPost2010Prop55
280
     0
102
RTVSPost2010PropOp55
 70
     1
102
RTVSPost2010Prop56
140
1.0
102
RTVSPost2010PropOp56
 70
     1
102
RTVSPost2010Prop57
140
1.0
102
RTVSPost2010PropOp57
 70
     1
102
RTVSPropertyOp0
 70
     1
102
RTVSPropertyOp1
 70
     1
102
RTVSPropertyOp2
 70
     1
102
RTVSPropertyOp3
 70
     1
102
RTVSPropertyOp4
 70
     1
102
RTVSPropertyOp5
 70
     1
102
RTVSPropertyOp6
 70
     1
102
RTVSPropertyOp7
 70
     1
102
RTVSPropertyOp8
 70
     1
102
RTVSPropertyOp9
 70
     1
102
RTVSPropertyOp10
 70
     1
102
RTVSPropertyOp11
 70
     1
102
RTVSPropertyOp12
 70
     1
102
RTVSPropertyOp13
 70
     1
102
RTVSPropertyOp14
 70
     1
102
RTVSPropertyOp15
 70
     1
102
RTVSPropertyOp16
 70
     1
102
RTVSPropertyOp17
 70
     1
102
RTVSPropertyOp18
 70
     1
102
RTVSPropertyOp19
 70
     1
102
RTVSPropertyOp20
 70
     1
102
RTVSPropertyOp21
 70
     1
102
RTVSPropertyOp22
 70
     1
102
RTVSPropertyOp23
 70
     1
102
RTVSPropertyOp24
 70
     1
102
RTVSPropertyOp25
 70
     1
102
RTVSPropertyOp26
 70
     1
102
RTVSPropertyOp27
 70
     1
102
RTVSPropertyOp28
 70
     1
102
RTVSPropertyOp29
 70
     1
102
RTVSPropertyOp30
 70
     1
102
RTVSPropertyOp31
 70
     1
102
RTVSPropertyOp32
 70
     1
102
RTVSPropertyOp33
 70
     1
102
RTVSPropertyOp34
 70
     1
102
RTVSPropertyOp35
 70
     1
102
RTVSPropertyOp36
 70
     1
102
RTVSPropertyOp37
 70
     1
102
RTVSPropertyOp38
 70
     1
102
RTVSPropertyOp39
 70
     1
102
RTVSPropertyOp40
 70
     1
102
RTVSPropertyOp41
 70
     1
102
RTVSPropertyOp42
 70
     1
102
RTVSPropertyOp43
 70
     1
102
RTVSPropertyOp44
 70
     1
102
RTVSPropertyOp45
 70
     1
102
RTVSPropertyOp46
 70
     1
102
RTVSPropertyOp47
 70
     1
102
RTVSPropertyOp48
 70
     1
102
RTVSPropertyOp49
 70
     1
102
RTVSPropertyOp50
 70
     1
102
RTVSPropertyOp51
 70
     0
102
RTVSPropertyOp52
 70
     0
102
RTVSPropertyOp53
 70
     1
102
RTVSPropertyOp54
 70
     1
102
RTVSPropertyOp55
 70
     1
102
RTVSPropertyOp56
 70
     1
102
RTVSPropertyOp57
 70
     1
102
RTVSPropertyOp58
 70
     1
102
RTVSPropertyOp59
 70
     1
102
RTVSPropertyOp60
 70
     1
102
RTVSPropertyOp61
 70
     1
102
RTVSPropertyOp62
 70
     1
  0
XRECORD
  5
E76
102
{ACAD_REACTORS
330
E75
102
}
330
E75
100
AcDbXrecord
280
     1
102
RTVSPost2010Prop28
280
     0
102
RTVSPost2010PropOp28
 70
     1
102
RTVSPost2010Prop29
280
     1
102
RTVSPost2010PropOp29
 70
     1
102
RTVSPost2010Prop30
280
     1
102
RTVSPost2010PropOp30
 70
     1
102
RTVSPost2010Prop31
280
     0
102
RTVSPost2010PropOp31
 70
     1
102
RTVSPost2010Prop32
280
     0
102
RTVSPost2010PropOp32
 70
     1
102
RTVSPost2010Prop33
280
     0
102
RTVSPost2010PropOp33
 70
     1
102
RTVSPost2010Prop34
280
     0
102
RTVSPost2010PropOp34
 70
     1
102
RTVSPost2010Prop35
280
     0
102
RTVSPost2010PropOp35
 70
     1
102
RTVSPost2010Prop36
280
     0
102
RTVSPost2010PropOp36
 70
     1
102
RTVSPost2010Prop37
 90
       50
102
RTVSPost2010PropOp37
 70
     1
102
RTVSPost2010Prop38
140
0.0
102
RTVSPost2010PropOp38
 70
     1
102
RTVSPost2010Prop39
140
1.0
102
RTVSPost2010PropOp39
 70
     1
102
RTVSPost2010Prop40
 90
        0
102
RTVSPost2010PropOp40
 70
     1
102
RTVSPost2010Prop41ColorIndex
 90
       18
102
RTVSPost2010Prop41ColorRGB
 90
        0
102
RTVSPost2010PropOp41
 70
     1
102
RTVSPost2010Prop42
 90
       50
102
RTVSPost2010PropOp42
 70
     1
102
RTVSPost2010Prop43
 90
        3
102
RTVSPost2010PropOp43
 70
     1
102
RTVSPost2010Prop44ColorIndex
 90
        5
102
RTVSPost2010Prop44ColorRGB
 90
      255
102
RTVSPost2010PropOp44
 70
     1
102
RTVSPost2010Prop45
280
     0
102
RTVSPost2010PropOp45
 70
     1
102
RTVSPost2010Prop46
 90
       50
102
RTVSPost2010PropOp46
 70
     1
102
RTVSPost2010Prop47
 90
       50
102
RTVSPost2010PropOp47
 70
     1
102
RTVSPost2010Prop48
 90
       50
102
RTVSPost2010PropOp48
 70
     1
102
RTVSPost2010Prop49
280
     0
102
RTVSPost2010PropOp49
 70
     1
102
RTVSPost2010Prop50
 90
       50
102
RTVSPost2010PropOp50
 70
     1
102
RTVSPost2010Prop51ColorIndex
 90
      256
102
RTVSPost2010Prop51ColorRGB
 90
-16777216
102
RTVSPost2010PropOp51
 70
     0
102
RTVSPost2010Prop52
140
1.0
102
RTVSPost2010PropOp52
 70
     0
102
RTVSPost2010Prop53
 90
        2
102
RTVSPost2010PropOp53
 70
     1
102
RTVSPost2010Prop54
  1
strokes_ogs.tif
102
RTVSPost2010PropOp54
 70
     1
102
RTVSPost2010Prop55
280
     0
102
RTVSPost2010PropOp55
 70
     1
102
RTVSPost2010Prop56
140
1.0
102
RTVSPost2010PropOp56
 70
     1
102
RTVSPost2010Prop57
140
1.0
102
RTVSPost2010PropOp57
 70
     1
102
RTVSPropertyOp0
 70
     1
102
RTVSPropertyOp1
 70
     1
102
RTVSPropertyOp2
 70
     1
102
RTVSPropertyOp3
 70
     1
102
RTVSPropertyOp4
 70
     1
102
RTVSPropertyOp5
 70
     1
102
RTVSPropertyOp6
 70
     1
102
RTVSPropertyOp7
 70
     1
102
RTVSPropertyOp8
 70
     1
102
RTVSPropertyOp9
 70
     1
102
RTVSPropertyOp10
 70
     1
102
RTVSPropertyOp11
 70
     1
102
RTVSPropertyOp12
 70
     1
102
RTVSPropertyOp13
 70
     1
102
RTVSPropertyOp14
 70
     1
102
RTVSPropertyOp15
 70
     1
102
RTVSPropertyOp16
 70
     1
102
RTVSPropertyOp17
 70
     1
102
RTVSPropertyOp18
 70
     1
102
RTVSPropertyOp19
 70
     1
102
RTVSPropertyOp20
 70
     1
102
RTVSPropertyOp21
 70
     1
102
RTVSPropertyOp22
 70
     1
102
RTVSPropertyOp23
 70
     1
102
RTVSPropertyOp24
 70
     1
102
RTVSPropertyOp25
 70
     1
102
RTVSPropertyOp26
 70
     1
102
RTVSPropertyOp27
 70
     1
102
RTVSPropertyOp28
 70
     1
102
RTVSPropertyOp29
 70
     1
102
RTVSPropertyOp30
 70
     1
102
RTVSPropertyOp31
 70
     1
102
RTVSPropertyOp32
 70
     1
102
RTVSPropertyOp33
 70
     1
102
RTVSPropertyOp34
 70
     1
102
RTVSPropertyOp35
 70
     1
102
RTVSPropertyOp36
 70
     1
102
RTVSPropertyOp37
 70
     1
102
RTVSPropertyOp38
 70
     1
102
RTVSPropertyOp39
 70
     1
102
RTVSPropertyOp40
 70
     1
102
RTVSPropertyOp41
 70
     1
102
RTVSPropertyOp42
 70
     1
102
RTVSPropertyOp43
 70
     1
102
RTVSPropertyOp44
 70
     1
102
RTVSPropertyOp45
 70
     1
102
RTVSPropertyOp46
 70
     1
102
RTVSPropertyOp47
 70
     1
102
RTVSPropertyOp48
 70
     1
102
RTVSPropertyOp49
 70
     1
102
RTVSPropertyOp50
 70
     1
102
RTVSPropertyOp51
 70
     0
102
RTVSPropertyOp52
 70
     0
102
RTVSPropertyOp53
 70
     1
102
RTVSPropertyOp54
 70
     1
102
RTVSPropertyOp55
 70
     1
102
RTVSPropertyOp56
 70
     1
102
RTVSPropertyOp57
 70
     1
102
RTVSPropertyOp58
 70
     1
102
RTVSPropertyOp59
 70
     1
102
RTVSPropertyOp60
 70
     1
102
RTVSPropertyOp61
 70
     1
102
RTVSPropertyOp62
 70
     1
  0
XRECORD
  5
E70
102
{ACAD_REACTORS
330
E6F
102
}
330
E6F
100
AcDbXrecord
280
     1
102
RTVSPost2010Prop28
280
     0
102
RTVSPost2010PropOp28
 70
     1
102
RTVSPost2010Prop29
280
     1
102
RTVSPost2010PropOp29
 70
     1
102
RTVSPost2010Prop30
280
     1
102
RTVSPost2010PropOp30
 70
     1
102
RTVSPost2010Prop31
280
     0
102
RTVSPost2010PropOp31
 70
     1
102
RTVSPost2010Prop32
280
     0
102
RTVSPost2010PropOp32
 70
     1
102
RTVSPost2010Prop33
280
     0
102
RTVSPost2010PropOp33
 70
     1
102
RTVSPost2010Prop34
280
     0
102
RTVSPost2010PropOp34
 70
     1
102
RTVSPost2010Prop35
280
     0
102
RTVSPost2010PropOp35
 70
     1
102
RTVSPost2010Prop36
280
     0
102
RTVSPost2010PropOp36
 70
     1
102
RTVSPost2010Prop37
 90
       50
102
RTVSPost2010PropOp37
 70
     1
102
RTVSPost2010Prop38
140
0.0
102
RTVSPost2010PropOp38
 70
     1
102
RTVSPost2010Prop39
140
1.0
102
RTVSPost2010PropOp39
 70
     1
102
RTVSPost2010Prop40
 90
        0
102
RTVSPost2010PropOp40
 70
     1
102
RTVSPost2010Prop41ColorIndex
 90
       18
102
RTVSPost2010Prop41ColorRGB
 90
        0
102
RTVSPost2010PropOp41
 70
     1
102
RTVSPost2010Prop42
 90
       50
102
RTVSPost2010PropOp42
 70
     1
102
RTVSPost2010Prop43
 90
        3
102
RTVSPost2010PropOp43
 70
     1
102
RTVSPost2010Prop44ColorIndex
 90
        5
102
RTVSPost2010Prop44ColorRGB
 90
      255
102
RTVSPost2010PropOp44
 70
     1
102
RTVSPost2010Prop45
280
     0
102
RTVSPost2010PropOp45
 70
     1
102
RTVSPost2010Prop46
 90
       50
102
RTVSPost2010PropOp46
 70
     1
102
RTVSPost2010Prop47
 90
       50
102
RTVSPost2010PropOp47
 70
     1
102
RTVSPost2010Prop48
 90
       50
102
RTVSPost2010PropOp48
 70
     1
102
RTVSPost2010Prop49
280
     0
102
RTVSPost2010PropOp49
 70
     1
102
RTVSPost2010Prop50
 90
       50
102
RTVSPost2010PropOp50
 70
     1
102
RTVSPost2010Prop51ColorIndex
 90
      256
102
RTVSPost2010Prop51ColorRGB
 90
-16777216
102
RTVSPost2010PropOp51
 70
     0
102
RTVSPost2010Prop52
140
1.0
102
RTVSPost2010PropOp52
 70
     0
102
RTVSPost2010Prop53
 90
        2
102
RTVSPost2010PropOp53
 70
     1
102
RTVSPost2010Prop54
  1
strokes_ogs.tif
102
RTVSPost2010PropOp54
 70
     1
102
RTVSPost2010Prop55
280
     0
102
RTVSPost2010PropOp55
 70
     1
102
RTVSPost2010Prop56
140
1.0
102
RTVSPost2010PropOp56
 70
     1
102
RTVSPost2010Prop57
140
1.0
102
RTVSPost2010PropOp57
 70
     1
102
RTVSPropertyOp0
 70
     1
102
RTVSPropertyOp1
 70
     1
102
RTVSPropertyOp2
 70
     1
102
RTVSPropertyOp3
 70
     1
102
RTVSPropertyOp4
 70
     1
102
RTVSPropertyOp5
 70
     1
102
RTVSPropertyOp6
 70
     1
102
RTVSPropertyOp7
 70
     1
102
RTVSPropertyOp8
 70
     1
102
RTVSPropertyOp9
 70
     1
102
RTVSPropertyOp10
 70
     1
102
RTVSPropertyOp11
 70
     1
102
RTVSPropertyOp12
 70
     1
102
RTVSPropertyOp13
 70
     1
102
RTVSPropertyOp14
 70
     1
102
RTVSPropertyOp15
 70
     1
102
RTVSPropertyOp16
 70
     1
102
RTVSPropertyOp17
 70
     1
102
RTVSPropertyOp18
 70
     1
102
RTVSPropertyOp19
 70
     1
102
RTVSPropertyOp20
 70
     1
102
RTVSPropertyOp21
 70
     1
102
RTVSPropertyOp22
 70
     1
102
RTVSPropertyOp23
 70
     1
102
RTVSPropertyOp24
 70
     1
102
RTVSPropertyOp25
 70
     1
102
RTVSPropertyOp26
 70
     1
102
RTVSPropertyOp27
 70
     1
102
RTVSPropertyOp28
 70
     1
102
RTVSPropertyOp29
 70
     1
102
RTVSPropertyOp30
 70
     1
102
RTVSPropertyOp31
 70
     1
102
RTVSPropertyOp32
 70
     1
102
RTVSPropertyOp33
 70
     1
102
RTVSPropertyOp34
 70
     1
102
RTVSPropertyOp35
 70
     1
102
RTVSPropertyOp36
 70
     1
102
RTVSPropertyOp37
 70
     1
102
RTVSPropertyOp38
 70
     1
102
RTVSPropertyOp39
 70
     1
102
RTVSPropertyOp40
 70
     1
102
RTVSPropertyOp41
 70
     1
102
RTVSPropertyOp42
 70
     1
102
RTVSPropertyOp43
 70
     1
102
RTVSPropertyOp44
 70
     1
102
RTVSPropertyOp45
 70
     1
102
RTVSPropertyOp46
 70
     1
102
RTVSPropertyOp47
 70
     1
102
RTVSPropertyOp48
 70
     1
102
RTVSPropertyOp49
 70
     1
102
RTVSPropertyOp50
 70
     1
102
RTVSPropertyOp51
 70
     0
102
RTVSPropertyOp52
 70
     0
102
RTVSPropertyOp53
 70
     1
102
RTVSPropertyOp54
 70
     1
102
RTVSPropertyOp55
 70
     1
102
RTVSPropertyOp56
 70
     1
102
RTVSPropertyOp57
 70
     1
102
RTVSPropertyOp58
 70
     1
102
RTVSPropertyOp59
 70
     1
102
RTVSPropertyOp60
 70
     1
102
RTVSPropertyOp61
 70
     1
102
RTVSPropertyOp62
 70
     1
  0
XRECORD
  5
E72
102
{ACAD_REACTORS
330
E71
102
}
330
E71
100
AcDbXrecord
280
     1
102
RTVSPost2010Prop28
280
     0
102
RTVSPost2010PropOp28
 70
     1
102
RTVSPost2010Prop29
280
     1
102
RTVSPost2010PropOp29
 70
     1
102
RTVSPost2010Prop30
280
     1
102
RTVSPost2010PropOp30
 70
     1
102
RTVSPost2010Prop31
280
     0
102
RTVSPost2010PropOp31
 70
     1
102
RTVSPost2010Prop32
280
     0
102
RTVSPost2010PropOp32
 70
     1
102
RTVSPost2010Prop33
280
     0
102
RTVSPost2010PropOp33
 70
     1
102
RTVSPost2010Prop34
280
     0
102
RTVSPost2010PropOp34
 70
     1
102
RTVSPost2010Prop35
280
     0
102
RTVSPost2010PropOp35
 70
     1
102
RTVSPost2010Prop36
280
     0
102
RTVSPost2010PropOp36
 70
     1
102
RTVSPost2010Prop37
 90
       50
102
RTVSPost2010PropOp37
 70
     1
102
RTVSPost2010Prop38
140
0.0
102
RTVSPost2010PropOp38
 70
     1
102
RTVSPost2010Prop39
140
1.0
102
RTVSPost2010PropOp39
 70
     1
102
RTVSPost2010Prop40
 90
        0
102
RTVSPost2010PropOp40
 70
     1
102
RTVSPost2010Prop41ColorIndex
 90
       18
102
RTVSPost2010Prop41ColorRGB
 90
        0
102
RTVSPost2010PropOp41
 70
     1
102
RTVSPost2010Prop42
 90
       50
102
RTVSPost2010PropOp42
 70
     1
102
RTVSPost2010Prop43
 90
        3
102
RTVSPost2010PropOp43
 70
     1
102
RTVSPost2010Prop44ColorIndex
 90
        5
102
RTVSPost2010Prop44ColorRGB
 90
      255
102
RTVSPost2010PropOp44
 70
     1
102
RTVSPost2010Prop45
280
     0
102
RTVSPost2010PropOp45
 70
     1
102
RTVSPost2010Prop46
 90
       50
102
RTVSPost2010PropOp46
 70
     1
102
RTVSPost2010Prop47
 90
       50
102
RTVSPost2010PropOp47
 70
     1
102
RTVSPost2010Prop48
 90
       50
102
RTVSPost2010PropOp48
 70
     1
102
RTVSPost2010Prop49
280
     0
102
RTVSPost2010PropOp49
 70
     1
102
RTVSPost2010Prop50
 90
       50
102
RTVSPost2010PropOp50
 70
     1
102
RTVSPost2010Prop51ColorIndex
 90
      256
102
RTVSPost2010Prop51ColorRGB
 90
-16777216
102
RTVSPost2010PropOp51
 70
     0
102
RTVSPost2010Prop52
140
1.0
102
RTVSPost2010PropOp52
 70
     0
102
RTVSPost2010Prop53
 90
        2
102
RTVSPost2010PropOp53
 70
     1
102
RTVSPost2010Prop54
  1
strokes_ogs.tif
102
RTVSPost2010PropOp54
 70
     1
102
RTVSPost2010Prop55
280
     0
102
RTVSPost2010PropOp55
 70
     1
102
RTVSPost2010Prop56
140
1.0
102
RTVSPost2010PropOp56
 70
     1
102
RTVSPost2010Prop57
140
1.0
102
RTVSPost2010PropOp57
 70
     1
102
RTVSPropertyOp0
 70
     1
102
RTVSPropertyOp1
 70
     1
102
RTVSPropertyOp2
 70
     1
102
RTVSPropertyOp3
 70
     1
102
RTVSPropertyOp4
 70
     1
102
RTVSPropertyOp5
 70
     1
102
RTVSPropertyOp6
 70
     1
102
RTVSPropertyOp7
 70
     1
102
RTVSPropertyOp8
 70
     1
102
RTVSPropertyOp9
 70
     1
102
RTVSPropertyOp10
 70
     1
102
RTVSPropertyOp11
 70
     1
102
RTVSPropertyOp12
 70
     1
102
RTVSPropertyOp13
 70
     1
102
RTVSPropertyOp14
 70
     1
102
RTVSPropertyOp15
 70
     1
102
RTVSPropertyOp16
 70
     1
102
RTVSPropertyOp17
 70
     1
102
RTVSPropertyOp18
 70
     1
102
RTVSPropertyOp19
 70
     1
102
RTVSPropertyOp20
 70
     1
102
RTVSPropertyOp21
 70
     1
102
RTVSPropertyOp22
 70
     1
102
RTVSPropertyOp23
 70
     1
102
RTVSPropertyOp24
 70
     1
102
RTVSPropertyOp25
 70
     1
102
RTVSPropertyOp26
 70
     1
102
RTVSPropertyOp27
 70
     1
102
RTVSPropertyOp28
 70
     1
102
RTVSPropertyOp29
 70
     1
102
RTVSPropertyOp30
 70
     1
102
RTVSPropertyOp31
 70
     1
102
RTVSPropertyOp32
 70
     1
102
RTVSPropertyOp33
 70
     1
102
RTVSPropertyOp34
 70
     1
102
RTVSPropertyOp35
 70
     1
102
RTVSPropertyOp36
 70
     1
102
RTVSPropertyOp37
 70
     1
102
RTVSPropertyOp38
 70
     1
102
RTVSPropertyOp39
 70
     1
102
RTVSPropertyOp40
 70
     1
102
RTVSPropertyOp41
 70
     1
102
RTVSPropertyOp42
 70
     1
102
RTVSPropertyOp43
 70
     1
102
RTVSPropertyOp44
 70
     1
102
RTVSPropertyOp45
 70
     1
102
RTVSPropertyOp46
 70
     1
102
RTVSPropertyOp47
 70
     1
102
RTVSPropertyOp48
 70
     1
102
RTVSPropertyOp49
 70
     1
102
RTVSPropertyOp50
 70
     1
102
RTVSPropertyOp51
 70
     0
102
RTVSPropertyOp52
 70
     0
102
RTVSPropertyOp53
 70
     1
102
RTVSPropertyOp54
 70
     1
102
RTVSPropertyOp55
 70
     1
102
RTVSPropertyOp56
 70
     1
102
RTVSPropertyOp57
 70
     1
102
RTVSPropertyOp58
 70
     1
102
RTVSPropertyOp59
 70
     1
102
RTVSPropertyOp60
 70
     1
102
RTVSPropertyOp61
 70
     1
102
RTVSPropertyOp62
 70
     1
  0
XRECORD
  5
E64
102
{ACAD_REACTORS
330
E63
102
}
330
E63
100
AcDbXrecord
280
     1
102
RTVSPost2010Prop28
280
     0
102
RTVSPost2010PropOp28
 70
     1
102
RTVSPost2010Prop29
280
     1
102
RTVSPost2010PropOp29
 70
     1
102
RTVSPost2010Prop30
280
     1
102
RTVSPost2010PropOp30
 70
     1
102
RTVSPost2010Prop31
280
     0
102
RTVSPost2010PropOp31
 70
     1
102
RTVSPost2010Prop32
280
     0
102
RTVSPost2010PropOp32
 70
     1
102
RTVSPost2010Prop33
280
     0
102
RTVSPost2010PropOp33
 70
     1
102
RTVSPost2010Prop34
280
     0
102
RTVSPost2010PropOp34
 70
     1
102
RTVSPost2010Prop35
280
     0
102
RTVSPost2010PropOp35
 70
     1
102
RTVSPost2010Prop36
280
     0
102
RTVSPost2010PropOp36
 70
     1
102
RTVSPost2010Prop37
 90
       50
102
RTVSPost2010PropOp37
 70
     1
102
RTVSPost2010Prop38
140
0.0
102
RTVSPost2010PropOp38
 70
     1
102
RTVSPost2010Prop39
140
1.0
102
RTVSPost2010PropOp39
 70
     1
102
RTVSPost2010Prop40
 90
        0
102
RTVSPost2010PropOp40
 70
     1
102
RTVSPost2010Prop41ColorIndex
 90
       18
102
RTVSPost2010Prop41ColorRGB
 90
        0
102
RTVSPost2010PropOp41
 70
     1
102
RTVSPost2010Prop42
 90
       50
102
RTVSPost2010PropOp42
 70
     1
102
RTVSPost2010Prop43
 90
        3
102
RTVSPost2010PropOp43
 70
     1
102
RTVSPost2010Prop44ColorIndex
 90
        5
102
RTVSPost2010Prop44ColorRGB
 90
      255
102
RTVSPost2010PropOp44
 70
     1
102
RTVSPost2010Prop45
280
     0
102
RTVSPost2010PropOp45
 70
     1
102
RTVSPost2010Prop46
 90
       50
102
RTVSPost2010PropOp46
 70
     1
102
RTVSPost2010Prop47
 90
       50
102
RTVSPost2010PropOp47
 70
     1
102
RTVSPost2010Prop48
 90
       50
102
RTVSPost2010PropOp48
 70
     1
102
RTVSPost2010Prop49
280
     0
102
RTVSPost2010PropOp49
 70
     1
102
RTVSPost2010Prop50
 90
       50
102
RTVSPost2010PropOp50
 70
     1
102
RTVSPost2010Prop51ColorIndex
 90
      256
102
RTVSPost2010Prop51ColorRGB
 90
-16777216
102
RTVSPost2010PropOp51
 70
     0
102
RTVSPost2010Prop52
140
1.0
102
RTVSPost2010PropOp52
 70
     0
102
RTVSPost2010Prop53
 90
        2
102
RTVSPost2010PropOp53
 70
     1
102
RTVSPost2010Prop54
  1
strokes_ogs.tif
102
RTVSPost2010PropOp54
 70
     1
102
RTVSPost2010Prop55
280
     0
102
RTVSPost2010PropOp55
 70
     1
102
RTVSPost2010Prop56
140
1.0
102
RTVSPost2010PropOp56
 70
     1
102
RTVSPost2010Prop57
140
1.0
102
RTVSPost2010PropOp57
 70
     1
102
RTVSPropertyOp0
 70
     1
102
RTVSPropertyOp1
 70
     1
102
RTVSPropertyOp2
 70
     1
102
RTVSPropertyOp3
 70
     1
102
RTVSPropertyOp4
 70
     1
102
RTVSPropertyOp5
 70
     1
102
RTVSPropertyOp6
 70
     1
102
RTVSPropertyOp7
 70
     1
102
RTVSPropertyOp8
 70
     1
102
RTVSPropertyOp9
 70
     1
102
RTVSPropertyOp10
 70
     1
102
RTVSPropertyOp11
 70
     1
102
RTVSPropertyOp12
 70
     1
102
RTVSPropertyOp13
 70
     1
102
RTVSPropertyOp14
 70
     1
102
RTVSPropertyOp15
 70
     1
102
RTVSPropertyOp16
 70
     1
102
RTVSPropertyOp17
 70
     1
102
RTVSPropertyOp18
 70
     1
102
RTVSPropertyOp19
 70
     1
102
RTVSPropertyOp20
 70
     1
102
RTVSPropertyOp21
 70
     1
102
RTVSPropertyOp22
 70
     1
102
RTVSPropertyOp23
 70
     1
102
RTVSPropertyOp24
 70
     1
102
RTVSPropertyOp25
 70
     1
102
RTVSPropertyOp26
 70
     1
102
RTVSPropertyOp27
 70
     1
102
RTVSPropertyOp28
 70
     1
102
RTVSPropertyOp29
 70
     1
102
RTVSPropertyOp30
 70
     1
102
RTVSPropertyOp31
 70
     1
102
RTVSPropertyOp32
 70
     1
102
RTVSPropertyOp33
 70
     1
102
RTVSPropertyOp34
 70
     1
102
RTVSPropertyOp35
 70
     1
102
RTVSPropertyOp36
 70
     1
102
RTVSPropertyOp37
 70
     1
102
RTVSPropertyOp38
 70
     1
102
RTVSPropertyOp39
 70
     1
102
RTVSPropertyOp40
 70
     1
102
RTVSPropertyOp41
 70
     1
102
RTVSPropertyOp42
 70
     1
102
RTVSPropertyOp43
 70
     1
102
RTVSPropertyOp44
 70
     1
102
RTVSPropertyOp45
 70
     1
102
RTVSPropertyOp46
 70
     1
102
RTVSPropertyOp47
 70
     1
102
RTVSPropertyOp48
 70
     1
102
RTVSPropertyOp49
 70
     1
102
RTVSPropertyOp50
 70
     1
102
RTVSPropertyOp51
 70
     0
102
RTVSPropertyOp52
 70
     0
102
RTVSPropertyOp53
 70
     1
102
RTVSPropertyOp54
 70
     1
102
RTVSPropertyOp55
 70
     1
102
RTVSPropertyOp56
 70
     1
102
RTVSPropertyOp57
 70
     1
102
RTVSPropertyOp58
 70
     1
102
RTVSPropertyOp59
 70
     1
102
RTVSPropertyOp60
 70
     1
102
RTVSPropertyOp61
 70
     1
102
RTVSPropertyOp62
 70
     1
  0
XRECORD
  5
E6C
102
{ACAD_REACTORS
330
E6B
102
}
330
E6B
100
AcDbXrecord
280
     1
102
RTVSPost2010Prop28
280
     0
102
RTVSPost2010PropOp28
 70
     1
102
RTVSPost2010Prop29
280
     1
102
RTVSPost2010PropOp29
 70
     1
102
RTVSPost2010Prop30
280
     1
102
RTVSPost2010PropOp30
 70
     1
102
RTVSPost2010Prop31
280
     0
102
RTVSPost2010PropOp31
 70
     1
102
RTVSPost2010Prop32
280
     0
102
RTVSPost2010PropOp32
 70
     1
102
RTVSPost2010Prop33
280
     0
102
RTVSPost2010PropOp33
 70
     1
102
RTVSPost2010Prop34
280
     0
102
RTVSPost2010PropOp34
 70
     1
102
RTVSPost2010Prop35
280
     0
102
RTVSPost2010PropOp35
 70
     1
102
RTVSPost2010Prop36
280
     0
102
RTVSPost2010PropOp36
 70
     1
102
RTVSPost2010Prop37
 90
       50
102
RTVSPost2010PropOp37
 70
     1
102
RTVSPost2010Prop38
140
0.0
102
RTVSPost2010PropOp38
 70
     1
102
RTVSPost2010Prop39
140
1.0
102
RTVSPost2010PropOp39
 70
     1
102
RTVSPost2010Prop40
 90
        0
102
RTVSPost2010PropOp40
 70
     1
102
RTVSPost2010Prop41ColorIndex
 90
       18
102
RTVSPost2010Prop41ColorRGB
 90
        0
102
RTVSPost2010PropOp41
 70
     1
102
RTVSPost2010Prop42
 90
       50
102
RTVSPost2010PropOp42
 70
     1
102
RTVSPost2010Prop43
 90
        3
102
RTVSPost2010PropOp43
 70
     1
102
RTVSPost2010Prop44ColorIndex
 90
        5
102
RTVSPost2010Prop44ColorRGB
 90
      255
102
RTVSPost2010PropOp44
 70
     1
102
RTVSPost2010Prop45
280
     0
102
RTVSPost2010PropOp45
 70
     1
102
RTVSPost2010Prop46
 90
       50
102
RTVSPost2010PropOp46
 70
     1
102
RTVSPost2010Prop47
 90
       50
102
RTVSPost2010PropOp47
 70
     1
102
RTVSPost2010Prop48
 90
       50
102
RTVSPost2010PropOp48
 70
     1
102
RTVSPost2010Prop49
280
     0
102
RTVSPost2010PropOp49
 70
     1
102
RTVSPost2010Prop50
 90
       50
102
RTVSPost2010PropOp50
 70
     1
102
RTVSPost2010Prop51ColorIndex
 90
      256
102
RTVSPost2010Prop51ColorRGB
 90
-16777216
102
RTVSPost2010PropOp51
 70
     0
102
RTVSPost2010Prop52
140
1.0
102
RTVSPost2010PropOp52
 70
     0
102
RTVSPost2010Prop53
 90
        2
102
RTVSPost2010PropOp53
 70
     1
102
RTVSPost2010Prop54
  1
strokes_ogs.tif
102
RTVSPost2010PropOp54
 70
     1
102
RTVSPost2010Prop55
280
     0
102
RTVSPost2010PropOp55
 70
     1
102
RTVSPost2010Prop56
140
1.0
102
RTVSPost2010PropOp56
 70
     1
102
RTVSPost2010Prop57
140
1.0
102
RTVSPost2010PropOp57
 70
     1
102
RTVSPropertyOp0
 70
     1
102
RTVSPropertyOp1
 70
     1
102
RTVSPropertyOp2
 70
     1
102
RTVSPropertyOp3
 70
     1
102
RTVSPropertyOp4
 70
     1
102
RTVSPropertyOp5
 70
     1
102
RTVSPropertyOp6
 70
     1
102
RTVSPropertyOp7
 70
     1
102
RTVSPropertyOp8
 70
     1
102
RTVSPropertyOp9
 70
     1
102
RTVSPropertyOp10
 70
     1
102
RTVSPropertyOp11
 70
     1
102
RTVSPropertyOp12
 70
     1
102
RTVSPropertyOp13
 70
     1
102
RTVSPropertyOp14
 70
     1
102
RTVSPropertyOp15
 70
     1
102
RTVSPropertyOp16
 70
     1
102
RTVSPropertyOp17
 70
     1
102
RTVSPropertyOp18
 70
     1
102
RTVSPropertyOp19
 70
     1
102
RTVSPropertyOp20
 70
     1
102
RTVSPropertyOp21
 70
     1
102
RTVSPropertyOp22
 70
     1
102
RTVSPropertyOp23
 70
     1
102
RTVSPropertyOp24
 70
     1
102
RTVSPropertyOp25
 70
     1
102
RTVSPropertyOp26
 70
     1
102
RTVSPropertyOp27
 70
     1
102
RTVSPropertyOp28
 70
     1
102
RTVSPropertyOp29
 70
     1
102
RTVSPropertyOp30
 70
     1
102
RTVSPropertyOp31
 70
     1
102
RTVSPropertyOp32
 70
     1
102
RTVSPropertyOp33
 70
     1
102
RTVSPropertyOp34
 70
     1
102
RTVSPropertyOp35
 70
     1
102
RTVSPropertyOp36
 70
     1
102
RTVSPropertyOp37
 70
     1
102
RTVSPropertyOp38
 70
     1
102
RTVSPropertyOp39
 70
     1
102
RTVSPropertyOp40
 70
     1
102
RTVSPropertyOp41
 70
     1
102
RTVSPropertyOp42
 70
     1
102
RTVSPropertyOp43
 70
     1
102
RTVSPropertyOp44
 70
     1
102
RTVSPropertyOp45
 70
     1
102
RTVSPropertyOp46
 70
     1
102
RTVSPropertyOp47
 70
     1
102
RTVSPropertyOp48
 70
     1
102
RTVSPropertyOp49
 70
     1
102
RTVSPropertyOp50
 70
     1
102
RTVSPropertyOp51
 70
     0
102
RTVSPropertyOp52
 70
     0
102
RTVSPropertyOp53
 70
     1
102
RTVSPropertyOp54
 70
     1
102
RTVSPropertyOp55
 70
     1
102
RTVSPropertyOp56
 70
     1
102
RTVSPropertyOp57
 70
     1
102
RTVSPropertyOp58
 70
     1
102
RTVSPropertyOp59
 70
     1
102
RTVSPropertyOp60
 70
     1
102
RTVSPropertyOp61
 70
     1
102
RTVSPropertyOp62
 70
     1
  0
XRECORD
  5
E74
102
{ACAD_REACTORS
330
E73
102
}
330
E73
100
AcDbXrecord
280
     1
102
RTVSPost2010Prop28
280
     0
102
RTVSPost2010PropOp28
 70
     1
102
RTVSPost2010Prop29
280
     1
102
RTVSPost2010PropOp29
 70
     1
102
RTVSPost2010Prop30
280
     1
102
RTVSPost2010PropOp30
 70
     1
102
RTVSPost2010Prop31
280
     0
102
RTVSPost2010PropOp31
 70
     1
102
RTVSPost2010Prop32
280
     0
102
RTVSPost2010PropOp32
 70
     1
102
RTVSPost2010Prop33
280
     0
102
RTVSPost2010PropOp33
 70
     1
102
RTVSPost2010Prop34
280
     0
102
RTVSPost2010PropOp34
 70
     1
102
RTVSPost2010Prop35
280
     0
102
RTVSPost2010PropOp35
 70
     1
102
RTVSPost2010Prop36
280
     0
102
RTVSPost2010PropOp36
 70
     1
102
RTVSPost2010Prop37
 90
       50
102
RTVSPost2010PropOp37
 70
     1
102
RTVSPost2010Prop38
140
0.0
102
RTVSPost2010PropOp38
 70
     1
102
RTVSPost2010Prop39
140
1.0
102
RTVSPost2010PropOp39
 70
     1
102
RTVSPost2010Prop40
 90
        0
102
RTVSPost2010PropOp40
 70
     1
102
RTVSPost2010Prop41ColorIndex
 90
       18
102
RTVSPost2010Prop41ColorRGB
 90
        0
102
RTVSPost2010PropOp41
 70
     1
102
RTVSPost2010Prop42
 90
       50
102
RTVSPost2010PropOp42
 70
     1
102
RTVSPost2010Prop43
 90
        3
102
RTVSPost2010PropOp43
 70
     1
102
RTVSPost2010Prop44ColorIndex
 90
        5
102
RTVSPost2010Prop44ColorRGB
 90
      255
102
RTVSPost2010PropOp44
 70
     1
102
RTVSPost2010Prop45
280
     0
102
RTVSPost2010PropOp45
 70
     1
102
RTVSPost2010Prop46
 90
       50
102
RTVSPost2010PropOp46
 70
     1
102
RTVSPost2010Prop47
 90
       50
102
RTVSPost2010PropOp47
 70
     1
102
RTVSPost2010Prop48
 90
       50
102
RTVSPost2010PropOp48
 70
     1
102
RTVSPost2010Prop49
280
     0
102
RTVSPost2010PropOp49
 70
     1
102
RTVSPost2010Prop50
 90
       50
102
RTVSPost2010PropOp50
 70
     1
102
RTVSPost2010Prop51ColorIndex
 90
      256
102
RTVSPost2010Prop51ColorRGB
 90
-16777216
102
RTVSPost2010PropOp51
 70
     0
102
RTVSPost2010Prop52
140
1.0
102
RTVSPost2010PropOp52
 70
     0
102
RTVSPost2010Prop53
 90
        2
102
RTVSPost2010PropOp53
 70
     1
102
RTVSPost2010Prop54
  1
strokes_ogs.tif
102
RTVSPost2010PropOp54
 70
     1
102
RTVSPost2010Prop55
280
     0
102
RTVSPost2010PropOp55
 70
     1
102
RTVSPost2010Prop56
140
1.0
102
RTVSPost2010PropOp56
 70
     1
102
RTVSPost2010Prop57
140
1.0
102
RTVSPost2010PropOp57
 70
     1
102
RTVSPropertyOp0
 70
     1
102
RTVSPropertyOp1
 70
     1
102
RTVSPropertyOp2
 70
     1
102
RTVSPropertyOp3
 70
     1
102
RTVSPropertyOp4
 70
     1
102
RTVSPropertyOp5
 70
     1
102
RTVSPropertyOp6
 70
     1
102
RTVSPropertyOp7
 70
     1
102
RTVSPropertyOp8
 70
     1
102
RTVSPropertyOp9
 70
     1
102
RTVSPropertyOp10
 70
     1
102
RTVSPropertyOp11
 70
     1
102
RTVSPropertyOp12
 70
     1
102
RTVSPropertyOp13
 70
     1
102
RTVSPropertyOp14
 70
     1
102
RTVSPropertyOp15
 70
     1
102
RTVSPropertyOp16
 70
     1
102
RTVSPropertyOp17
 70
     1
102
RTVSPropertyOp18
 70
     1
102
RTVSPropertyOp19
 70
     1
102
RTVSPropertyOp20
 70
     1
102
RTVSPropertyOp21
 70
     1
102
RTVSPropertyOp22
 70
     1
102
RTVSPropertyOp23
 70
     1
102
RTVSPropertyOp24
 70
     1
102
RTVSPropertyOp25
 70
     1
102
RTVSPropertyOp26
 70
     1
102
RTVSPropertyOp27
 70
     1
102
RTVSPropertyOp28
 70
     1
102
RTVSPropertyOp29
 70
     1
102
RTVSPropertyOp30
 70
     1
102
RTVSPropertyOp31
 70
     1
102
RTVSPropertyOp32
 70
     1
102
RTVSPropertyOp33
 70
     1
102
RTVSPropertyOp34
 70
     1
102
RTVSPropertyOp35
 70
     1
102
RTVSPropertyOp36
 70
     1
102
RTVSPropertyOp37
 70
     1
102
RTVSPropertyOp38
 70
     1
102
RTVSPropertyOp39
 70
     1
102
RTVSPropertyOp40
 70
     1
102
RTVSPropertyOp41
 70
     1
102
RTVSPropertyOp42
 70
     1
102
RTVSPropertyOp43
 70
     1
102
RTVSPropertyOp44
 70
     1
102
RTVSPropertyOp45
 70
     1
102
RTVSPropertyOp46
 70
     1
102
RTVSPropertyOp47
 70
     1
102
RTVSPropertyOp48
 70
     1
102
RTVSPropertyOp49
 70
     1
102
RTVSPropertyOp50
 70
     1
102
RTVSPropertyOp51
 70
     0
102
RTVSPropertyOp52
 70
     0
102
RTVSPropertyOp53
 70
     1
102
RTVSPropertyOp54
 70
     1
102
RTVSPropertyOp55
 70
     1
102
RTVSPropertyOp56
 70
     1
102
RTVSPropertyOp57
 70
     1
102
RTVSPropertyOp58
 70
     1
102
RTVSPropertyOp59
 70
     1
102
RTVSPropertyOp60
 70
     1
102
RTVSPropertyOp61
 70
     1
102
RTVSPropertyOp62
 70
     1
  0
ENDSEC
  0
EOF
 